Q_lsp,Q_phonon,Q_spp,book,bookname,class,data,div,enz_im,enz_lam,error,has_k,k_600,lam_Qlsp,lam_Qspp,lam_max,lam_metal_onset,lam_min,lam_phonon,n_600,n_enz,n_mir,n_nir,n_vis,name,page,pcm_hint,phonon,plasmonic,rest_band,shelf,vis_metal
88.49189854486087,,4435.109803696284,Ag,Ag (Silver),metal,main/Ag/nk/Johnson.yml,"Experimental data: bulk, thick film",3.777965215078544,0.26734545475091365,,True,4.009659942363112,0.9953425904351665,0.9953425904351665,1.937,0.35534007237708826,0.2,,0.055158501440922186,2,nan,nan,nan,"Johnson and Christy 1972: n,k 0.188–1.94 µm",Johnson,False,False,True,,main,True
,,,Ag,Ag (Silver),metal,main/Ag/nk/Choi.yml,"Experimental data: bulk, thick film",,,,True,,,,6.988,,1.231,,,,nan,nan,nan,"Choi et al. 2020: n,k 1.23–6.99 µm",Choi,False,False,False,,main,True
16.912529271089998,,773.5845589040858,Ag,Ag (Silver),metal,main/Ag/nk/Ferrera-298K.yml,"Experimental data: bulk, thick film",3.830323427046148,0.26923749089244803,,True,3.875119894604768,0.997004007233392,0.997004007233392,1.449249,0.3580172859254302,0.245202,,0.14473461856963615,2,nan,nan,nan,"Ferrera et al. 2019: n,k 0.245–1.45 µm; 298 K",Ferrera-298K,False,False,True,,main,True
16.131131096138315,,759.9277869861443,Ag,Ag (Silver),metal,main/Ag/nk/Ferrera-404K.yml,"Experimental data: bulk, thick film",3.858498074743545,0.26923749089244803,,True,3.9344545094102887,0.997004007233392,0.997004007233392,1.449249,0.356426604827891,0.245202,,0.1410797114178168,2,nan,nan,nan,"Ferrera et al. 2019: n,k 0.245–1.45 µm; 404 K",Ferrera-404K,False,False,True,,main,True
15.122692939623198,,720.0208015728714,Ag,Ag (Silver),metal,main/Ag/nk/Ferrera-501K.yml,"Experimental data: bulk, thick film",3.8854530879015714,0.2704390594109325,,True,3.963659232120452,0.997004007233392,0.997004007233392,1.449249,0.3580172859254302,0.245202,,0.148133008782936,2,nan,nan,nan,"Ferrera et al. 2019: n,k 0.245–1.45 µm; 501 K",Ferrera-501K,False,False,True,,main,True
14.782027722334243,,708.5831316078462,Ag,Ag (Silver),metal,main/Ag/nk/Ferrera-600K.yml,"Experimental data: bulk, thick film",3.8325266363441464,0.27164599035832615,,True,3.9545347741530743,0.997004007233392,0.997004007233392,1.449249,0.3596150660058169,0.245202,,0.14728313801756587,2,nan,nan,nan,"Ferrera et al. 2019: n,k 0.245–1.45 µm; 600 K",Ferrera-600K,False,False,True,,main,True
33.93649518966376,,1161.3410675807004,Ag,Ag (Silver),metal,main/Ag/nk/Jiang.yml,"Experimental data: bulk, thick film",0.294220071449821,0.3315010227743626,,True,3.671,0.5921160640110367,0.998963463014767,2.0,0.37691037807340644,0.3,,0.054,1,nan,nan,nan,"Jiang et al. 2016: n,k 0.300–2.000 µm",Jiang,False,False,True,,main,True
35.44804535990801,,1438.290483459189,Ag,Ag (Silver),metal,main/Ag/nk/Yang.yml,"Experimental data: bulk, thick film",0.550644091520198,0.3237189671453432,,True,3.8897899999999996,0.6842837416624388,0.9948789892072035,24.92,0.3544625333123333,0.27,,0.0563277,1,nan,nan,nan,"Yang et al. 2015: n,k 0.270–24.9 µm",Yang,False,False,True,,main,True
45.173169430465215,,2141.9907529688467,Ag,Ag (Silver),metal,main/Ag/nk/McPeak.yml,"Experimental data: bulk, thick film",0.49862967207458225,0.3258321999961829,,True,4.041936139,0.7606093457892528,0.9959099968665228,1.7,0.35543057656024896,0.3,,0.047410447,1,nan,nan,nan,"McPeak et al. 2015: n,k 0.3–1.7 µm",McPeak,False,False,True,,main,True
53.186339402487945,,2594.684082332016,Ag,Ag (Silver),metal,main/Ag/nk/Babar.yml,"Experimental data: bulk, thick film",3.4519073726882175,0.2670250973650233,,True,3.998054237288135,0.8871681499048943,0.9931881253280276,12.4,0.3522796759659048,0.2066,,0.04920376271186441,2,nan,nan,nan,"Babar and Weaver 2015: n,k 0.207–12.4 µm",Babar,False,False,True,,main,True
73.29411871223238,,3551.985952823895,Ag,Ag (Silver),metal,main/Ag/nk/Wu.yml,"Experimental data: bulk, thick film",0.4113886600378335,0.32777983444965814,,True,4.105774787193973,0.7335815408619206,0.999308,0.999308,0.3543920668500891,0.287493,,0.030473033898305083,1,nan,nan,nan,"Wu et al. 2014: n,k 0.29–1.00 µm",Wu,False,False,True,,main,True
11.404265925945559,,659.7065554532358,Ag,Ag (Silver),metal,main/Ag/nk/Werner.yml,"Experimental data: bulk, thick film",8.836850328677881,0.2525921544330231,,True,4.160281036585365,0.993247986702793,0.9995348937816277,2.479684,0.35290188901352115,0.2,,0.3112474724157956,2,nan,nan,nan,"Werner et al. 2009: n,k 0.0176–2.48 µm",Werner,False,False,True,,main,True
27.33502135643643,,254.46844133760632,Ag,Ag (Silver),other,main/Ag/nk/Stahrenberg.yml,"Experimental data: bulk, thick film",4.115459270333283,0.2775680891645101,,True,nan,0.4771173001167143,0.48038625344940195,0.49594,0.3501010203239332,0.2,,nan,2,nan,nan,nan,"Stahrenberg et al. 2001: n,k 0.128–0.496 µm",Stahrenberg,False,False,True,,main,False
,,,Ag,Ag (Silver),error,main/Ag/nk/Windt.yml,"Experimental data: bulk, thick film",,,range outside 0.2-30 um,,,,,,,,,,,,,,"Windt et al. 1988: n,k 0.0024–0.122 µm",Windt,,,,,main,
13.005419695455084,,661.095379796247,Ag,Ag (Silver),metal,main/Ag/nk/Hagemann.yml,"Experimental data: bulk, thick film",0.4425176316652635,0.3263853410503632,,True,4.005072580645161,0.997985967189926,0.997985967189926,30.0,0.3563753728409641,0.2,,0.2638645161290323,1,nan,nan,nan,"Hagemann et al. 1974: n,k 2.48e-6-248 µm",Hagemann,False,False,True,,main,True
28.477612191055794,,1086.0190358555776,Ag,Ag (Silver),metal,main/Ag/nk/Ciesielski.yml,Experimental data: thin film,3.2324721379457935,0.24099446123068363,,True,3.667252158894646,0.7206880517730477,0.9987509073439029,20.912,0.3666109724656892,0.2,,0.071,2,nan,nan,nan,"Ciesielski et al. 2017: Ag/SiO2; n,k 0.191–20.9 µm",Ciesielski,False,False,True,,main,True
8.94402167538094,,377.2204293605601,Ag,Ag (Silver),metal,main/Ag/nk/Ciesielski-Ge.yml,Experimental data: thin film,3.604646407500532,0.2676434754612043,,True,3.625922279792746,0.8288579764394527,0.9987509073439029,20.912,0.3540154852291702,0.2,,0.31701036269430055,2,nan,nan,nan,"Ciesielski et al. 2017: Ag/Ge/SiO2; n,k 0.191–20.9 µm",Ciesielski-Ge,False,False,True,,main,True
25.458675845983628,,894.8943213762125,Ag,Ag (Silver),metal,main/Ag/nk/Ciesielski-Ni.yml,Experimental data: thin film,3.672299781291467,0.25729683500402456,,True,3.9629170984455957,0.5538657425373221,0.989715579890184,15.811,0.35738465258969954,0.2,,0.07966493955094991,2,nan,nan,nan,"Ciesielski et al. 2017: Ag/Ni/SiO2; n,k 0.191–15.8 µm",Ciesielski-Ni,False,False,True,,main,True
13.758686180378929,,553.2888312387837,Ag,Ag (Silver),metal,main/Ag/nk/Rakic-BB.yml,Models and simulations,4.273927443919583,0.2844536495126027,,True,3.5645603079555173,0.9784143703451509,0.9977893756423184,12.398,0.363464640720364,0.24797,,0.1519147989734816,2,nan,nan,nan,"Rakić et al. 1998: Brendel-Bormann model; n,k 0.248–12.4 µm",Rakic-BB,False,False,True,,main,True
14.671873377639944,,599.7320953966304,Ag,Ag (Silver),metal,main/Ag/nk/Rakic-LD.yml,Models and simulations,5.086489357406605,0.27620874922065086,,True,3.560406330196749,0.9225176095606034,0.9977893756423184,12.398,0.3706621324505866,0.24797,,0.13935865697177074,2,nan,nan,nan,"Rakić et al. 1998: Lorentz-Drude model; n,k 0.248–12.4 µm",Rakic-LD,False,False,True,,main,True
13.361858622368812,,540.0130556985586,Ag,Ag (Silver),metal,main/Ag/nk/Werner-DFT.yml,Models and simulations,5.295555951270672,0.32103322764049025,,True,3.7267178266550514,0.7064530443345176,0.9995348937816277,2.479684,0.4237617098981716,0.2,,0.14289807200929153,2,nan,nan,nan,"Werner et al. 2009: DFT calculations; n,k 0.0176–2.48 µm",Werner-DFT,False,False,True,,main,True
5.667738221779838,,281.43768233515635,Al,Al (Aluminium),metal,main/Al/nk/Rakic.yml,Experimental data,,,,True,7.185496149751597,0.35192800035960925,0.997985967189926,30.0,0.35192800035960925,0.2,,1.2623187366926898,,nan,nan,nan,"Rakić 1995: n,k 0.000124–200 µm",Rakic,False,False,True,,main,True
6.5661077349619985,,233.60052891274356,Al,Al (Aluminium),metal,main/Al/nk/Cheng.yml,Experimental data,,,,True,5.756789621993127,0.35021513277773353,0.99987,0.99987,0.35021513277773353,0.22543,,0.7308194158075599,,nan,nan,nan,"Cheng et al. 2016: n,k 0.225–1.00 µm",Cheng,False,False,True,,main,True
6.40032340085409,,263.5226938727453,Al,Al (Aluminium),metal,main/Al/nk/McPeak.yml,Experimental data,,,,True,6.368986418,0.35124805129966835,0.9996344577733997,1.7,0.35124805129966835,0.2,,0.992465612,,nan,nan,nan,"McPeak et al. 2015: n,k 0.15–1.7 µm",McPeak,False,False,True,,main,True
,,,Al,Al (Aluminium),error,main/Al/nk/Larruquert.yml,Experimental data,,,range outside 0.2-30 um,,,,,,,,,,,,,,"Larruquert et al. 1996: n,k 0.077–0.114 µm",Larruquert,,,,,main,
3.342931354923445,,303.01088027955444,Al,Al (Aluminium),metal,main/Al/nk/Ordal.yml,Experimental data,,,,True,nan,0.9956927660754135,0.9956927660754135,30.0,0.667,0.667,,nan,,nan,nan,nan,"Ordal et al. 1988: n,k 0.667–200 µm",Ordal,False,False,True,,main,True
5.2443115237037565,,349.1834724526949,Al,Al (Aluminium),metal,main/Al/nk/Hagemann.yml,Experimental data,,,,True,7.060137096774193,0.35192800035960925,0.997985967189926,30.0,0.35192800035960925,0.2,,1.2083879032258065,,nan,nan,nan,"Hagemann et al. 1974: n,k 0.0000103–1240 µm",Hagemann,False,False,True,,main,True
3.6813378388965154,,270.9784850829672,Al,Al (Aluminium),metal,main/Al/nk/Mathewson.yml,Experimental data,,,,True,7.032776666666666,0.49594,0.9973940931501064,1.7712,0.49594,0.49594,,1.2769233333333332,,nan,nan,nan,"Mathewson and Myers 1971: n,k 0.496–1.77 µm",Mathewson,False,False,True,,main,True
5.899058180184272,,244.78065199066506,Al,Al (Aluminium),metal,main/Al/nk/Rakic-BB.yml,Models and simulations,,,,True,6.926244928115016,0.35192800035960925,0.997985967189926,30.0,0.35192800035960925,0.2,,1.1419285143769968,,nan,nan,nan,"Rakić et al. 1998: Brendel-Bormann model; n,k 0.0620–248 µm",Rakic-BB,False,False,True,,main,True
5.880612951237504,,253.88541885426915,Al,Al (Aluminium),metal,main/Al/nk/Rakic-LD.yml,Models and simulations,,,,True,6.9762,0.35192800035960925,0.997985967189926,30.0,0.35192800035960925,0.2,,1.1893076305220882,,nan,nan,nan,"Rakić et al. 1998: Lorentz-Drude model; n,k 0.0620–248 µm",Rakic-LD,False,False,True,,main,True
,,,BeAl2O4,"BeAl2O4 (Beryllium aluminate, chrysoberyl)",transparent dielectric,main/BeAl2O4/nk/Walling-alpha.yml,Al - Aluminium and aluminates,,,,False,,,,2.6,,0.25,,,,1.7126727939678335,1.735084804063346,1.7598567910704281,Walling et al. 1980: n(α) 0.25–2.6 µm,Walling-α,False,False,False,,main,False
,,,BeAl2O4,"BeAl2O4 (Beryllium aluminate, chrysoberyl)",transparent dielectric,main/BeAl2O4/nk/Walling-beta.yml,Al - Aluminium and aluminates,,,,False,,,,2.6,,0.25,,,,1.7178323355038132,1.7405320047894615,1.7658202996753125,Walling et al. 1980: n(β) 0.25–2.6 µm,Walling-β,False,False,False,,main,False
,,,BeAl2O4,"BeAl2O4 (Beryllium aluminate, chrysoberyl)",transparent dielectric,main/BeAl2O4/nk/Walling-gamma.yml,Al - Aluminium and aluminates,,,,False,,,,2.6,,0.25,,,,1.7100942251211302,1.7331956788773821,1.757531820811385,Walling et al. 1980: n(γ) 0.25–2.6 µm,Walling-γ,False,False,False,,main,False
,,,BeAl6O10,"BeAl6O10 (Beryllium hexaaluminate, BHA)",transparent dielectric,main/BeAl6O10/nk/Pestryakov-alpha.yml,Al - Aluminium and aluminates,,,,False,,,,1.1,,0.43,,,,nan,1.7337337364865157,1.7557894875975062,Pestryakov et al. 1997: n(α) 0.43–1.1 µm,Pestryakov-α,False,False,False,,main,False
,,,BeAl6O10,"BeAl6O10 (Beryllium hexaaluminate, BHA)",transparent dielectric,main/BeAl6O10/nk/Pestryakov-beta.yml,Al - Aluminium and aluminates,,,,False,,,,1.1,,0.43,,,,nan,1.7381951953645443,1.760222174844862,Pestryakov et al. 1997: n(β) 0.43–1.1 µm,Pestryakov-β,False,False,False,,main,False
,,,BeAl6O10,"BeAl6O10 (Beryllium hexaaluminate, BHA)",transparent dielectric,main/BeAl6O10/nk/Pestryakov-gamma.yml,Al - Aluminium and aluminates,,,,False,,,,1.1,,0.43,,,,nan,1.731826522460646,1.7536745696940803,Pestryakov et al. 1997: n(γ) 0.43–1.1 µm,Pestryakov-γ,False,False,False,,main,False
,,,CaGdAlO4,"CaGdAlO4 (Calcium gadolinium aluminate, CALGO)",transparent dielectric,main/CaGdAlO4/nk/Loiko-o.yml,Al - Aluminium and aluminates,,,,False,,,,2.1,,0.35,,,,1.9008508051116462,1.9246891281399792,1.9827618779518454,Loiko et al. 2017: n(o) 0.35–2.1 µm,Loiko-o,False,False,False,,main,False
,,,CaGdAlO4,"CaGdAlO4 (Calcium gadolinium aluminate, CALGO)",transparent dielectric,main/CaGdAlO4/nk/Loiko-e.yml,Al - Aluminium and aluminates,,,,False,,,,2.1,,0.35,,,,1.9235085885976224,1.948271615472391,2.0044416452923977,Loiko et al. 2017: n(e) 0.35–2.1 µm,Loiko-e,False,False,False,,main,False
,,,CaYAlO4,"CaYAlO4 (Calcium yttrium aluminate, CALYO)",transparent dielectric,main/CaYAlO4/nk/Loiko-o.yml,Al - Aluminium and aluminates,,,,False,,,,2.1,,0.35,,,,1.8695497607964178,1.8929019256623705,1.9469165658706011,Loiko et al. 2017: n(o) 0.35–2.1 µm,Loiko-o,False,False,False,,main,False
,,,CaYAlO4,"CaYAlO4 (Calcium yttrium aluminate, CALYO)",transparent dielectric,main/CaYAlO4/nk/Loiko-e.yml,Al - Aluminium and aluminates,,,,False,,,,2.1,,0.35,,,,1.8916033824913496,1.9158288617025931,1.968043745924623,Loiko et al. 2017: n(e) 0.35–2.1 µm,Loiko-e,False,False,False,,main,False
,,,MgAl2O4,"MgAl2O4 (Magnesium aluminate, spinel)",transparent dielectric,main/MgAl2O4/nk/Tropf.yml,Al - Aluminium and aluminates,,,,False,,,,5.5,,0.35,,,,1.687652115417741,1.7074818153052025,1.7364653075234975,Tropf and Thomas 1991: n 0.35–5.5 µm,Tropf,False,False,False,,main,False
,,,MgAl2O4,"MgAl2O4 (Magnesium aluminate, spinel)",transparent dielectric,main/MgAl2O4/nk/Chernova.yml,Al - Aluminium and aluminates,,,,True,8.058025021496131e-13,,,1.6755,,0.2,,1.7126901117798796,,nan,1.7056873692337375,1.7331158751625606,"Chernova et al. 2017: n,k 0.14–1.67 µm",Chernova,False,False,False,,main,False
,,,LaAlO3,LaAlO3 (Lanthanum aluminate),transparent dielectric,main/LaAlO3/nk/Chernova.yml,Al - Aluminium and aluminates,,,,True,5.564860017196905e-23,,,1.6755,,0.2,,2.0600102321582114,,nan,2.0451622239378904,2.104916512873889,"Chernova et al. 2017: n,k 0.14–1.67 µm",Chernova,False,False,False,,main,False
,,,Ar,Ar (Argon),transparent dielectric,main/Ar/nk/Bideau-Mehu.yml,Gas,,,,False,,,,0.5677,,0.2,,,,nan,nan,1.0002869949262343,Bideau-Mehu et al. 1981: n 0.140–0.568 µm,Bideau-Mehu,False,False,False,,main,False
,,,Ar,Ar (Argon),transparent dielectric,main/Ar/nk/Borzsonyi.yml,Gas,,,,False,,,,1.0,,0.4,,,,nan,1.00027614500698,1.000283190794523,Börzsönyi et al. 2008: n 0.4–1.0 µm,Borzsonyi,False,False,False,,main,False
,,,Ar,Ar (Argon),transparent dielectric,main/Ar/nk/Peck-0C.yml,Gas,,,,False,,,,2.0587,,0.4679,,,,1.0002778331619402,1.0002797605094016,1.0002843371770036,Peck and Fisher 1964: n 0.47–2.06 µm; 0 °C,Peck-0C,True,False,False,,main,False
,,,Ar,Ar (Argon),transparent dielectric,main/Ar/nk/Peck-15C.yml,Gas,,,,False,,,,2.0587,,0.4679,,,,1.0002633177314246,1.000265144383715,1.0002694819411735,Peck and Fisher 1964: n 0.47–2.06 µm; 15 °C,Peck-15C,True,False,False,,main,False
,,,Ar,Ar (Argon),transparent dielectric,main/Ar/nk/Larsen.yml,Gas,,,,False,,,,0.56774,,0.230283,,,,nan,nan,1.0002870744033134,Larsén 1934: n 0.230–0.568 µm,Larsen,False,False,False,,main,False
,,,Ar,Ar (Argon),transparent dielectric,main/Ar/nk/Cuthbertson.yml,Gas,,,,False,,,,0.6708,,0.48,,,,nan,nan,1.0002837939883018,Cuthbertson and Cuthbertson 1910: n 0.480–0.671 µm,Cuthbertson,False,False,False,,main,False
,,,Ar,Ar (Argon),transparent dielectric,main/Ar/nk/Sinnock-liquid-90K.yml,Liquid,,,,False,,,,0.6439,,0.3612,,,,nan,nan,1.2311321441026006,Sinnock and Smith 1969: Liquid at 90 K; n 0.361–0.644 µm,Sinnock-liquid-90K,False,False,False,,main,False
,,,Ar,Ar (Argon),transparent dielectric,main/Ar/nk/Sinnock-liquid-88K.yml,Liquid,,,,False,,,,0.6439,,0.3612,,,,nan,nan,1.2328888209587832,Sinnock and Smith 1969: Liquid at 88 K; n 0.361–0.644 µm,Sinnock-liquid-88K,False,False,False,,main,False
,,,Ar,Ar (Argon),transparent dielectric,main/Ar/nk/Sinnock-liquid-86K.yml,Liquid,,,,False,,,,0.6439,,0.3612,,,,nan,nan,1.2349888209587832,Sinnock and Smith 1969: Liquid at 86 K; n 0.361–0.644 µm,Sinnock-liquid-86K,False,False,False,,main,False
,,,Ar,Ar (Argon),transparent dielectric,main/Ar/nk/Sinnock-liquid-83.81K.yml,Liquid,,,,False,,,,0.6439,,0.3612,,,,nan,nan,1.2374888209587833,Sinnock and Smith 1969: Liquid at 83.81 K; n 0.361–0.644 µm,Sinnock-liquid-83.81K,False,False,False,,main,False
,,,Ar,Ar (Argon),transparent dielectric,main/Ar/nk/Grace-liquid-90K.yml,Liquid,,,,False,,,,0.66,,0.2,,,,nan,nan,1.2275947725892282,Grace et al 2017: Liquid at 90 K; n 0.117–0.660 µm,Grace-liquid-90K,False,False,False,,main,False
,,,Ar,Ar (Argon),transparent dielectric,main/Ar/nk/Grace-liquid-83.81K.yml,Liquid,,,,False,,,,0.66,,0.2,,,,nan,nan,1.2371262964999465,Grace et al 2017: Liquid at 83.81 K; n 0.117–0.660 µm,Grace-liquid-83.81K,False,False,False,,main,False
,,,Ar,Ar (Argon),transparent dielectric,main/Ar/nk/Sinnock-solid-83.81K.yml,Solid,,,,False,,,,0.6439,,0.3612,,,,nan,nan,1.2731177030546614,Sinnock and Smith 1969: Solid at 83.81 K; n 0.361–0.644 µm,Sinnock-solid-83.81K,False,False,False,,main,False
,,,Ar,Ar (Argon),transparent dielectric,main/Ar/nk/Sinnock-solid-80K.yml,Solid,,,,False,,,,0.6439,,0.3612,,,,nan,nan,1.2751321441026007,Sinnock and Smith 1969: Solid at 80 K; n 0.361–0.644 µm,Sinnock-solid-80K,False,False,False,,main,False
,,,Ar,Ar (Argon),transparent dielectric,main/Ar/nk/Sinnock-solid-70K.yml,Solid,,,,False,,,,0.6439,,0.3612,,,,nan,nan,1.2800321441026008,Sinnock and Smith 1969: Solid at 70 K; n 0.361–0.644 µm,Sinnock-solid-70K,False,False,False,,main,False
,,,Ar,Ar (Argon),transparent dielectric,main/Ar/nk/Sinnock-solid-60K.yml,Solid,,,,False,,,,0.6439,,0.3612,,,,nan,nan,1.2844177030546615,Sinnock and Smith 1969: Solid at 60 K; n 0.361–0.644 µm,Sinnock-solid-60K,False,False,False,,main,False
,,,Ar,Ar (Argon),transparent dielectric,main/Ar/nk/Sinnock-solid-50K.yml,Solid,,,,False,,,,0.6439,,0.3612,,,,nan,nan,1.2881177030546616,Sinnock and Smith 1969: Solid at 50 K; n 0.361–0.644 µm,Sinnock-solid-50K,False,False,False,,main,False
,,,Ar,Ar (Argon),transparent dielectric,main/Ar/nk/Sinnock-solid-40K.yml,Solid,,,,False,,,,0.6439,,0.3612,,,,nan,nan,1.2912177030546614,Sinnock and Smith 1969: Solid at 40 K; n 0.361–0.644 µm,Sinnock-solid-40K,False,False,False,,main,False
,,,Ar,Ar (Argon),transparent dielectric,main/Ar/nk/Sinnock-solid-30K.yml,Solid,,,,False,,,,0.6439,,0.3612,,,,nan,nan,1.2937177030546616,Sinnock and Smith 1969: Solid at 30 K; n 0.361–0.644 µm,Sinnock-solid-30K,False,False,False,,main,False
,,,Ar,Ar (Argon),transparent dielectric,main/Ar/nk/Sinnock-solid-20K.yml,Solid,,,,False,,,,0.6439,,0.3612,,,,nan,nan,1.2953177030546614,Sinnock and Smith 1969: Solid at 20 K; n 0.361–0.644 µm,Sinnock-solid-20K,False,False,False,,main,False
,,,Ar,Ar (Argon),transparent dielectric,main/Ar/nk/Grace-solid-83.81K.yml,Solid,,,,False,,,,0.66,,0.2,,,,nan,nan,1.2696103829752905,Grace et al 2017: Solid at 83.81 K; n 0.117–0.660 µm,Grace-solid-83.81K,False,False,False,,main,False
,,,Ar,Ar (Argon),transparent dielectric,main/Ar/nk/Grace-solid-20K.yml,Solid,,,,False,,,,0.66,,0.2,,,,nan,nan,1.3124853572780593,Grace et al 2017: Solid at 20 K; n 0.117–0.660 µm,Grace-solid-20K,False,False,False,,main,False
,,,AlAs,AlAs (Aluminium arsenide),transparent dielectric,main/AlAs/nk/Fern.yml,Experimental data,,,,False,,,,2.2,,0.56,,,,2.8768097314229872,3.0032564262853954,3.198953343518824,Fern and Onton 1971: n 0.56–2.2 µm,Fern,False,False,False,,main,False
,,,AlAs,AlAs (Aluminium arsenide),transparent dielectric,main/AlAs/nk/Gadras.yml,Experimental data,,,,True,0.0029669545101020226,,,1.399642,,0.4502291,,3.2474095045009004,,nan,3.06544312028622,3.174465703018433,"Gadras et al. 2025: n,k 0.450–1.40 µm; 600 °C",Gadras,False,False,False,,main,False
,,,AlAs,AlAs (Aluminium arsenide),transparent dielectric,main/AlAs/nk/Rakic.yml,Models and simulations,28.97327038605859,0.25602872044418723,,True,0.0015065310719131618,,,2.4797,,0.2214,,3.1626234735413843,1,2.8733528876325676,3.0126350777250197,3.127839537673431,"Rakić and Majewski 1996: n,k 0.221–2.48 µm",Rakic,False,False,False,,main,False
,,,GaAs,GaAs (Gallium arsenide),other,main/GaAs/nk/Aspnes.yml,Experimental data,25.01786111954914,0.26167060768987493,,True,0.23056271186440683,,,0.8266,,0.2066,,3.9198237288135593,1,nan,nan,nan,"Aspnes et al. 1986: n,k 0.207–0.827 µm",Aspnes,False,False,False,,main,False
,,,GaAs,GaAs (Gallium arsenide),transparent dielectric,main/GaAs/nk/Franta-300K.yml,Experimental data,,,,True,,,,30.0,,0.895234,,,,3.3390927147554796,3.5988976467,nan,"Franta et al. 2026: n,k 0.895–400 µm; 300 K",Franta-300K,False,False,False,,main,False
,,,GaAs,GaAs (Gallium arsenide),transparent dielectric,main/GaAs/nk/Franta-370K.yml,Experimental data,,,,True,,,,30.0,,0.922322,,,,3.3538502975703333,3.59923385956,nan,"Franta et al. 2026: n,k 0.922–400 µm; 370 K",Franta-370K,False,False,False,,main,False
,,,GaAs,GaAs (Gallium arsenide),transparent dielectric,main/GaAs/nk/Franta-440K.yml,Experimental data,,,,True,,,,30.0,,0.952058,,,,3.3691739328456367,3.59997374754,nan,"Franta et al. 2026: n,k 0.952–400 µm; 440 K",Franta-440K,False,False,False,,main,False
,,,GaAs,GaAs (Gallium arsenide),absorber (visible),main/GaAs/nk/Gadras.yml,Experimental data,,,,True,0.37112047763552714,,,1.399642,,0.4502291,,4.199151638927786,,nan,3.6679040460144474,nan,"Gadras et al. 2025: n,k 0.450–1.40 µm; 600 °C",Gadras,False,False,False,,main,False
,,,GaAs,GaAs (Gallium arsenide),transparent dielectric,main/GaAs/nk/Perner.yml,Experimental data,,,,False,,,,7.1,,2.0,,,,3.328723191454776,3.328723191454776,nan,Perner et al. 2023: n 2.0–7.1 µm,Perner,False,False,False,,main,False
,,,GaAs,GaAs (Gallium arsenide),transparent dielectric,main/GaAs/nk/Papatryfonos.yml,Experimental data,25.45494913113818,0.2617830880664714,,True,0.23003345423143348,,,1.87868,,0.26049,,3.872012884283247,1,nan,3.533601936933021,nan,"Papatryfonos et al. 2021: n,k 0.260–1.88 µm",Papatryfonos,False,False,False,,main,False
,,,GaAs,GaAs (Gallium arsenide),transparent dielectric,main/GaAs/nk/Skauli.yml,Experimental data,,,,False,,,,17.0,,0.97,,,,3.3384082391757324,3.5227395000888895,nan,Skauli et al. 2003: n 0.97–17 µm,Skauli,False,False,False,,main,False
,,,GaAs,GaAs (Gallium arsenide),other,main/GaAs/nk/Jellison.yml,Experimental data,27.733554310192567,0.2592580335466639,,True,0.214,,,0.84,,0.234,,3.912,1,nan,nan,nan,"Jellison 1992: n,k 0.234–0.840 µm",Jellison,False,False,False,,main,False
,,,GaAs,GaAs (Gallium arsenide),transparent dielectric,main/GaAs/nk/Kachare.yml,Experimental data,,,,False,,,,11.0,,1.4,,,,3.363588927758359,3.419167917771037,nan,Kachare et al. 1976: n 1.4–11 µm,Kachare,False,False,False,,main,False
,,,GaAs,GaAs (Gallium arsenide),other,main/GaAs/nk/Adachi.yml,Models and simulations,23.920139529029917,0.26164565812784724,,True,0.23198745624270709,,,12.398,,0.20664,,3.7626527421236875,1,nan,nan,nan,"Adachi 1989: n,k 0.207–12.4 µm",Adachi,False,False,False,,main,False
,,,GaAs,GaAs (Gallium arsenide),transparent dielectric,main/GaAs/nk/Rakic.yml,Models and simulations,24.73671426054317,0.26164565812784724,,True,0.2197901050175029,,,12.398,,0.20664,,3.8539938156359392,1,3.2867868473808786,nan,nan,"Rakić and Majewski 1996: n,k 0.207–12.4 µm",Rakic,False,False,False,,main,False
,,,GaAs,GaAs (Gallium arsenide),absorber (visible),main/GaAs/nk/Ozaki.yml,Models and simulations,22.439031807824932,0.26037505995572097,,True,0.33835682352941177,,,1.0332,,0.2214,,3.816490588235294,1,nan,nan,nan,"Ozaki and Adachi 1995: n,k 0.221–1.03 µm",Ozaki,False,False,False,,main,False
,,,InAs,InAs (Indium arsenide),absorber (visible),main/InAs/nk/Aspnes.yml,Experimental data,22.089467263584808,0.27663167969415436,,True,0.6866169491525425,,,0.8266,,0.2066,,4.05773559322034,1,nan,nan,nan,"Aspnes and Studna 1983: n,k 0.21–0.83 µm",Aspnes,False,False,False,,main,False
,,,InAs,InAs (Indium arsenide),transparent dielectric,main/InAs/nk/Lorimor.yml,Experimental data,,,,False,,,,30.0,,3.7,,,,3.5263461562407716,nan,nan,Lorimor and Spitzer 1965: n 3.7–31.3 µm,Lorimor,False,False,False,,main,False
,,,InAs,InAs (Indium arsenide),absorber (visible),main/InAs/nk/Adachi.yml,Models and simulations,22.018262876389418,0.2754203042993932,,True,0.6565597666277713,,,12.398,,0.20664,,3.9974022170361723,1,3.4688433498954776,nan,nan,"Adachi 1989: n,k 0.207–12.4 µm",Adachi,False,False,False,,main,False
,,,CdGeAs2,CdGeAs2 (Cadmium germanium arsenide),transparent dielectric,main/CdGeAs2/nk/Boyd-o.yml,As - Arsenides,,,,False,,,,11.5,,2.4,,,,3.5962747497536567,nan,nan,Boyd et al. 1972: n(o) 2.4–11.5 µm,Boyd-o,False,False,False,,main,False
,,,CdGeAs2,CdGeAs2 (Cadmium germanium arsenide),transparent dielectric,main/CdGeAs2/nk/Boyd-e.yml,As - Arsenides,,,,False,,,,11.5,,2.4,,,,3.752322590840836,nan,nan,Boyd et al. 1972: n(e) 2.4–11.5 µm,Boyd-e,False,False,False,,main,False
,,,ZnSiAs2,ZnSiAs2 (Zinc silicon arsenide),transparent dielectric,main/ZnSiAs2/nk/Boyd-o.yml,As - Arsenides,,,,False,,,,11.5,,0.7,,,,3.2397944733782635,3.451105047650826,3.5570517325023,Boyd et al. 1972: n(o) 0.7–11.5 µm,Boyd-o,False,False,False,,main,False
,,,ZnSiAs2,ZnSiAs2 (Zinc silicon arsenide),transparent dielectric,main/ZnSiAs2/nk/Boyd-e.yml,As - Arsenides,,,,False,,,,11.5,,0.7,,,,3.2689647881843236,3.500085814462469,3.61997658671957,Boyd et al. 1972: n(e) 0.7–11.5 µm,Boyd-e,False,False,False,,main,False
16.602498288459596,,590.1315621202134,Au,Au (Gold),metal,main/Au/nk/Johnson.yml,"Experimental data: bulk, thick film",3.3910974431755205,0.20694672667549596,,True,3.0739827089337175,0.8882680374554957,0.9953425904351665,1.937,0.4859288745695096,0.2,,0.24873198847262248,1,nan,nan,nan,"Johnson and Christy 1972: n,k 0.188–1.937 µm",Johnson,False,False,True,,main,True
17.808945439627973,,174.48199735048482,Au,Au (Gold),absorber (visible),main/Au/nk/Chen.yml,"Experimental data: bulk, thick film",,,,True,3.131318,0.6,0.6,0.6,0.4772407457698058,0.21,,0.087845,,nan,nan,nan,"Chen et al. 2025: n,k 0.210–0.600 µm",Chen,False,False,True,,main,False
19.26524964780554,,815.5480555982563,Au,Au (Gold),metal,main/Au/nk/Magnozzi-25C.yml,"Experimental data: bulk, thick film",,,,True,3.1408663125,0.8558855636385734,0.9936137923710934,1.4492,0.4923426350214256,0.25157,,0.2062841375,,nan,nan,nan,"Magnozzi et al. 2019: n,k 0.252–1.45 µm; 25 °C",Magnozzi-25C,True,False,True,,main,True
15.372458201928744,,638.4444023631554,Au,Au (Gold),metal,main/Au/nk/Magnozzi-225C.yml,"Experimental data: bulk, thick film",,,,True,3.1547227374999998,0.852137666526748,0.9936137923710934,1.4492,0.48590305552567875,0.25157,,0.234385275,,nan,nan,nan,"Magnozzi et al. 2019: n,k 0.252–1.45 µm; 225 °C",Magnozzi-225C,True,False,True,,main,True
12.164291039307056,,518.4930726547482,Au,Au (Gold),metal,main/Au/nk/Magnozzi-350C.yml,"Experimental data: bulk, thick film",,,,True,3.1850646124999997,0.852137666526748,0.9936137923710934,1.4492,0.4774477773518495,0.25157,,0.2737278125,,nan,nan,nan,"Magnozzi et al. 2019: n,k 0.252–1.45 µm; 350 °C",Magnozzi-350C,True,False,True,,main,True
26.48718619722829,,1233.2254217817635,Au,Au (Gold),metal,main/Au/nk/McPeak.yml,"Experimental data: bulk, thick film",,,,True,3.241703491,0.9618686668313542,0.9959099968665228,1.7,0.49030880413743205,0.3,,0.188789629,,nan,nan,nan,"McPeak et al. 2015: n,k 0.3–1.7 µm",McPeak,False,False,True,,main,True
32.282068742715964,,1294.9484192120578,Au,Au (Gold),metal,main/Au/nk/Babar.yml,"Experimental data: bulk, thick film",3.0071744129406373,0.21525725589085273,,True,2.985437288135593,0.9931881253280276,0.9931881253280276,12.4,0.4993685514556744,0.2066,,0.1671352542372882,1,nan,nan,nan,"Babar and Weaver 2015: n,k 0.2066–12.40 µm",Babar,False,False,True,,main,True
21.46924804412673,,912.1303609041912,Au,Au (Gold),metal,main/Au/nk/Olmon-ev.yml,"Experimental data: bulk, thick film",,,,True,3.122,0.9184072392193289,0.992458851098782,24.93,0.49387564603310746,0.3,,0.2041,,nan,nan,nan,"Olmon et al. 2012: Evaporated gold; n,k 0.300–24.93 µm",Olmon-ev,False,False,True,,main,True
21.865085207831388,,885.9602754563526,Au,Au (Gold),metal,main/Au/nk/Olmon-sc.yml,"Experimental data: bulk, thick film",,,,True,3.026,0.9707121130457332,0.992458851098782,24.93,0.49387564603310746,0.3,,0.2184,,nan,nan,nan,"Olmon et al. 2012: Single-crystal gold; n,k 0.300–24.93 µm",Olmon-sc,True,False,True,,main,True
19.24133194417513,,861.8102064970694,Au,Au (Gold),metal,main/Au/nk/Olmon-ts.yml,"Experimental data: bulk, thick film",,,,True,3.203,0.9286377378115932,0.992458851098782,24.93,0.49387564603310746,0.3,,0.2228,,nan,nan,nan,"Olmon et al. 2012: Template-stripped gold; n,k 0.300–24.9 µm",Olmon-ts,False,False,True,,main,True
6.373626025320281,,403.80662191004893,Au,Au (Gold),metal,main/Au/nk/Werner.yml,"Experimental data: bulk, thick film",,,,True,4.182909750290359,0.8271608372793305,0.9995348937816277,2.479684,0.4003679585333421,0.2,,0.4861336628919861,,nan,nan,nan,"Werner et al. 2009: n,k 0.0176–2.48 µm",Werner,False,False,True,,main,True
,,,Au,Au (Gold),error,main/Au/nk/Windt.yml,"Experimental data: bulk, thick film",,,range outside 0.2-30 um,,,,,,,,,,,,,,"Windt et al. 1988: n,k 0.0024–0.122 µm",Windt,,,,,main,
14.806552900523094,,674.9441050957655,Au,Au (Gold),metal,main/Au/nk/Ordal.yml,"Experimental data: bulk, thick film",,,,True,nan,0.9956927660754135,0.9956927660754135,30.0,0.667,0.667,,nan,,nan,nan,nan,"Ordal et al. 1987: n,k 0.667–286 µm",Ordal,False,False,True,,main,True
8.051923357895966,,335.675737588365,Au,Au (Gold),metal,main/Au/nk/Hagemann.yml,"Experimental data: bulk, thick film",5.2866265620145585,0.24450728345166833,,True,3.073179396092362,0.997985967189926,0.997985967189926,30.0,0.5002210694728988,0.2,,0.5315364120781528,3,nan,nan,nan,"Hagemann et al. 1974: n,k 0.000008266–248 µm",Hagemann,False,False,True,,main,True
12.43275443110349,,346.04652341692406,Au,Au (Gold),metal,main/Au/nk/Hagemann-2.yml,"Experimental data: bulk, thick film",4.034154035751367,0.21782042018010306,,True,3.0825754884547067,0.8266,0.8266,0.8266,0.4935592564407689,0.2,,0.2860017761989343,3,nan,nan,nan,"Hagemann et al. 1974 #2: n,k 0.00354–0.827 µm",Hagemann-2,False,False,True,,main,True
13.834347225823981,,592.5257828648033,Au,Au (Gold),metal,main/Au/nk/Yakubovsky-25nm.yml,Experimental data: thin film,,,,True,3.18419893,0.8298835783825789,0.998963463014767,2.0,0.4757949968188765,0.3,,0.277677889,,nan,nan,nan,"Yakubovsky et al. 2017: 25-nm film; n,k 0.30–2.0 µm",Yakubovsky-25nm,False,False,True,,main,True
16.248803181252228,,744.8823418521089,Au,Au (Gold),metal,main/Au/nk/Yakubovsky-53nm.yml,Experimental data: thin film,,,,True,3.23340936,0.8786104839997767,0.998963463014767,2.0,0.48493062003300835,0.3,,0.240756225,,nan,nan,nan,"Yakubovsky et al. 2017: 53-nm film; n,k 0.30–2.0 µm",Yakubovsky-53nm,False,False,True,,main,True
20.295252655540235,,887.6690241377062,Au,Au (Gold),metal,main/Au/nk/Yakubovsky-117nm.yml,Experimental data: thin film,,,,True,3.16688023,0.8786104839997767,0.998963463014767,2.0,0.4895640017140631,0.3,,0.203958032,,nan,nan,nan,"Yakubovsky et al. 2017: 117-nm film; n,k 0.30–2.0 µm",Yakubovsky-117nm,False,False,True,,main,True
3.7866636114445518,,43.00448907663099,Au,Au (Gold),metal,main/Au/nk/Rosenblatt-11nm.yml,Experimental data: thin film,,,,True,3.20564914,0.5513569213342044,0.998963463014767,2.0,0.3841473419393493,0.3,,0.477248056,,nan,nan,nan,"Rosenblatt et al. 2020: 11-nm film; n,k 0.25–2.0 µm",Rosenblatt-11nm,False,False,True,,main,True
20.815087618537223,,870.5094262251331,Au,Au (Gold),metal,main/Au/nk/Rosenblatt-21nm.yml,Experimental data: thin film,,,,True,3.01283998,0.9040365438281454,0.998963463014767,2.0,0.48263039962084764,0.3,,0.215794167,,nan,nan,nan,"Rosenblatt et al. 2020: 21-nm film; n,k 0.30–2.0 µm",Rosenblatt-21nm,False,False,True,,main,True
20.01278939164184,,762.9828527135664,Au,Au (Gold),metal,main/Au/nk/Rosenblatt-44nm.yml,Experimental data: thin film,,,,True,3.04043777,0.8118291905113271,1.0,2.0,0.49224334585541885,0.25,,0.225824859,,nan,nan,nan,"Rosenblatt et al. 2020: 44-nm film; n,k 0.30–2.0 µm",Rosenblatt-44nm,False,False,True,,main,True
2.9172795135308234,,75.72730795657482,Au,Au (Gold),metal,main/Au/nk/Yakubovsky-4nm.yml,Experimental data: thin film,4.853903565021079,0.3054578389634601,,True,2.459,0.7000550673765573,0.9979817527728957,3.3,0.4881258413954967,0.3,,0.581,2,nan,nan,nan,"Yakubovsky et al. 2019: 4-nm film; n,k 0.30–3.3 µm",Yakubovsky-4nm,False,False,True,,main,True
5.2067274033401,,150.48691939296498,Au,Au (Gold),metal,main/Au/nk/Yakubovsky-6nm.yml,Experimental data: thin film,3.9499426531041366,0.3054578389634601,,True,2.547,0.9860582867167913,0.9920021054987038,3.3,0.5121673079649555,0.3,,0.588,3,nan,nan,nan,"Yakubovsky et al. 2019: 6-nm film; n,k 0.30–3.3 µm",Yakubovsky-6nm,False,False,True,,main,True
7.42763520482628,,267.3447032859976,Au,Au (Gold),metal,main/Au/nk/Yakubovsky-9nm.yml,Experimental data: thin film,6.885927552548496,0.3362880094678154,,True,2.945,0.9860582867167913,0.9920021054987038,3.3,0.5000020981312583,0.3,,0.313,2,nan,nan,nan,"Yakubovsky et al. 2019: 9-nm film; n,k 0.30–3.3 µm",Yakubovsky-9nm,False,False,True,,main,True
10.119599323673219,,393.18524568498606,Au,Au (Gold),metal,main/Au/nk/Ciesielski.yml,Experimental data: thin film,,,,True,2.928896373056994,0.9987509073439029,0.9987509073439029,20.912,0.5021740391789244,0.2,,0.3790207253886011,,nan,nan,nan,"Ciesielski et al. 2018: Au/SiO2; n,k 0.191–20.9 µm",Ciesielski,False,False,True,,main,True
6.239053320890583,,279.62646933881626,Au,Au (Gold),metal,main/Au/nk/Ciesielski-Ge.yml,Experimental data: thin film,3.6053633120658555,0.20471616107039078,,True,3.3422262521588944,0.8993061998026906,0.9987509073439029,20.912,0.4417560689531288,0.2,,0.4130103626943005,1,nan,nan,nan,"Ciesielski et al. 2018: Au/Ge/SiO2 n,k 0.191–20.9 µm",Ciesielski-Ge,False,False,True,,main,True
4.508812347077344,,178.97503620762848,Au,Au (Gold),metal,main/Au/nk/Lemarchand-3.96nm.yml,Experimental data: thin film,7.28104124084958,0.37529258936406007,,True,3.00863945,0.9967751699234826,0.9967751699234826,1.8,0.47811851360806573,0.35,,0.76357389,1,nan,nan,nan,"Lemarchand 2013: 3.96-nm film; n,k 0.35–1.8 µm",Lemarchand-3.96nm,False,False,True,,main,True
5.729779831885473,,259.6791090802953,Au,Au (Gold),metal,main/Au/nk/Lemarchand-4.62nm.yml,Experimental data: thin film,7.478575864110428,0.38781957612617685,,True,3.16163008,0.9967751699234826,0.9967751699234826,1.8,0.48205933278507734,0.35,,0.58596345,1,nan,nan,nan,"Lemarchand 2013: 4.62-nm film; n,k 0.35–1.8 µm",Lemarchand-4.62nm,False,False,True,,main,True
5.977928485183366,,263.66157078889864,Au,Au (Gold),metal,main/Au/nk/Lemarchand-5.77nm.yml,Experimental data: thin film,7.159897375457774,0.3783858814894694,,True,3.11111932,0.9606274779549933,0.9967751699234826,1.8,0.4840419062934541,0.35,,0.54706932,1,nan,nan,nan,"Lemarchand 2013: 5.77-nm film; n,k 0.35–1.8 µm",Lemarchand-5.77nm,False,False,True,,main,True
8.286338691278914,,366.7702281875602,Au,Au (Gold),metal,main/Au/nk/Lemarchand-11.7nm.yml,Experimental data: thin film,6.835823099965467,0.3602013329236544,,True,3.16901434,0.8776891387497834,0.9967751699234826,1.8,0.48008487964327423,0.35,,0.39186057,1,nan,nan,nan,"Lemarchand 2013: 11.7-nm film; n,k 0.35–1.8 µm",Lemarchand-11.7nm,False,False,True,,main,True
6.529572366518685,,188.1670709821291,Au,Au (Gold),metal,main/Au/nk/Klinavicius-7.2nm.yml,Experimental data: nanoparticles,,,,True,2.9744361,0.8623957099794323,0.9,0.9,0.476396986075933,0.4,,0.4121359,,nan,nan,nan,"Klinavičius 2025: R=7.2 nm; n,k 0.4–0.9 µm",Klinavicius-7.2nm,False,False,True,,main,True
6.407747806516311,,197.80832739567086,Au,Au (Gold),metal,main/Au/nk/Klinavicius-11.4nm.yml,Experimental data: nanoparticles,,,,True,3.077796,0.8801024236388053,0.9,0.9,0.47833739181395724,0.4,,0.3990238,,nan,nan,nan,"Klinavičius 2025: R=11.4 nm; n,k 0.4–0.9 µm",Klinavicius-11.4nm,False,False,True,,main,True
8.285100165319058,,312.43171655784016,Au,Au (Gold),metal,main/Au/nk/Klinavicius-19.7nm.yml,Experimental data: nanoparticles,,,,True,3.3228187,0.8365013441292969,0.9,0.9,0.47736620302194827,0.4,,0.3297553,,nan,nan,nan,"Klinavičius 2025: R=19.7 nm; n,k 0.4–0.9 µm",Klinavicius-19.7nm,False,False,True,,main,True
11.08462655845084,,455.8550896878549,Au,Au (Gold),metal,main/Au/nk/Klinavicius-30.4nm.yml,Experimental data: nanoparticles,,,,True,3.3952083,0.9,0.9,0.9,0.4832230541582956,0.4,,0.3171808,,nan,nan,nan,"Klinavičius 2025: R=30.4 nm; n,k 0.4–0.9 µm",Klinavicius-30.4nm,False,False,True,,main,True
8.114425423096927,,281.92245997650963,Au,Au (Gold),metal,main/Au/nk/Klinavicius-40.0nm.yml,Experimental data: nanoparticles,,,,True,3.1494968,0.8365013441292969,0.9,0.9,0.4871674886380065,0.4,,0.3742217,,nan,nan,nan,"Klinavičius 2025: R=40.0 nm; n,k 0.4–0.9 µm",Klinavicius-40.0nm,False,False,True,,main,True
12.470244962215537,,414.21284882176894,Au,Au (Gold),metal,main/Au/nk/Rakic-BB.yml,Models and simulations,,,,True,2.9151992776057787,0.7859844969985894,0.9931580970003612,6.1992,0.4843931177287577,0.24797,,0.24196690402476786,,nan,nan,nan,"Rakić et al. 1998: Brendel-Bormann model; n,k 0.248–6.20 µm",Rakic-BB,False,False,True,,main,True
11.679688584609197,,410.9723940122448,Au,Au (Gold),metal,main/Au/nk/Rakic-LD.yml,Models and simulations,,,,True,2.849252425180598,0.9931580970003612,0.9931580970003612,6.1992,0.4766403047164894,0.24797,,0.36215894736842114,,nan,nan,nan,"Rakić et al. 1998: Lorentz-Drude model; n,k 0.248–6.20 µm",Rakic-LD,False,False,True,,main,True
8.974267247122851,,356.7696802251857,Au,Au (Gold),metal,main/Au/nk/Werner-DFT.yml,Models and simulations,5.041360814400944,0.26399866020891904,,True,2.6034823373983738,0.993247986702793,0.9995348937816277,2.479684,0.48075857902259317,0.2,,0.9926759204413478,1,nan,nan,nan,"Werner et al. 2009: DFT calculations; n,k 0.0176–2.48 µm",Werner-DFT,False,False,True,,main,True
,,,B,B (Boron),other,main/B/nk/Morita.yml,B - Boron and borates,,,,True,0.226,,,0.975,,0.35,,3.163,,nan,nan,nan,"Morita and Yamamoto 1975: n,k 0.350–0.975 µm",Morita,False,False,False,,main,False
,,,B,B (Boron),error,main/B/nk/Fernandez-Perea.yml,B - Boron and borates,,,range outside 0.2-30 um,,,,,,,,,,,,,,"Fernández-Perea et al. 2007: n,k 0.00138–0.181 µm",Fernandez-Perea,,,,,main,
,,,BaB2O4,"BaB2O4 (Barium borate, BBO)",transparent dielectric,main/BaB2O4/nk/Eimerl-o.yml,B - Boron and borates,,,,False,,,,1.06,,0.22,,,,nan,1.6613329666802377,1.693268860204937,Eimerl et al. 1987: n(o) 0.22–1.06 µm,Eimerl-o,False,False,False,,main,False
,,,BaB2O4,"BaB2O4 (Barium borate, BBO)",transparent dielectric,main/BaB2O4/nk/Eimerl-e.yml,B - Boron and borates,,,,False,,,,1.06,,0.22,,,,nan,1.5461587668060692,1.5686641638175747,Eimerl et al. 1987: n(e) 0.22–1.06 µm,Eimerl-e,False,False,False,,main,False
,,,BaB2O4,"BaB2O4 (Barium borate, BBO)",transparent dielectric,main/BaB2O4/nk/Tamosauskas-o.yml,B - Boron and borates,,,,True,4.8606e-10,,,5.2,,0.2,,1.669005186528455,,1.6384735627161158,1.6603555590193368,1.6927694035107355,"Tamošauskas et al. 2018: n(o),k 0.188–5.2 µm",Tamosauskas-o,False,False,False,,main,False
,,,BaB2O4,"BaB2O4 (Barium borate, BBO)",transparent dielectric,main/BaB2O4/nk/Tamosauskas-e.yml,B - Boron and borates,,,,True,4.8606e-10,,,5.2,,0.2,,1.5511613231215577,,1.536966959920594,1.545440574897361,1.567848110972859,"Tamošauskas et al. 2018: n(e),k 0.188–5.2 µm",Tamosauskas-e,False,False,False,,main,False
,,,BaB2O4,"BaB2O4 (Barium borate, BBO)",transparent dielectric,main/BaB2O4/nk/Zhang-o.yml,B - Boron and borates,,,,False,,,,3.18,,0.64,,,,1.6392076853274882,1.660352844696623,1.6667202017655884,Zhang et al. 2000: n(o) 0.64–3.18 µm,Zhang-o,False,False,False,,main,False
,,,BaB2O4,"BaB2O4 (Barium borate, BBO)",transparent dielectric,main/BaB2O4/nk/Zhang-e.yml,B - Boron and borates,,,,False,,,,3.18,,0.64,,,,1.522562347092328,1.544224406108784,1.5491539498778453,Zhang et al. 2000: n(e) 0.64–3.18 µm,Zhang-e,False,False,False,,main,False
,,,BiB3O6,"BiB3O6 (Bismuth triborate, BiBO)",transparent dielectric,main/BiB3O6/nk/Umemura-alpha.yml,B - Boron and borates,,,,False,,,,3.1,,0.48,,,,1.7401835030770187,1.7658246861034197,1.7981929401861447,Umemura et al. 2007: n(α) 0.48–3.1 µm,Umemura-α,False,False,False,,main,False
,,,BiB3O6,"BiB3O6 (Bismuth triborate, BiBO)",transparent dielectric,main/BiB3O6/nk/Umemura-beta.yml,B - Boron and borates,,,,False,,,,3.1,,0.48,,,,1.7621350492080625,1.7940463996925118,1.831734264877565,Umemura et al. 2007: n(β) 0.48–3.1 µm,Umemura-β,False,False,False,,main,False
,,,BiB3O6,"BiB3O6 (Bismuth triborate, BiBO)",transparent dielectric,main/BiB3O6/nk/Umemura-gamma.yml,B - Boron and borates,,,,False,,,,3.1,,0.48,,,,1.8910949313317367,1.9297947471315304,1.9783303808512989,Umemura et al. 2007: n(γ) 0.48–3.1 µm,Umemura-γ,False,False,False,,main,False
,,,LiB3O5,"LiB3O5 (Lithium triborate, LBO)",transparent dielectric,main/LiB3O5/nk/Chen-alpha.yml,B - Boron and borates,,,,False,,,,1.064,,0.2894,,,,nan,1.569986652000251,1.5902285466570742,Chen et al. 1989: n(α) 0.289–1.06 µm,Chen-α,False,False,False,,main,False
,,,LiB3O5,"LiB3O5 (Lithium triborate, LBO)",transparent dielectric,main/LiB3O5/nk/Chen-beta.yml,B - Boron and borates,,,,False,,,,1.064,,0.2894,,,,nan,1.5955564437239893,1.6205489924069625,Chen et al. 1989: n(β) 0.289–1.06 µm,Chen-β,False,False,False,,main,False
,,,LiB3O5,"LiB3O5 (Lithium triborate, LBO)",transparent dielectric,main/LiB3O5/nk/Chen-gamma.yml,B - Boron and borates,,,,False,,,,1.064,,0.2894,,,,nan,1.6108883469163204,1.635115995316462,Chen et al. 1989: n(γ) 0.289–1.06 µm,Chen-γ,False,False,False,,main,False
,,,CsLiB6O10,"CsLiB6O10 (Cesium lithium borate, CLBO)",transparent dielectric,main/CsLiB6O10/nk/Sasaki-o.yml,B - Boron and borates,,,,False,,,,2.75,,0.2,,,,1.4704764392512073,1.489397463338039,1.5092154226373966,Sasaki et al. 2003: n(o) 0.19–2.75 µm,Sasaki-o,False,False,False,,main,False
,,,CsLiB6O10,"CsLiB6O10 (Cesium lithium borate, CLBO)",transparent dielectric,main/CsLiB6O10/nk/Sasaki-e.yml,B - Boron and borates,,,,False,,,,2.75,,0.2,,,,1.4270444835721057,1.4380793393743165,1.4541938108857164,Sasaki et al. 2003: n(e) 0.19–2.75 µm,Sasaki-e,False,False,False,,main,False
,,,LuAl3_BO3_4,"LuAl3(BO3)4 (Lutetium aluminium borate, LuAB)",transparent dielectric,main/LuAl3(BO3)4/nk/Fang-o.yml,B - Boron and borates,,,,False,,,,1.338,,0.266,,,,nan,1.7683782050507322,1.7989256146814732,Fang et al. 2013: n(o) 0.266–1.34 µm,Fang-o,False,False,False,,main,False
,,,LuAl3_BO3_4,"LuAl3(BO3)4 (Lutetium aluminium borate, LuAB)",transparent dielectric,main/LuAl3(BO3)4/nk/Fang-e.yml,B - Boron and borates,,,,False,,,,1.338,,0.266,,,,nan,1.6959916475888546,1.7207799708919476,Fang et al. 2013: n(e) 0.266–1.34 µm,Fang-e,False,False,False,,main,False
0.18872201352174195,,0.584590560765291,Be,Be (Beryllium),metal,main/Be/nk/Rakic-BB.yml,Be - Beryllium,19.48957931835649,0.46326724822878546,,True,3.1590845360824744,0.3513782978384058,0.3513782978384058,30.0,0.3513782978384058,0.24797,,3.3744938144329897,2,nan,nan,nan,"Rakić et al. 1998: Brendel-Bormann model; n,k 0.248–62.0 µm",Rakic-BB,False,False,True,,main,True
0.1695824050867195,,0.7180600913271834,Be,Be (Beryllium),metal,main/Be/nk/Rakic-LD.yml,Be - Beryllium,19.80258588844777,0.4688689277724028,,True,3.1639513595166164,0.9997750918215104,0.9997750918215104,30.0,0.3513782978384058,0.24797,,3.410016012084592,2,nan,nan,nan,"Rakić et al. 1998: Lorentz-Drude model; n,k 0.248–62.0 µm",Rakic-LD,False,False,True,,main,True
,,,Be,Be (Beryllium),error,main/Be/nk/Svechnikov.yml,Be - Beryllium,,,range outside 0.2-30 um,,,,,,,,,,,,,,"Svechnikov et al. 2020: n,k 0.00496–0.0608 µm",Svechnikov,,,,,main,
0.38602548324426417,,2.157401740444866,Bi,Bi (Bismuth),metal,main/Bi/nk/Hagemann.yml,Experimental data,43.500546458953174,1.1674343501944502,,True,3.030991935483871,0.41564609397079744,0.8274267293630406,6.199,0.391345813599984,0.2,,2.183176612903226,1,nan,nan,nan,"Hagemann et al. 1974: n,k 0.00155–6.20 µm",Hagemann,False,False,True,,main,True
12.879530364108211,,801.9270742354837,Bi,Bi (Bismuth),metal,main/Bi/nk/Werner.yml,Experimental data,,,,True,4.5388786396631815,0.8271608372793305,0.9995348937816277,2.479684,0.35068219523596905,0.2,,0.2316832723577236,,nan,nan,nan,"Werner et al. 2009: n,k 0.0176–2.48 µm",Werner,False,False,True,,main,True
10.334643487949696,,266.46703259527135,Bi,Bi (Bismuth),metal,main/Bi/nk/Werner-DFT.yml,Models and simulations,3.484516558384692,0.24785578368461325,,True,2.213024809814169,0.8271608372793305,0.9995348937816277,2.479684,0.35068219523596905,0.2,,0.5112395978513364,2,nan,nan,nan,"Werner et al. 2009: DFT calculations; n,k 0.0176–2.48 µm",Werner-DFT,False,False,True,,main,True
,,,AgBr,AgBr (Silver bromide),transparent dielectric,main/AgBr/nk/Schroter.yml,Br - Bromides,,,,False,,,,0.67,,0.495,,,,nan,nan,2.3137856700618857,Schröter 1931: n 0.495–0.67 µm,Schröter,False,False,False,,main,False
,,,AgBr,AgBr (Silver bromide),transparent dielectric,main/AgBr/nk/Polyanskiy.yml,Br - Bromides,,,,False,,,,12.7,,0.495,,,,2.179266603930693,2.2115697808241013,2.314765787889648,Polyanskiy et al. 2024: n 0.495–12.7 µm,Polyanskiy,False,False,False,,main,False
,,,CsBr,CsBr (Cesium bromide),transparent dielectric,main/CsBr/nk/Li.yml,Br - Bromides,,,,False,,,,30.0,,0.21,,,,1.671080630551718,1.6838143759617246,1.7353583672333905,Li 1976: n 0.21–55 µm; 20 °C,Li,False,False,False,,main,False
,,,CsBr,CsBr (Cesium bromide),transparent dielectric,main/CsBr/nk/Querry.yml,Br - Bromides,,,,True,0.0,,,30.0,,0.213,,1.67165,,1.672,1.6708612460399497,1.7052367008184908,"Querry 1987: n,k 0.213–149 µm",Querry,False,False,False,,main,False
,,,CsBr,CsBr (Cesium bromide),transparent dielectric,main/CsBr/nk/Rodney.yml,Br - Bromides,,,,False,,,,30.0,,0.365,,,,1.6705515184509716,1.6830881439702614,1.733999103247143,Rodney and Spindler 1953: n 0.365–39 µm; 27 °C,Rodney,False,False,False,,main,False
,,,KBr,KBr (Potassium bromide),transparent dielectric,main/KBr/nk/Li.yml,Br - Bromides,,,,False,,,,30.0,,0.2,,,,1.5382975731136455,1.548693630750971,1.5899098749444416,Li 1976: n 0.20–42 µm,Li,False,False,False,,main,False
,,,LiBr,LiBr (Lithium bromide),transparent dielectric,main/LiBr/nk/Li.yml,Br - Bromides,,,,False,,,,20.0,,0.21,,,,1.7747168012937402,1.7804665609173864,1.7930997863448717,Li 1976: n 0.21–20 µm,Li,False,False,False,,main,False
,,,NaBr,NaBr (Sodium bromide),transparent dielectric,main/NaBr/nk/Li.yml,Br - Bromides,,,,False,,,,30.0,,0.21,,,,1.6160575828258947,1.6292627745363368,1.6803852342247003,Li 1976: n 0.21–34 µm,Li,False,False,False,,main,False
,,,RbBr,RbBr (Rubidium bromide),transparent dielectric,main/RbBr/nk/Li.yml,Br - Bromides,,,,False,,,,30.0,,0.21,,,,1.5328079751848267,1.5425935518841347,1.583007248045214,Li 1976: n 0.21–50 µm,Li,False,False,False,,main,False
,,,TlBr,TlBr (Thallium bromide),transparent dielectric,main/TlBr/nk/Palik.yml,Br - Bromides,,,,False,,,,30.0,,0.57,,,,2.394797250394295,2.4869648544024963,2.6362061336814344,Palik 1985: n 0.57–39.4 µm,Palik,False,False,False,,main,False
,,,TlBr,TlBr (Thallium bromide),transparent dielectric,main/TlBr/nk/Schroter.yml,Br - Bromides,,,,False,,,,0.65,,0.54,,,,nan,nan,2.480901406856836,Schröter 1931: n 0.54–0.65 µm,Schroter,False,False,False,,main,False
,,,C,"C (Carbon, diamond, graphite, graphene, carbon nanotubes)",transparent dielectric,main/C/nk/Phillip.yml,Diamond,,,,True,0.0,,,10.0,,0.2,,2.4147617443951965,,2.3837991168714563,2.4045380101281877,2.4597012685612962,"Phillip and Taft 1964: Diamond; n,k 0.0354–10 µm",Phillip,False,False,False,,main,False
,,,C,"C (Carbon, diamond, graphite, graphene, carbon nanotubes)",transparent dielectric,main/C/nk/Peter.yml,Diamond,,,,False,,,,0.76,,0.226,,,,nan,nan,2.4640345777462205,Peter 1923: Diamond; n 0.226–0.760 µm,Peter,False,False,False,,main,False
,,,C,"C (Carbon, diamond, graphite, graphene, carbon nanotubes)",transparent dielectric,main/C/nk/Dore.yml,CVD Diamond,,,,True,,,,30.0,,2.5,,,,2.468994205620549,nan,nan,"Dore et al. 1998: Polycrystalline CVD diamond; n,k 2.5–500 µm",Dore,True,False,False,,main,False
,,,C,"C (Carbon, diamond, graphite, graphene, carbon nanotubes)",transparent dielectric,main/C/nk/Taylor.yml,CVD Diamond,,,,True,0.0,,,1.689784,,0.2,,2.4007708888,,nan,2.3835325475014515,2.45255874624282,"Taylor et al. 2023: Single-crystal CVD; n,k 0.193–1.69 µm",Taylor,True,False,False,,main,False
,22.843156600358927,,C,"C (Carbon, diamond, graphite, graphene, carbon nanotubes)",phonon polariton,main/C/nk/Hagemann.yml,Amorphous thin film,16.341892381395386,12.612602863554997,,True,0.732099193548387,,,30.0,,0.2,30.0,1.8674451612903225,1,nan,nan,nan,"Hagemann et al. 1974: n,k 0.0000413–124 µm",Hagemann,False,True,False,"(12.771990416794058, 30.0)",main,False
,,,C,"C (Carbon, diamond, graphite, graphene, carbon nanotubes)",other,main/C/nk/Larruquert.yml,Amorphous thin film,,,,True,0.019697154277557194,,,10.07918931,,0.2,,2.5380182463942424,,nan,nan,nan,"Larruquert et al. 2013: n,k 0.0197–10.1 µm",Larruquert,False,False,False,,main,False
,,,C,"C (Carbon, diamond, graphite, graphene, carbon nanotubes)",absorber (visible),main/C/nk/Arakawa.yml,Amorphous thin film,,,,True,0.7747424511545293,,,2.0664,,0.3263,,2.4123268206039077,,nan,nan,nan,"Arakawa et al. 1977: n,k 0.326–2.07 µm",Arakawa,False,False,False,,main,False
,,,C,"C (Carbon, diamond, graphite, graphene, carbon nanotubes)",absorber (visible),main/C/nk/Djurisic-o.yml,Graphite,10.09887558846362,0.26905346985332035,,True,1.5551910333048677,,,10.332,,0.2,,2.789364901793339,1,nan,nan,nan,"Djurišić and Li 1999: Graphite; n,k (o); 0.0310–10.332 µm",Djurisic-o,False,False,False,,main,False
,,,C,"C (Carbon, diamond, graphite, graphene, carbon nanotubes)",other,main/C/nk/Djurisic-e.yml,Graphite,,,,True,nan,,,0.5904,,0.2,,nan,,nan,nan,nan,"Djurišić and Li 1999: Graphite; n,k (e); 0.0310–0.5904 µm",Djurisic-e,False,False,False,,main,False
,,,C,"C (Carbon, diamond, graphite, graphene, carbon nanotubes)",absorber (visible),main/C/nk/Querry-DixonKS2.yml,Graphite,,,,True,0.87,,,30.0,,0.21,,1.585,,nan,nan,nan,"Querry 1985: Graphite pellet, Dixon KS-2; n,k 0.21–55.6 µm",Querry-DixonKS2,False,False,False,,main,False
,,,C,"C (Carbon, diamond, graphite, graphene, carbon nanotubes)",absorber (visible),main/C/nk/Querry-DixonHPN2.yml,Graphite,1.978234390933809,0.22393127915234398,,True,1.043,,,30.0,,0.2,,1.842,2,nan,nan,nan,"Querry 1985: Graphite pellet, Dixon HPN-2; n,k 0.20–55.6 µm",Querry-DixonHPN2,False,False,False,,main,False
,,,C,"C (Carbon, diamond, graphite, graphene, carbon nanotubes)",absorber (visible),main/C/nk/Querry-Dixon200-10.yml,Graphite,1.3464399999999999,0.21,,True,1.146,,,30.0,,0.21,,1.912,2,nan,nan,nan,"Querry 1985: Graphite pellet, Dixon 200-10; n,k 0.21–55.6 µm",Querry-Dixon200-10,False,False,False,,main,False
,,,C,"C (Carbon, diamond, graphite, graphene, carbon nanotubes)",absorber (visible),main/C/nk/Querry-AsburyMicro260.yml,Graphite,,,,True,0.889,,,30.0,,0.21,,1.673,,nan,nan,nan,"Querry 1985: Graphite pellet, Asbury Micro 260; n,k 0.21–55.6 µm",Querry-AsburyMicro260,False,False,False,,main,False
,13.030080660984124,,C,"C (Carbon, diamond, graphite, graphene, carbon nanotubes)",phonon polariton,main/C/nk/Querry-Dixon1102.yml,Graphite,54.650337108362756,14.4809552698344,,True,0.868,,,30.0,,0.2,30.0,1.718,1,nan,nan,nan,"Querry 1985: Intercalated graphite pellet, Dixon 1102; n,k 0.20–55.6 µm",Querry-Dixon1102,False,True,False,"(14.663953502157442, 30.0)",main,False
,1.2346516985780152,,C,"C (Carbon, diamond, graphite, graphene, carbon nanotubes)",phonon polariton,main/C/nk/Querry-Asbury3222.yml,Graphite,1.4739856685589696,0.20767852186611682,,True,0.933,,,30.0,,0.2,30.0,2.009,3,nan,nan,nan,"Querry 1985: Intercalated graphite pellet, Asbury 3222; n,k 0.20–55.6 µm",Querry-Asbury3222,False,True,False,"(16.213694184609462, 30.0)",main,False
,0.08151037942417094,,C,"C (Carbon, diamond, graphite, graphene, carbon nanotubes)",phonon polariton,main/C/nk/Querry-Pyrolytic.yml,Pyrolytic carbon,66.31279309414933,13.535453774907834,,True,0.765,,,30.0,,0.21,15.910457152282254,1.63,2,nan,nan,nan,"Querry 1985: Pyrolytic carbon; n,k 0.21–55.6 µm",Querry-Pyrolytic,False,True,False,"(13.704827604057328, 18.017321421604784)",main,False
,,,C,"C (Carbon, diamond, graphite, graphene, carbon nanotubes)",absorber (visible),main/C/nk/Song-cHOPG-o.yml,Highly oriented pyrolytic graphite (HOPG),14.082346545196494,0.26554999670207746,,True,1.164926,,,1.69,,0.2,,2.547519,1,nan,nan,nan,"Song et al. 2018: c-HOPG; n,k(o) 0.193–1.69 µm",Song-cHOPG-o,False,False,False,,main,False
,,,C,"C (Carbon, diamond, graphite, graphene, carbon nanotubes)",transparent dielectric,main/C/nk/Song-cHOPG-e.yml,Highly oriented pyrolytic graphite (HOPG),,,,False,,,,1.69,,0.2,,,,nan,1.4237144760365323,1.471910119903152,Song et al. 2018: c-HOPG; n(e) 0.193–1.69 µm,Song-cHOPG-e,False,False,False,,main,False
,,,C,"C (Carbon, diamond, graphite, graphene, carbon nanotubes)",absorber (visible),main/C/nk/Song-sHOPG-o.yml,Highly oriented pyrolytic graphite (HOPG),14.249018346419714,0.25992886103019497,,True,0.935929,,,1.69,,0.2,,2.272116,1,nan,nan,nan,"Song et al. 2018: s-HOPG; n,k(o) 0.193–1.69 µm",Song-sHOPG-o,False,False,False,,main,False
,,,C,"C (Carbon, diamond, graphite, graphene, carbon nanotubes)",transparent dielectric,main/C/nk/Song-sHOPG-e.yml,Highly oriented pyrolytic graphite (HOPG),,,,False,,,,1.69,,0.2,,,,nan,1.339934,1.3434726411384108,Song et al. 2018: s-HOPG; n(e) 0.193–1.69 µm,Song-sHOPG-e,False,False,False,,main,False
,,,C,"C (Carbon, diamond, graphite, graphene, carbon nanotubes)",absorber (visible),main/C/nk/Weber.yml,Graphene,1.3134999943902574,0.21840314674123276,,True,1.3122323606041535,,,0.999007,,0.210873,,2.7063456507237253,2,nan,nan,nan,"Weber et al. 2010: Graphene; n,k 0.21–1.0 µm",Weber,False,False,False,,main,False
,,,C,"C (Carbon, diamond, graphite, graphene, carbon nanotubes)",absorber (visible),main/C/nk/Tikuisis.yml,Graphene,16.971565018218918,0.27017758847290513,,True,1.65732,,,4.3977,,0.226,,2.7421,1,nan,nan,nan,"Tikuišis et al. 2023: Graphene; n,k 0.226–4.40 µm",Tikuisis,False,False,False,,main,False
,,,C,"C (Carbon, diamond, graphite, graphene, carbon nanotubes)",absorber (visible),main/C/nk/El-Sayed.yml,Graphene,11.61456414289773,0.2681422538646821,,True,1.52258,,,1.0,,0.24,,2.77079,1,nan,nan,nan,"El-Sayed et al. 2021: Graphene; n,k 0.24–1.0 µm",El-Sayed,False,False,False,,main,False
,,,C,"C (Carbon, diamond, graphite, graphene, carbon nanotubes)",absorber (visible),main/C/nk/Song.yml,Graphene,14.848978566915175,0.2756810691400645,,True,1.38016,,,1.69,,0.2,,2.730089,1,nan,nan,nan,"Song et al. 2018: Graphene; n,k 0.193–1.69 µm",Song,False,False,False,,main,False
,,,C,"C (Carbon, diamond, graphite, graphene, carbon nanotubes)",absorber (visible),main/C/nk/Ermolaev.yml,Carbon nanotubes (CNTs),,,,True,0.43458,,,3.3,,0.25,,1.57196,,nan,nan,nan,"Ermolaev et al. 2020: CNT film, aerosol CVD; n,k 0.250–3.30 µm",Ermolaev,False,False,False,,main,False
,,,C,"C (Carbon, diamond, graphite, graphene, carbon nanotubes)",absorber (visible),main/C/nk/Ermolaev-SWCNT-o.yml,Carbon nanotubes (CNTs),,,,True,0.47397,,,1.7,,0.25,,1.64928,,nan,nan,nan,"Ermolaev et al. 2023: Aligned CNT monolayer; n,k(o) 0.250–1.70 µm",Ermolaev-SWCNT-o,False,False,False,,main,False
,,,C,"C (Carbon, diamond, graphite, graphene, carbon nanotubes)",other,main/C/nk/Ermolaev-SWCNT-e.yml,Carbon nanotubes (CNTs),,,,True,0.19136,,,1.7,,0.25,,1.50973,,nan,nan,nan,"Ermolaev et al. 2023: Aligned CNT monolayer; n,k(e) 0.250–1.70 µm",Ermolaev-SWCNT-e,False,False,False,,main,False
,,,C,"C (Carbon, diamond, graphite, graphene, carbon nanotubes)",other,main/C/nk/Song-Arc.yml,Carbon nanotubes (CNTs),,,,True,0.06,,,1.68724,,0.37096,,1.5288125,,nan,nan,nan,"Song et al. 2020: CNT film, Arc grown; n,k 0.370–1.69 µm",Song-Arc,False,False,False,,main,False
,,,C,"C (Carbon, diamond, graphite, graphene, carbon nanotubes)",absorber (visible),main/C/nk/Song-HiPco.yml,Carbon nanotubes (CNTs),,,,True,0.5811875000000001,,,1.68724,,0.37096,,1.71,,nan,nan,nan,"Song et al. 2020: CNT film, HiPco grown; n,k 0.370–1.69 µm",Song-HiPco,False,False,False,,main,False
,,,B4C,B4C (Boron carbide),absorber (visible),main/B4C/nk/Larruquert.yml,"C - Carbon, carbides and carbonates",,,,True,0.5200144372149832,,,21.53810759,,0.2,,3.236141144453315,,nan,nan,nan,"Larruquert et al. 2012: n,k 0.001738–21.54 µm",Larruquert,False,False,False,,main,False
,,,SiC,SiC (Silicon carbide),transparent dielectric,main/SiC/nk/Singh-o.yml,6H-SiC (α-SiC) crystal,,,,False,,,,1.064,,0.488,,,,nan,2.604207817789288,2.6918623155651695,Singh et al. 1971: α-SiC; n(o) 0.488–1.064 µm,Singh-o,False,False,False,,main,False
,,,SiC,SiC (Silicon carbide),transparent dielectric,main/SiC/nk/Singh-e.yml,6H-SiC (α-SiC) crystal,,,,False,,,,1.064,,0.488,,,,nan,2.645616496497591,2.7424829116571843,Singh et al. 1971: α-SiC; n(e) 0.488–1.064 µm,Singh-e,False,False,False,,main,False
,,,SiC,SiC (Silicon carbide),transparent dielectric,main/SiC/nk/Wang-6H-o.yml,6H-SiC (α-SiC) crystal,,,,False,,,,2.325,,0.4358,,,,2.553546989547605,2.6054483658455165,2.7302281341659524,Wang et al. 2013: 6H-SiC; n(o) 0.436–2.33 µm,Wang-6H-o,False,False,False,,main,False
,,,SiC,SiC (Silicon carbide),transparent dielectric,main/SiC/nk/Wang-6H-e.yml,6H-SiC (α-SiC) crystal,,,,False,,,,2.325,,0.4358,,,,2.587085359072487,2.6427988524935757,2.7817485372921675,Wang et al. 2013: 6H-SiC; n(e) 0.436–2.33 µm,Wang-6H-e,False,False,False,,main,False
,,,SiC,SiC (Silicon carbide),transparent dielectric,main/SiC/nk/Wang-4H-o.yml,4H-SiC crystal,,,,False,,,,5.0,,0.4047,,,,2.5538308353372,2.603230553555366,2.75924292735798,Wang et al. 2013: 4H-SiC; n(o) 0.405–5 µm,Wang-4H-o,False,False,False,,main,False
,,,SiC,SiC (Silicon carbide),transparent dielectric,main/SiC/nk/Wang-4H-e.yml,4H-SiC crystal,,,,False,,,,2.325,,0.4047,,,,2.596503985831173,2.6525955647797304,2.8288635625769114,Wang et al. 2013: 4H-SiC; n(e) 0.405–2.33 µm,Wang-4H-e,False,False,False,,main,False
,,,SiC,SiC (Silicon carbide),transparent dielectric,main/SiC/nk/Fischer-o.yml,4H-SiC crystal,,,,False,,,,30.0,,17.0,,,,3.663222579910617,nan,nan,Fischer et al. 2017: 4H-SiC; n(o) 17–150 µm,Fischer-o,False,False,False,,main,False
,,,SiC,SiC (Silicon carbide),transparent dielectric,main/SiC/nk/Fischer-e.yml,4H-SiC crystal,,,,False,,,,30.0,,17.0,,,,3.8769391655657124,nan,nan,Fischer et al. 2017: 4H-SiC; n(e) 17–150 µm,Fischer-e,False,False,False,,main,False
,,,SiC,SiC (Silicon carbide),transparent dielectric,main/SiC/nk/Shaffer.yml,3C-SiC (β-SiC) crystal,,,,False,,,,0.691,,0.467,,,,nan,nan,2.710616712443085,Shaffer 1971: β-SiC; n 0.467–0.691 µm,Shaffer,False,False,False,,main,False
,,,SiC,SiC (Silicon carbide),absorber (visible),main/SiC/nk/Larruquert.yml,Thin film,,,,True,0.3092427674954331,,,30.0,,0.2,,3.4066769325047526,,nan,nan,nan,"Larruquert et al. 2011: Thin film; n,k 0.006154–131.7 µm",Larruquert,False,False,False,,main,False
,,,TiC,TiC (Titanium carbide),ENZ,main/TiC/nk/Pfluger.yml,"C - Carbon, carbides and carbonates",10.86601300571469,0.31501388097818234,,True,2.623459677419355,,,2.4797,,0.2,,3.0339516129032256,2,nan,nan,nan,"Pflüger et al. 1984: n,k 0.0311–2.48 µm",Pfluger,False,False,False,,main,False
,,,Ti3C2,Ti3C2 (Ti3C2 MXene),metal,main/Ti3C2/nk/Panova.yml,"C - Carbon, carbides and carbonates",6.121204247937057,1.414174464460353,,True,1.05074,,,3.3,,0.3,,1.65818,1,nan,nan,nan,"Panova et al. 2024: n,k 0.300–3.30 µm",Panova,False,False,False,,main,True
,,,VC,VC (Vanadium carbide),absorber (visible),main/VC/nk/Pfluger.yml,"C - Carbon, carbides and carbonates",9.241491573365165,0.2606882668659627,,True,2.461854838709677,,,2.4797,,0.2,,2.982717741935484,2,nan,nan,nan,"Pflüger et al. 1984: n,k 0.0311–2.48 µm",Pfluger,False,False,False,,main,False
,,,CaCO3,"CaCO3 (Calcium carbonate, Calcite)",transparent dielectric,main/CaCO3/nk/Ghosh-o.yml,"C - Carbon, carbides and carbonates",,,,False,,,,2.172,,0.204,,,,1.6245400470968923,1.6487566598289878,1.6817823219173922,Ghosh 1999: n(o) 0.204–2.172 µm,Ghosh-o,False,False,False,,main,False
,,,CaCO3,"CaCO3 (Calcium carbonate, Calcite)",transparent dielectric,main/CaCO3/nk/Ghosh-e.yml,"C - Carbon, carbides and carbonates",,,,False,,,,2.172,,0.204,,,,1.4764904052800296,1.4818870541906626,1.4970850987013462,Ghosh 1999: n(e) 0.204–2.172 µm,Ghosh-e,False,False,False,,main,False
,27.52441566842391,,CaMg_CO3_2,"CaMg(CO3)2 (Calcium magnesium carbonate, Dolomite)",phonon polariton,main/CaMg(CO3)2/nk/Querry-o.yml,"C - Carbon, carbides and carbonates",0.08201794327269547,6.323281688550513,,True,,,,30.0,,2.5,6.9424578656549985,,4,1.578,nan,nan,"Querry 1987: n,k(o) 2.5–40 µm",Querry-o,False,True,False,"(6.362784933436917, 28.541943066298906)",main,False
,17.35296590582517,,CaMg_CO3_2,"CaMg(CO3)2 (Calcium magnesium carbonate, Dolomite)",phonon polariton,main/CaMg(CO3)2/nk/Querry-e.yml,"C - Carbon, carbides and carbonates",0.2630721253255366,6.323281688550513,,True,,,,30.0,,2.5,11.35496317083782,,6,1.492,nan,nan,"Querry 1987: n,k(e) 2.5–50 µm",Querry-e,False,True,False,"(6.362784933436917, 28.013630163860483)",main,False
5.199795382388047,,117.31487362254127,Ca,Ca (Calcium),metal,main/Ca/nk/Mathewson.yml,Ca - Calcium,,,,True,2.6361999999999997,0.9525590199314357,0.9989887503384719,1.65312,0.40124574533077406,0.33968,,0.29016666666666663,,nan,nan,nan,"Mathewson and Myers 1971: n,k 0.340–1.65 µm",Mathewson,False,False,True,,main,True
,,,Ca,Ca (Calcium),other,main/Ca/nk/Rodriguez-de Marcos.yml,Ca - Calcium,1.9228962114248251,0.20535676352088267,,True,,,,0.316348631,,0.2,,,2,nan,nan,nan,"Rodríguez-de Marcos et al. 2015: n,k 0.00123–0.316 µm",Rodriguez-de_Marcos,False,False,False,,main,False
,,,Ce,Ce (Cerium),other,main/Ce/nk/Fernandez-Perea.yml,Ce - Cerium,,,,True,,,,0.206638625,,0.2,,,,nan,nan,nan,"Fernández-Perea et al. 2008: n,k 0.00103–0.207 µm",Fernandez-Perea,False,False,False,,main,False
,,,AgCl,AgCl (Silver chloride),transparent dielectric,main/AgCl/nk/Tilton.yml,"Cl - Chlorides, Oxychlorides",,,,False,,,,20.6,,0.578,,,,2.006106914243704,2.034401624293917,2.0693301690557653,Tilton et al. 1950: n 0.578–20.6 µm,Tilton,False,False,False,,main,False
,,,CsCl,CsCl (Cesium chloride),transparent dielectric,main/CsCl/nk/Li.yml,"Cl - Chlorides, Oxychlorides",,,,False,,,,30.0,,0.2,,,,1.6207835332452436,1.6303016821090448,1.666083436625228,Li 1976: n 0.18–40 µm,Li,False,False,False,,main,False
,,,CuCl,CuCl (Cuprous chloride),transparent dielectric,main/CuCl/nk/Feldman.yml,"Cl - Chlorides, Oxychlorides",,,,False,,,,2.5,,0.43,,,,1.9068476080553602,1.9409450206235217,2.0892024867567796,Feldman and Horowitz 1969: n 0.43–2.5 µm,Feldman,False,False,False,,main,False
,,,KCl,KCl (Potassium chloride),transparent dielectric,main/KCl/nk/Li.yml,"Cl - Chlorides, Oxychlorides",,,,False,,,,30.0,,0.2,,,,1.475324939138861,1.4827835214009621,1.5099162377937512,Li 1976: n 0.18–35 µm,Li,False,False,False,,main,False
,,,KCl,KCl (Potassium chloride),transparent dielectric,main/KCl/nk/Querry.yml,"Cl - Chlorides, Oxychlorides",,,,True,0.0,,,30.0,,0.22,,1.485,,1.484,1.49,1.5056510240422443,"Querry 1987: n,k 0.22–167 µm",Querry,False,False,False,,main,False
,,,LiCl,LiCl (Lithium chloride),transparent dielectric,main/LiCl/nk/Li.yml,"Cl - Chlorides, Oxychlorides",,,,False,,,,16.0,,0.2,,,,1.6540760816936688,1.6597231197670692,1.6675093865635484,Li 1976: n 0.17–16 µm,Li,False,False,False,,main,False
3.294419231663056,,51.555841161253944,MoOCl2,MoOCl2 (Molybdenum oxychloride),metal,main/MoOCl2/nk/Ermolaev-alpha.yml,"Cl - Chlorides, Oxychlorides",0.851805697378002,0.5109349405621237,,True,1.67432,0.8277034519956251,0.9976428347840689,1.7,0.5786720202468028,0.36,,0.35745,1,nan,nan,nan,"Ermolaev et al. 2025: n,k(α) 0.360–1.70 µm",Ermolaev-alpha,False,False,True,,main,True
,,,MoOCl2,MoOCl2 (Molybdenum oxychloride),transparent dielectric,main/MoOCl2/nk/Ermolaev-beta.yml,"Cl - Chlorides, Oxychlorides",,,,True,0.0,,,1.7,,0.36,,1.9698,,nan,1.9273223249643856,2.065629249200147,Ermolaev et al. 2025: n(β) 0.360–1.70 µm,Ermolaev-beta,False,False,False,,main,False
,,,MoOCl2,MoOCl2 (Molybdenum oxychloride),other,main/MoOCl2/nk/Ermolaev-gamma.yml,"Cl - Chlorides, Oxychlorides",,,,True,0.05843,,,1.7,,0.36,,2.56093,,nan,nan,nan,"Ermolaev et al. 2025: n,k(γ) 0.360–1.70 µm",Ermolaev-gamma,False,False,False,,main,False
,,,NaCl,NaCl (Sodium chloride),transparent dielectric,main/NaCl/nk/Li.yml,"Cl - Chlorides, Oxychlorides",,,,False,,,,30.0,,0.2,,,,1.526494251601977,1.5354446422360295,1.5665463058507139,Li 1976: n 0.20–30 µm,Li,False,False,False,,main,False
,,,NaCl,NaCl (Sodium chloride),transparent dielectric,main/NaCl/nk/Querry.yml,"Cl - Chlorides, Oxychlorides",,,,True,0.0,,,30.0,,0.22,,1.544,,1.534,1.543,1.5820693974459847,"Querry 1987: n,k 0.22–167 µm",Querry,False,False,False,,main,False
,,,RbCl,RbCl (Rubidium chloride),transparent dielectric,main/RbCl/nk/Li.yml,"Cl - Chlorides, Oxychlorides",,,,False,,,,30.0,,0.2,,,,1.477370087181747,1.484450115375778,1.511232699664527,Li 1976: n 0.18–40 µm,Li,False,False,False,,main,False
,,,TlCl,TlCl (Thallium chloride),transparent dielectric,main/TlCl/nk/Schroter.yml,"Cl - Chlorides, Oxychlorides",,,,False,,,,0.66,,0.43,,,,nan,nan,2.424469518789666,Schröter 1931: n 0.43–0.66 µm,Schroter,False,False,False,,main,False
0.7380338948253993,,16.8875994863349,Co,Co (Cobalt),metal,main/Co/nk/Johnson.yml,Experimental data,,,,True,4.037142857142857,0.9953425904351665,0.9953425904351665,1.937,0.3513187519015399,0.2,,2.1608571428571426,,nan,nan,nan,"Johnson and Christy 1974: n,k 0.188–1.937 µm",Johnson,False,False,True,,main,True
5.983123000770167,,369.22997567550664,Co,Co (Cobalt),metal,main/Co/nk/Werner.yml,Experimental data,,,,True,5.315639766260162,0.7109246412617208,0.993247986702793,2.479684,0.35068219523596905,0.2,,0.554544449767712,,nan,nan,nan,"Werner et al. 2009: n,k 0.0176–2.48 µm",Werner,False,False,True,,main,True
0.8449023285735525,,10.112111359609797,Co,Co (Cobalt),metal,main/Co/nk/Werner-DFT.yml,Models and simulations,52.78157256984688,1.0512840906149585,,True,5.007637521777003,0.35068219523596905,0.49616757062245115,2.479684,0.35068219523596905,0.2,,3.153671551974448,2,nan,nan,nan,"Werner et al. 2009: DFT calculations; n,k 0.0176–2.48 µm",Werner-DFT,False,False,True,,main,True
0.37388931629631506,,1.4875366508938912,Cr,Cr (Chromium),metal,main/Cr/nk/Johnson.yml,Experimental data,25.58369102475539,1.0840367419793175,,True,3.3,0.3513187519015399,0.414355141876439,1.937,0.3513187519015399,0.2,,3.1942857142857144,2,nan,nan,nan,"Johnson and Christy 1974: n,k 0.188–1.937 µm",Johnson,False,False,True,,main,True
0.9061399105833038,,10.352516174864748,Cr,Cr (Chromium),metal,main/Cr/nk/Sytchkova.yml,Experimental data,42.253196044647346,0.7087862046427787,,True,4.795767282608696,0.35165567942247183,0.43345693731061824,2.5,0.35165567942247183,0.2621,,4.053047065217391,2,nan,nan,nan,"Sytchkova et al. 2021: 12 nm film; n,k 0.262–2.50 µm",Sytchkova,False,False,True,,main,True
1.0253294520130396,,8.886452677794496,Cr,Cr (Chromium),metal,main/Cr/nk/Rakic-BB.yml,Models and simulations,34.09592606430754,0.8449370299150931,,True,4.260443298969072,0.3513782978384058,0.3556270519443736,30.0,0.3513782978384058,0.24797,,3.131022680412371,2,nan,nan,nan,"Rakić et al. 1998: Brendel-Bormann model; n,k 0.248–62.0 µm",Rakic-BB,False,False,True,,main,True
0.9001895228189757,,7.399856414790625,Cr,Cr (Chromium),metal,main/Cr/nk/Rakic-LD.yml,Models and simulations,36.40776918193033,0.8449370299150931,,True,4.313829305135952,0.3513782978384058,0.3731420638368259,30.0,0.3513782978384058,0.24797,,3.239074018126888,2,nan,nan,nan,"Rakić et al. 1998: Lorentz-Drude model; n,k 0.248–62.0 µm",Rakic-LD,False,False,True,,main,True
3.5649639924620082,,18.47291009645629,Cs,Cs (Caesium),metal,main/Cs/nk/Smith.yml,Cs - Caesium,0.35987212224077975,0.40812096223150046,,True,1.1228145433845222,0.9966826125176769,0.9966826125176769,2.421566,0.6994985537108376,0.312539,,0.2610628558892503,1,nan,nan,nan,"Smith 1970: n,k 0.313–2.42 µm",Smith,False,False,True,,main,True
,,,Cs,Cs (Caesium),ENZ,main/Cs/nk/Monin.yml,Cs - Caesium,0.3685920237390934,0.4361386892108091,,True,1.109142857142857,,,0.62,,0.2536,,0.2458095238095238,1,nan,nan,nan,"Monin and Boutry 1974: n,k 0.254–0.620 µm; 195 K",Monin,False,False,False,,main,False
,,,Cs,Cs (Caesium),other,main/Cs/nk/Whang.yml,Cs - Caesium,,,,True,,,,0.3444,,0.2,,,,nan,nan,nan,"Whang et al. 1971: n,k 0.129–0.344 µm",Whang,False,False,False,,main,False
,,,Cs,Cs (Caesium),ENZ,main/Cs/nk/Ives.yml,Cs - Caesium,0.3722159213533529,0.4337986334042611,,True,nan,,,0.578,,0.2536,,nan,1,nan,nan,nan,"Ives and Briggs 1937: n,k 0.254–0.578 µm",Ives,False,False,False,,main,False
10.007886433337836,,422.75071146181693,Cu,Cu (Copper),metal,main/Cu/nk/Johnson.yml,Experimental data,,,,True,2.962440922190202,0.9840784751544821,0.9953425904351665,1.937,0.36559590670236397,0.2,,0.4936599423631124,,nan,nan,nan,"Johnson and Christy 1972: n,k 0.188–1.937 µm",Johnson,False,False,True,,main,True
27.647902438105206,,1236.1834171566736,Cu,Cu (Copper),metal,main/Cu/nk/McPeak.yml,Experimental data,,,,True,3.124794481,0.9702683303921014,0.9959099968665228,1.7,0.35082510854523086,0.3,,0.15342929,,nan,nan,nan,"McPeak et al. 2015: n,k 0.3–1.7 µm",McPeak,False,False,True,,main,True
43.86608565337363,,1921.9625146998706,Cu,Cu (Copper),metal,main/Cu/nk/Babar.yml,Experimental data,,,,True,3.0689966101694908,0.8871681499048943,0.9931881253280276,12.4,0.3670414150752152,0.2066,,0.11632461016949158,,nan,nan,nan,"Babar and Weaver 2015: n,k 0.2066–12.40 µm",Babar,False,False,True,,main,True
,,,Cu,Cu (Copper),error,main/Cu/nk/Brimhall.yml,Experimental data,,,range outside 0.2-30 um,,,,,,,,,,,,,,"Brimhall et al. 2009: n,k 0.0101–0.0421 µm",Brimhall,,,,,main,
3.9709162897458676,,176.58980422880572,Cu,Cu (Copper),metal,main/Cu/nk/Werner.yml,Experimental data,,,,True,4.9777853629500575,0.6226987163465578,0.8271608372793305,2.479684,0.35068219523596905,0.2,,0.6363368423344947,,nan,nan,nan,"Werner et al. 2009: n,k 0.01759–2.480 µm",Werner,False,False,True,,main,True
1.044781724362755,,6.846566576095909,Cu,Cu (Copper),other,main/Cu/nk/Stahrenberg.yml,Experimental data,,,,True,nan,0.49594,0.49594,0.49594,0.3501010203239332,0.2,,nan,,nan,nan,nan,"Stahrenberg et al. 2001: n,k 0.128–0.496 µm",Stahrenberg,False,False,True,,main,False
6.0068924404967605,,249.39459635088426,Cu,Cu (Copper),metal,main/Cu/nk/Ordal.yml,Experimental data,,,,True,3.361503267973856,0.9916962643723526,0.9916962643723526,30.0,0.517,0.517,,0.7471699346405232,,nan,nan,nan,"Ordal et al. 1985: n,k 0.517–55.6 µm",Ordal,False,False,True,,main,True
6.505906439180218,,229.388802008189,Cu,Cu (Copper),metal,main/Cu/nk/Querry.yml,Experimental data,4.423376508506226,0.2378082202367306,,True,2.815,0.9815516036435137,0.993834099404766,30.0,0.41616055907723865,0.21,,0.334,2,nan,nan,nan,"Querry 1985: n,k 0.21–55.6 µm",Querry,False,False,True,,main,True
10.090613642934699,,428.53169965670577,Cu,Cu (Copper),metal,main/Cu/nk/Hagemann.yml,Experimental data,,,,True,2.94993220338983,0.8266401450556713,0.997985967189926,30.0,0.3563753728409641,0.2,,0.4042169491525427,,nan,nan,nan,"Hagemann et al. 1974: n,k 0.0000248–248 µm",Hagemann,False,False,True,,main,True
12.179362942067131,,430.60781970102124,Cu,Cu (Copper),metal,main/Cu/nk/Rakic-BB.yml,Models and simulations,,,,True,3.098753507340946,0.8007009094883437,0.9932452396370464,12.398,0.3523315847005044,0.20664,,0.4083548450244699,,nan,nan,nan,"Rakić et al. 1998: Brendel-Bormann model; n,k 0.207–12.4 µm",Rakic-BB,False,False,True,,main,True
12.702481343305243,,524.4527945463626,Cu,Cu (Copper),metal,main/Cu/nk/Rakic-LD.yml,Models and simulations,,,,True,3.2369784665579115,0.9932452396370464,0.9932452396370464,12.398,0.3523315847005044,0.20664,,0.3985382381729201,,nan,nan,nan,"Rakić et al. 1998: Lorentz-Drude model; n,k 0.207–12.4 µm",Rakic-LD,False,False,True,,main,True
8.882166665976108,,368.4298630685623,Cu,Cu (Copper),metal,main/Cu/nk/Werner-DFT.yml,Models and simulations,,,,True,3.306600731707317,0.993247986702793,0.9995348937816277,2.479684,0.35068219523596905,0.2,,1.2263708696283393,,nan,nan,nan,"Werner et al. 2009: DFT calculations; n,k 0.01759–2.480 µm",Werner-DFT,False,False,True,,main,True
,,,Er,Er (Erbium),other,main/Er/nk/Larruquert.yml,Er - Erbium,3.2467816478977434,0.2519513104851509,,True,,,,0.382667245,,0.2,,,1,nan,nan,nan,"Larruquert et al. 2011: n,k 0.000784–0.383 µm",Larruquert,False,False,False,,main,False
,,,Eu,Eu (Europium),error,main/Eu/nk/Fernandez-Perea.yml,Eu - Europium,,,range outside 0.2-30 um,,,,,,,,,,,,,,"Fernández-Perea et al. 2008: n,k 0.000883–0.149 µm",Fernandez-Perea,,,,,main,
,,,BaF2,BaF2 (Barium fluoride),transparent dielectric,main/BaF2/nk/Li.yml,F - Fluorides,,,,False,,,,15.0,,0.2,,,,1.4646860126686783,1.4703925301543606,1.484505984783631,Li 1980: n 0.15–15.0 µm,Li,False,False,False,,main,False
,,,BaF2,BaF2 (Barium fluoride),transparent dielectric,main/BaF2/nk/Zheng-21C.yml,F - Fluorides,,,,False,,,,1.7,,0.22,,,,nan,1.4704988084534156,1.4842615078933423,Zheng et al. 2023: n 0.22–1.7 µm; 21 °C,Zheng-21C,True,False,False,,main,False
,,,BaF2,BaF2 (Barium fluoride),transparent dielectric,main/BaF2/nk/Zheng-186C.yml,F - Fluorides,,,,False,,,,1.7,,0.22,,,,nan,1.467230741778513,1.4808149881133084,Zheng et al. 2023: n 0.22–1.7 µm; 186 °C,Zheng-186C,True,False,False,,main,False
,,,BaF2,BaF2 (Barium fluoride),transparent dielectric,main/BaF2/nk/Zheng-368C.yml,F - Fluorides,,,,False,,,,1.7,,0.22,,,,nan,1.4647639450409122,1.4781208872930252,Zheng et al. 2023: n 0.22–1.7 µm; 368 °C,Zheng-368C,True,False,False,,main,False
,0.05280571858459418,,BaF2,BaF2 (Barium fluoride),phonon polariton,main/BaF2/nk/Querry.yml,F - Fluorides,0.2594012995856435,29.26988467157101,,True,0.0,,,30.0,,0.22,30.0,1.479,1,1.479,1.479,1.4927673493614964,"Querry 1987: n,k 0.220–167 µm",Querry,False,True,False,"(29.632693771358838, 30.0)",main,False
,,,BaF2,BaF2 (Barium fluoride),error,main/BaF2/nk/Bosomworth-5K.yml,F - Fluorides,,,ValueError('/home/claude/rii/data/main/BaF2/nk/Bosomworth-5K.yml: no refractive-,,,,,,,,,,,,,,Bosomworth 1967: k 55–1000 µm; 5 K,Bosomworth-5K,,,,,main,
,,,BaF2,BaF2 (Barium fluoride),error,main/BaF2/nk/Bosomworth-80K.yml,F - Fluorides,,,range outside 0.2-30 um,,,,,,,,,,,,,,"Bosomworth 1967: n,k 56.5–1000 µm; 80 K",Bosomworth-80K,,,,,main,
,,,BaF2,BaF2 (Barium fluoride),error,main/BaF2/nk/Bosomworth-200K.yml,F - Fluorides,,,ValueError('/home/claude/rii/data/main/BaF2/nk/Bosomworth-200K.yml: no refractiv,,,,,,,,,,,,,,Bosomworth 1967: k 71.5–1000 µm; 200 K,Bosomworth-200K,,,,,main,
,,,BaF2,BaF2 (Barium fluoride),error,main/BaF2/nk/Bosomworth-300K.yml,F - Fluorides,,,range outside 0.2-30 um,,,,,,,,,,,,,,"Bosomworth 1967: n,k 77–1000 µm; 300 K",Bosomworth-300K,,,,,main,
,,,BaF2,BaF2 (Barium fluoride),transparent dielectric,main/BaF2/nk/Malitson.yml,F - Fluorides,,,,False,,,,10.346,,0.2652,,,,1.4645452175679687,1.4703272394177727,1.4847505161131016,Malitson 1964: n 0.265–10.3 µm,Malitson,False,False,False,,main,False
,,,BaF2,BaF2 (Barium fluoride),transparent dielectric,main/BaF2/nk/Kaiser.yml,F - Fluorides,,,,True,,,,30.0,,10.0,,,,1.41297,nan,nan,"Kaiser et al. 1962: n,k 10–80 µm",Kaiser,False,False,False,,main,False
,,,CaF2,CaF2 (Calcium fluoride),transparent dielectric,main/CaF2/nk/Li.yml,F - Fluorides,,,,False,,,,12.0,,0.2,,,,1.4238462405858545,1.4304956609255894,1.441725542694333,Li 1980: n 0.15–12.0 µm; 20 °C,Li,False,False,False,,main,False
,,,CaF2,CaF2 (Calcium fluoride),transparent dielectric,main/CaF2/nk/Zheng-21C.yml,F - Fluorides,,,,False,,,,1.7,,0.22,,,,nan,1.4306073724278678,1.441862823857617,Zheng et al. 2023: n 0.22–1.7 µm; 21 °C,Zheng-21C,True,False,False,,main,False
,,,CaF2,CaF2 (Calcium fluoride),transparent dielectric,main/CaF2/nk/Zheng-186C.yml,F - Fluorides,,,,False,,,,1.7,,0.22,,,,nan,1.4281457787089715,1.4394085464378008,Zheng et al. 2023: n 0.22–1.7 µm; 186 °C,Zheng-186C,True,False,False,,main,False
,,,CaF2,CaF2 (Calcium fluoride),transparent dielectric,main/CaF2/nk/Zheng-368C.yml,F - Fluorides,,,,False,,,,1.7,,0.22,,,,nan,1.425559311246192,1.4368025935226252,Zheng et al. 2023: n 0.22–1.7 µm; 368 °C,Zheng-368C,True,False,False,,main,False
,,,CaF2,CaF2 (Calcium fluoride),transparent dielectric,main/CaF2/nk/Daimon-20.yml,F - Fluorides,,,,False,,,,2.326,,0.2,,,,1.423858592580717,1.430534809788411,1.4418157731983738,Daimon and Masumura 2002: n 0.138–2.326 µm; 20 °C,Daimon-20,False,False,False,,main,False
,,,CaF2,CaF2 (Calcium fluoride),transparent dielectric,main/CaF2/nk/Daimon-25.yml,F - Fluorides,,,,False,,,,2.326,,0.2,,,,1.4238068325046647,1.4304840481665198,1.441768545871931,Daimon and Masumura 2002: n 0.138–2.326 µm; 25 °C,Daimon-25,False,False,False,,main,False
,,,CaF2,CaF2 (Calcium fluoride),error,main/CaF2/nk/Bosomworth-5K.yml,F - Fluorides,,,ValueError('/home/claude/rii/data/main/CaF2/nk/Bosomworth-5K.yml: no refractive-,,,,,,,,,,,,,,Bosomworth 1967: k 45–1000 µm; 5 K,Bosomworth-5K,,,,,main,
,,,CaF2,CaF2 (Calcium fluoride),error,main/CaF2/nk/Bosomworth-80K.yml,F - Fluorides,,,range outside 0.2-30 um,,,,,,,,,,,,,,"Bosomworth 1967: n,k 49.5–1000 µm; 80 K",Bosomworth-80K,,,,,main,
,,,CaF2,CaF2 (Calcium fluoride),error,main/CaF2/nk/Bosomworth-200K.yml,F - Fluorides,,,ValueError('/home/claude/rii/data/main/CaF2/nk/Bosomworth-200K.yml: no refractiv,,,,,,,,,,,,,,Bosomworth 1967: k 47–1000 µm; 200 K,Bosomworth-200K,,,,,main,
,,,CaF2,CaF2 (Calcium fluoride),error,main/CaF2/nk/Bosomworth-300K.yml,F - Fluorides,,,range outside 0.2-30 um,,,,,,,,,,,,,,"Bosomworth 1967: n,k 52–1000 µm; 300 K",Bosomworth-300K,,,,,main,
,,,CaF2,CaF2 (Calcium fluoride),transparent dielectric,main/CaF2/nk/Malitson.yml,F - Fluorides,,,,False,,,,9.7,,0.23,,,,1.4238197551434275,1.430523180545429,1.4415757264856448,Malitson 1963: n 0.23–9.7 µm; 24 °C,Malitson,False,False,False,,main,False
,13.355962163437479,,CaF2,CaF2 (Calcium fluoride),phonon polariton,main/CaF2/nk/Kaiser.yml,F - Fluorides,0.16188591429220825,21.031197750525948,,True,,,,30.0,,10.0,30.0,,1,nan,nan,nan,"Kaiser et al. 1962: n,k 10–80 µm",Kaiser,False,True,False,"(21.08918514528543, 30.0)",main,False
,,,CdF2,CdF2 (Cadmium fluoride),error,main/CdF2/nk/Bosomworth-5K.yml,F - Fluorides,,,ValueError('/home/claude/rii/data/main/CdF2/nk/Bosomworth-5K.yml: no refractive-,,,,,,,,,,,,,,Bosomworth 1967: k 45–1000 µm; 5 K,Bosomworth-5K,,,,,main,
,,,CdF2,CdF2 (Cadmium fluoride),error,main/CdF2/nk/Bosomworth-80K.yml,F - Fluorides,,,range outside 0.2-30 um,,,,,,,,,,,,,,"Bosomworth 1967: n,k 54–1000 µm; 80 K",Bosomworth-80K,,,,,main,
,,,CdF2,CdF2 (Cadmium fluoride),error,main/CdF2/nk/Bosomworth-200K.yml,F - Fluorides,,,ValueError('/home/claude/rii/data/main/CdF2/nk/Bosomworth-200K.yml: no refractiv,,,,,,,,,,,,,,Bosomworth 1967: k 87–1000 µm; 200 K,Bosomworth-200K,,,,,main,
,,,CdF2,CdF2 (Cadmium fluoride),error,main/CdF2/nk/Bosomworth-300K.yml,F - Fluorides,,,range outside 0.2-30 um,,,,,,,,,,,,,,"Bosomworth 1967: n,k 100–1000 µm; 300 K",Bosomworth-300K,,,,,main,
,,,CeF3,CeF3 (Cerium trifluoride),transparent dielectric,main/CeF3/nk/Rodriguez-de Marcos.yml,F - Fluorides,,,,True,0.003403976009139376,,,2.017,,0.2,,1.6284202916984005,,1.6173085755210765,1.617357803786839,nan,"Rodríguez-de Marcos et al. 2017: n,k 0.03–2.0 µm",Rodriguez-de_Marcos,False,False,False,,main,False
,,,CsF,CsF (Cesium fluoride),transparent dielectric,main/CsF/nk/Li.yml,F - Fluorides,,,,False,,,,30.0,,0.2,,,,1.4690609231644476,1.4738679693591505,1.488290951626308,Li 1976: n 0.15–30 µm,Li,False,False,False,,main,False
,3.344902901496691,,GdF3,GdF3 (Gadolinium fluoride),phonon polariton,main/GdF3/nk/Franta.yml,F - Fluorides,0.4816263022514027,21.373072502713057,,True,2.0846965471240467e-06,,,30.0,,0.2,25.481268157048827,1.5850795614532949,2,1.5721877495834629,1.5805625400206251,1.597011970630356,"Franta et al. 2023: n,k 0.120–143 µm",Franta,False,True,False,"(21.643167563047655, 29.25590446259995)",main,False
,,,KF,KF (Potassium fluoride),transparent dielectric,main/KF/nk/Li.yml,F - Fluorides,,,,False,,,,22.0,,0.2,,,,1.355765423094884,1.3597559371986532,1.3690214901980158,Li 1976: n 0.15–22 µm,Li,False,False,False,,main,False
,,,LaF3,LaF3 (Lanthanum fluoride),transparent dielectric,main/LaF3/nk/Laihoa-o.yml,Crystal,,,,False,,,,0.7,,0.35,,,,nan,nan,1.617390905995239,Laihoa and Lakkistoa 1983: n(o) 0.35–0.70 µm,Laihoa-o,False,False,False,,main,False
,,,LaF3,LaF3 (Lanthanum fluoride),transparent dielectric,main/LaF3/nk/Laihoa-e.yml,Crystal,,,,False,,,,0.7,,0.35,,,,nan,nan,1.609827689334701,Laihoa and Lakkistoa 1983: n(e) 0.35–0.70 µm,Laihoa-e,False,False,False,,main,False
,,,LaF3,LaF3 (Lanthanum fluoride),transparent dielectric,main/LaF3/nk/Rodriguez-de Marcos.yml,Thin film,,,,True,0.0006697822120866592,,,2.00663,,0.2,,1.5846599019384264,,1.576122,1.5805025741394867,1.595727759417873,"Rodríguez-de Marcos et al. 2017: n,k 0.03–2.0 µm",Rodriguez-de_Marcos,False,False,False,,main,False
,,,LaF3,LaF3 (Lanthanum fluoride),transparent dielectric,main/LaF3/nk/Amotchkina.yml,Thin film,,,,True,,,,11.9739,,9.49308,,,,1.3623894485882169,nan,nan,"Amotchkina et al, 2020: n 0.4–12 µm, k 9.5–12 µm",Amotchkina,False,False,False,,main,False
,,,LiF,LiF (Lithium fluoride),transparent dielectric,main/LiF/nk/Li.yml,F - Fluorides,,,,False,,,,11.0,,0.2,,,,1.3785225355786557,1.3888984555501267,1.3986956384895037,Li 1976: n 0.10–11 µm,Li,False,False,False,,main,False
,,,LiCaAlF6,"LiCaAlF6 (Lithium calcium aluminum fluoride, LiCAF)",transparent dielectric,main/LiCaAlF6/nk/Woods-o.yml,F - Fluorides,,,,False,,,,1.0,,0.4,,,,nan,1.3894509477847,1.3988317519028346,Woods et al. 1991: n(o) 0.4–1.0 µm,Woods-o,False,False,False,,main,False
,,,LiCaAlF6,"LiCaAlF6 (Lithium calcium aluminum fluoride, LiCAF)",transparent dielectric,main/LiCaAlF6/nk/Woods-e.yml,F - Fluorides,,,,False,,,,1.0,,0.4,,,,nan,1.3881458021667548,1.397521581909936,Woods et al. 1991: n(e) 0.4–1.0 µm,Woods-e,False,False,False,,main,False
,,,MgF2,MgF2 (Magnesium fluoride),transparent dielectric,main/MgF2/nk/Li-o.yml,Crystal,,,,False,,,,7.5,,0.2,,,,1.36854688089265,1.3750537461606682,1.3837362419154748,Li 1980: n(o) 0.14–7.5 µm,Li-o,False,False,False,,main,False
,,,MgF2,MgF2 (Magnesium fluoride),transparent dielectric,main/MgF2/nk/Li-e.yml,Crystal,,,,False,,,,7.5,,0.2,,,,1.3797238162897987,1.3867161694353074,1.3958178192020956,Li 1980: n(e) 0.14–7.5 µm,Li-e,False,False,False,,main,False
,,,MgF2,MgF2 (Magnesium fluoride),transparent dielectric,main/MgF2/nk/Zheng-o-21C.yml,Crystal,,,,False,,,,1.7,,0.22,,,,nan,1.3750080176932733,1.3837779508266792,Zheng et al. 2023: n(o) 0.22–1.7 µm; 21 °C,Zheng-o-21C,True,False,False,,main,False
,,,MgF2,MgF2 (Magnesium fluoride),transparent dielectric,main/MgF2/nk/Zheng-o-186C.yml,Crystal,,,,False,,,,1.7,,0.22,,,,nan,1.373720385450278,1.3824419779093817,Zheng et al. 2023: n(o) 0.22–1.7 µm; 186 °C,Zheng-o-186C,True,False,False,,main,False
,,,MgF2,MgF2 (Magnesium fluoride),transparent dielectric,main/MgF2/nk/Zheng-o-368C.yml,Crystal,,,,False,,,,1.7,,0.22,,,,nan,1.3725866772119368,1.3812655625933272,Zheng et al. 2023: n(o) 0.22–1.7 µm; 368 °C,Zheng-o-368C,True,False,False,,main,False
,,,MgF2,MgF2 (Magnesium fluoride),transparent dielectric,main/MgF2/nk/Zheng-e-21C.yml,Crystal,,,,False,,,,1.7,,0.22,,,,nan,1.386908986867541,1.3960773794122245,Zheng et al. 2023: n(e) 0.22–1.7 µm; 21 °C,Zheng-e-21C,True,False,False,,main,False
,,,MgF2,MgF2 (Magnesium fluoride),transparent dielectric,main/MgF2/nk/Zheng-e-186C.yml,Crystal,,,,False,,,,1.7,,0.22,,,,nan,1.3859664232833546,1.3951030507198876,Zheng et al. 2023: n(e) 0.22–1.7 µm; 186 °C,Zheng-e-186C,True,False,False,,main,False
,,,MgF2,MgF2 (Magnesium fluoride),transparent dielectric,main/MgF2/nk/Zheng-e-368C.yml,Crystal,,,,False,,,,1.7,,0.22,,,,nan,1.3850561709240634,1.3941622279052601,Zheng et al. 2023: n(e) 0.22–1.7 µm; 368 °C,Zheng-e-368C,True,False,False,,main,False
,,,MgF2,MgF2 (Magnesium fluoride),transparent dielectric,main/MgF2/nk/Dodge-o.yml,Crystal,,,,False,,,,7.0,,0.2,,,,1.3677668088220476,1.3750293459151528,1.3838225252417071,Dodge 1984: n(o) 0.2–7.0 µm,Dodge-o,False,False,False,,main,False
,,,MgF2,MgF2 (Magnesium fluoride),transparent dielectric,main/MgF2/nk/Dodge-e.yml,Crystal,,,,False,,,,7.0,,0.2,,,,1.3790002223156115,1.3867143313881565,1.395898547341523,Dodge 1984: n(e) 0.2–7.0 µm,Dodge-e,False,False,False,,main,False
,,,MgF2,MgF2 (Magnesium fluoride),transparent dielectric,main/MgF2/nk/Rodriguez-de Marcos.yml,Thin film,,,,True,0.0005690846359130766,,,2.00146,,0.2,,1.4217333541746093,,1.416833,1.419326113377845,1.428619716221552,"Rodríguez-de Marcos et al. 2017: n,k 0.03–2.0 µm",Rodriguez-de_Marcos,False,False,False,,main,False
,13.404117397368717,,MgF2,MgF2 (Magnesium fluoride),phonon polariton,main/MgF2/nk/Franta.yml,Thin film,0.11987430140989214,16.213694184609462,,True,1.45403007394163e-18,,,30.0,,0.2,21.373072502713057,1.3826029896414627,2,1.3735553540750693,1.3797520353462323,1.3896300732760092,"Franta et al. 2017: n,k 0.0275–125 µm",Franta,False,True,False,"(16.418589325843044, 24.539146299852543)",main,False
,,,NaF,NaF (Sodium fluoride),transparent dielectric,main/NaF/nk/Li.yml,F - Fluorides,,,,False,,,,17.0,,0.2,,,,1.317916038147368,1.3226502568998781,1.3316817966396548,Li 1976: n 0.15–17 µm,Li,False,False,False,,main,False
,,,PbF2,PbF2 (Lead difluoride),transparent dielectric,main/PbF2/nk/Malitson.yml,F - Fluorides,,,,False,,,,11.9,,0.3,,,,1.729786405626298,1.7485393517138055,1.8164358419031048,Malitson and Dodge 1969: n 0.3–11.9 µm,Malitson,False,False,False,,main,False
,,,RbF,RbF (Rubidium fluoride),transparent dielectric,main/RbF/nk/Li.yml,F - Fluorides,,,,False,,,,25.0,,0.2,,,,1.3883085002402786,1.393661361645467,1.409116609190975,Li 1976: n 0.15–25 µm,Li,False,False,False,,main,False
,,,SF6,SF6 (Sulphur hexafluoride),transparent dielectric,main/SF6/nk/Vukovic.yml,F - Fluorides,,,,False,,,,1.3,,0.6,,,,nan,1.0007229598273586,1.000729047777778,Vukovic et al. 1996: n 0.6–1.3 µm,Vukovic,False,False,False,,main,False
,,,SrF2,SrF2 (Strontium fluoride),transparent dielectric,main/SrF2/nk/Li.yml,F - Fluorides,,,,False,,,,14.0,,0.2,,,,1.4291131882691481,1.4346520796222577,1.4462214136911244,Li 1980: n 0.15–12.0 µm,Li,False,False,False,,main,False
,3.3071044318430376,,SrF2,SrF2 (Strontium fluoride),phonon polariton,main/SrF2/nk/Rodriguez-de Marcos.yml,F - Fluorides,0.24813073030370325,26.129359483269592,,True,0.006883135619059366,,,30.0,,0.2,30.0,1.4864835715592488,1,1.4662004788780232,nan,nan,"Rodríguez-de Marcos et al. 2013: n,k 0.001582–682.2 µm",Rodriguez-de_Marcos,False,True,False,"(26.459560530650254, 30.0)",main,False
,,,SrF2,SrF2 (Strontium fluoride),transparent dielectric,main/SrF2/nk/Feldman.yml,F - Fluorides,,,,False,,,,11.5,,0.21,,,,1.429190366001014,1.4346522533932593,1.4461439745397178,Feldman et al. 1978: n 0.21–11.5 µm,Feldman,False,False,False,,main,False
,,,SrF2,SrF2 (Strontium fluoride),error,main/SrF2/nk/Bosomworth-5K.yml,F - Fluorides,,,ValueError('/home/claude/rii/data/main/SrF2/nk/Bosomworth-5K.yml: no refractive-,,,,,,,,,,,,,,Bosomworth 1967: k 46.5–500 µm; 5 K,Bosomworth-5K,,,,,main,
,,,SrF2,SrF2 (Strontium fluoride),error,main/SrF2/nk/Bosomworth-80K.yml,F - Fluorides,,,range outside 0.2-30 um,,,,,,,,,,,,,,"Bosomworth 1967: n,k 46.5–1000 µm; 80 K",Bosomworth-80K,,,,,main,
,,,SrF2,SrF2 (Strontium fluoride),error,main/SrF2/nk/Bosomworth-200K.yml,F - Fluorides,,,ValueError('/home/claude/rii/data/main/SrF2/nk/Bosomworth-200K.yml: no refractiv,,,,,,,,,,,,,,Bosomworth 1967: k 70–1000 µm; 200 K,Bosomworth-200K,,,,,main,
,,,SrF2,SrF2 (Strontium fluoride),error,main/SrF2/nk/Bosomworth-300K.yml,F - Fluorides,,,range outside 0.2-30 um,,,,,,,,,,,,,,"Bosomworth 1967: n,k 62.5–1000 µm; 300 K",Bosomworth-300K,,,,,main,
,3.327623909006383,,SrF2,SrF2 (Strontium fluoride),phonon polariton,main/SrF2/nk/Kaiser.yml,F - Fluorides,0.10406607755725594,26.431073006028353,,True,,,,30.0,,10.0,30.0,,1,1.36552,nan,nan,"Kaiser et al. 1962: n,k 10–80 µm",Kaiser,False,True,False,"(26.503948982113876, 30.0)",main,False
,,,ThF4,ThF4 (Thorium tetrafluoride),transparent dielectric,main/ThF4/nk/Heitmann.yml,F - Fluorides,,,,False,,,,0.76,,0.26,,,,nan,nan,1.5282354968595595,Heitmann and Ritter 1976: n 0.26–0.76 µm,Heitmann,False,False,False,,main,False
,,,YbF3,YbF3 (Ytterbium trifluoride),transparent dielectric,main/YbF3/nk/Amotchkina.yml,F - Fluorides,,,,True,,,,13.975,,9.0168,,,,1.4844900737952895,nan,nan,"Amotchkina et al, 2020: Thin film; n 0.4–14 µm, k 9.0–14 µm",Amotchkina,False,False,False,,main,False
,,,YLiF4,"YLiF4 (Yttrium lithium fluoride, YLF)",transparent dielectric,main/YLiF4/nk/Barnes-o.yml,F - Fluorides,,,,False,,,,2.6,,0.225,,,,1.4424165476944804,1.4502280644227774,1.4622425047106946,Barnes and Gettemy 1980: n(o) 0.225–2.6 µm,Barnes-o,False,False,False,,main,False
,,,YLiF4,"YLiF4 (Yttrium lithium fluoride, YLF)",transparent dielectric,main/YLiF4/nk/Barnes-e.yml,F - Fluorides,,,,False,,,,2.6,,0.225,,,,1.4644282287550818,1.472561374226695,1.485819090208831,Barnes and Gettemy 1980: n(e) 0.225–2.6 µm,Barnes-e,False,False,False,,main,False
0.26982765705037737,,1.6270337847888336,Fe,Fe (Iron),metal,main/Fe/nk/Johnson.yml,Experimental data,4.30971837716363,0.22031510074623753,,True,3.020857142857143,0.9953425904351665,0.9953425904351665,1.937,0.707435631028289,0.2,,2.9091428571428573,3,nan,nan,nan,"Johnson and Christy 1974: n,k 0.188–1.94 µm",Johnson,False,False,True,,main,True
2.320550168902137,,121.65681509251854,Fe,Fe (Iron),metal,main/Fe/nk/Werner.yml,Experimental data,249.89056242700562,1.0781548931640665,,True,6.766031848141695,0.548873976054441,0.7109246412617208,2.479684,0.35068219523596905,0.2,,1.4747405966898952,1,nan,nan,nan,"Werner et al. 2009: n,k 0.0176–2.48 µm",Werner,False,False,True,,main,True
0.26518741265499035,,1.8480518963433874,Fe,Fe (Iron),metal,main/Fe/nk/Ordal.yml,Experimental data,,,,True,nan,0.9956927660754135,0.9956927660754135,30.0,0.667,0.667,,nan,,nan,nan,nan,"Ordal et al. 1985: n,k 0.667–286 µm",Ordal,False,False,True,,main,True
0.6435119481802206,,3.5542962966238147,Fe,Fe (Iron),metal,main/Fe/nk/Querry.yml,Experimental data,,,,True,3.259,0.3674966210975484,0.993834099404766,30.0,0.35403897929618927,0.21,,2.328,,nan,nan,nan,"Querry 1985: n,k 0.21–55.6 µm",Querry,False,False,True,,main,True
0.8061698986108581,,9.633711849038693,Fe,Fe (Iron),metal,main/Fe/nk/Werner-DFT.yml,Models and simulations,23.924782534362897,0.5185734061196812,,True,3.4262379892566783,0.35068219523596905,0.35068219523596905,2.479684,0.35068219523596905,0.2,,3.3317634698025556,2,nan,nan,nan,"Werner et al. 2009: DFT calculations; n,k 0.0176–2.48 µm",Werner-DFT,False,False,True,,main,True
,,,BiFeO3,"BiFeO3 (Bismuth ferrite, BFO)",transparent dielectric,main/BiFeO3/nk/Kumar.yml,Fe - Iron and ferrites,,,,True,0.0,,,1.6693,,0.2,,3.0193911392405064,,nan,2.8362106513786363,3.0870143426201144,"Kumar et al. 2008: n 0.197–1.67 µm, k 0.197–0.576 µm",Kumar,False,False,False,,main,False
,,,Ge,Ge (Germanium),absorber (visible),main/Ge/nk/Aspnes.yml,"Bulk, thick film",29.075182551851327,0.29860976009295825,,True,1.405877966101696,,,0.8266,,0.2066,,5.695932203389831,1,nan,nan,nan,"Aspnes and Studna 1983: n,k 0.21–0.83 µm",Aspnes,False,False,False,,main,False
,,,Ge,Ge (Germanium),absorber (visible),main/Ge/nk/Amotchkina.yml,"Bulk, thick film",,,,True,2.906221703940362,,,11.0,,0.4,,3.0672724387646433,,4.052687024896118,4.313572298701344,nan,"Amotchkina et al, 2020: n,k 0.400–11.0 µm",Amotchkina,False,False,False,,main,False
,,,Ge,Ge (Germanium),absorber (visible),main/Ge/nk/Nunley.yml,"Bulk, thick film",30.54582907181997,0.29575705947665343,,True,1.3014137931034484,,,2.48,,0.2,,5.775172413793103,1,4.112861577934672,4.181089745921258,nan,"Nunley et al, 2016: n,k 0.188–2.48 µm",Nunley,False,False,False,,main,False
,,,Ge,Ge (Germanium),transparent dielectric,main/Ge/nk/Burnett.yml,"Bulk, thick film",,,,False,,,,14.0,,2.0,,,,4.108452025218496,4.108452025218496,nan,Burnett et al. 2016: n 2.00–14.0 µm,Burnett,False,False,False,,main,False
,,,Ge,Ge (Germanium),absorber (visible),main/Ge/nk/Jellison.yml,"Bulk, thick film",30.57930684429233,0.2965923546837403,,True,1.241,,,0.84,,0.234,,5.791,1,nan,nan,nan,"Jellison 1992: n,k 0.234–0.840 µm",Jellison,False,False,False,,main,False
,,,Ge,Ge (Germanium),transparent dielectric,main/Ge/nk/Li-100K.yml,"Bulk, thick film",,,,False,,,,18.0,,1.9,,,,4.018867968447032,4.029,nan,Li 1980: n 1.9–18 µm; 100 K,Li-100K,False,False,False,,main,False
,,,Ge,Ge (Germanium),transparent dielectric,main/Ge/nk/Li-150K.yml,"Bulk, thick film",,,,False,,,,18.0,,1.9,,,,4.036827381542009,4.0474,nan,Li 1980: n 1.9–18 µm; 150 K,Li-150K,False,False,False,,main,False
,,,Ge,Ge (Germanium),transparent dielectric,main/Ge/nk/Li-200K.yml,"Bulk, thick film",,,,False,,,,18.0,,1.9,,,,4.056986794636987,4.068,nan,Li 1980: n 1.9–18 µm; 200 K,Li-200K,False,False,False,,main,False
,,,Ge,Ge (Germanium),transparent dielectric,main/Ge/nk/Li-250K.yml,"Bulk, thick film",,,,False,,,,18.0,,1.9,,,,4.079246207731964,4.0907,nan,Li 1980: n 1.9–18 µm; 250 K,Li-250K,False,False,False,,main,False
,,,Ge,Ge (Germanium),transparent dielectric,main/Ge/nk/Li-293K.yml,"Bulk, thick film",,,,False,,,,18.0,,1.9,,,,4.09980562082694,4.1117,nan,Li 1980: n 1.9–18 µm; 293 K,Li-293K,False,False,False,,main,False
,,,Ge,Ge (Germanium),transparent dielectric,main/Ge/nk/Li-350K.yml,"Bulk, thick film",,,,False,,,,18.0,,1.9,,,,4.129144740469407,4.1417,nan,Li 1980: n 1.9–18 µm; 350 K,Li-350K,False,False,False,,main,False
,,,Ge,Ge (Germanium),transparent dielectric,main/Ge/nk/Li-400K.yml,"Bulk, thick film",,,,False,,,,18.0,,1.9,,,,4.156604153564384,4.1697,nan,Li 1980: n 1.9–18 µm; 400 K,Li-400K,False,False,False,,main,False
,,,Ge,Ge (Germanium),transparent dielectric,main/Ge/nk/Li-450K.yml,"Bulk, thick film",,,,False,,,,18.0,,1.9,,,,4.185463566659361,4.1993,nan,Li 1980: n 1.9–18 µm; 450 K,Li-450K,False,False,False,,main,False
,,,Ge,Ge (Germanium),transparent dielectric,main/Ge/nk/Li-500K.yml,"Bulk, thick film",,,,False,,,,18.0,,1.9,,,,4.215702686301826,4.2302,nan,Li 1980: n 1.9–18 µm; 500 K,Li-500K,False,False,False,,main,False
,,,Ge,Ge (Germanium),transparent dielectric,main/Ge/nk/Li-550K.yml,"Bulk, thick film",,,,False,,,,18.0,,1.9,,,,4.247121512491781,4.2623,nan,Li 1980: n 1.9–18 µm; 550 K,Li-550K,False,False,False,,main,False
,,,Ge,Ge (Germanium),transparent dielectric,main/Ge/nk/Icenogle.yml,"Bulk, thick film",,,,False,,,,12.0,,2.5,,,,4.064591716842358,nan,nan,Icenogle et al. 1976: n 2.5–12 µm; 293 K,Icenogle,False,False,False,,main,False
,,,Ge,Ge (Germanium),absorber (visible),main/Ge/nk/Ciesielski-2nm.yml,Thin film,,,,True,0.5113661485319517,,,2.0,,0.2,,3.30933506044905,,2.765,2.964379557476647,nan,"Ciesielski et al. 2018: 2 nm film; n,k 0.2–2 µm",Ciesielski-2nm,False,False,False,,main,False
0.1544571560683672,,0.38901183462157535,Ge,Ge (Germanium),ENZ,main/Ge/nk/Ciesielski-20nm.yml,Thin film,19.07545299384535,0.3839175944346223,,True,1.9310621761658033,0.3500561927860203,0.3500561927860203,2.0,0.3500561927860203,0.2,,4.753639032815199,1,4.169,4.269455470122261,nan,"Ciesielski et al. 2018: 20 nm film; n,k 0.2–2 µm",Ciesielski-20nm,False,False,True,,main,False
,,,Ge,Ge (Germanium),absorber (visible),main/Ge/nk/Amotchkina-film.yml,Thin film,,,,True,2.42868,,,15.0,,0.4,,3.70244,,4.2592504534569935,nan,nan,"Amotchkina et al, 2020: 0.42 µm film; n,k 0.4–15 µm",Amotchkina-film,False,False,False,,main,False
,,,Bi4Ge3O12,"Bi4Ge3O12 (Bismuth germanate, BGO)",transparent dielectric,main/Bi4Ge3O12/nk/Williams.yml,Ge - Germanium and germanates,,,,False,,,,1.0,,0.305,,,,nan,2.070905338501045,2.2174302596737134,Williams et al. 1996: n 0.305–1.0 µm,Williams,False,False,False,,main,False
,,,Bi12GeO20,"Bi12GeO20 (Bismuth germanate, BGO)",transparent dielectric,main/Bi12GeO20/nk/Simon.yml,Ge - Germanium and germanates,,,,False,,,,0.7,,0.45,,,,nan,nan,2.7413810236192857,Simon et al. 1997: n 0.45–0.70 µm,Simon,False,False,False,,main,False
,,,Pb5Ge3O11,"Pb5Ge3O11 (Lead germanate, PGO)",transparent dielectric,main/Pb5Ge3O11/nk/Simon-o.yml,Ge - Germanium and germanates,,,,False,,,,0.7,,0.45,,,,nan,nan,2.2118164524402357,Simon et al. 1997: n(o) 0.45–0.70 µm,Simon-o,False,False,False,,main,False
,,,Pb5Ge3O11,"Pb5Ge3O11 (Lead germanate, PGO)",transparent dielectric,main/Pb5Ge3O11/nk/Simon-e.yml,Ge - Germanium and germanates,,,,False,,,,0.7,,0.45,,,,nan,nan,2.2488960664340776,Simon et al. 1997: n(e) 0.45–0.70 µm,Simon-e,False,False,False,,main,False
,,,H2,H2 (Hydrogen),other,main/H2/nk/Smith.yml,"H, D - Hydrogen, deuterium, and hydrides",,,,False,,,,0.28945,,0.2,,,,nan,nan,nan,Smith et al. 1976: n 0.168–0.289 µm,Smith,False,False,False,,main,False
,,,H2,H2 (Hydrogen),transparent dielectric,main/H2/nk/Peck.yml,"H, D - Hydrogen, deuterium, and hydrides",,,,False,,,,1.6945,,0.2,,,,nan,1.0001373711948327,1.000142527972401,Peck and Hung 1977: n 0.168–1.695 µm,Peck,False,False,False,,main,False
,,,H2,H2 (Hydrogen),transparent dielectric,main/H2/nk/Koch.yml,"H, D - Hydrogen, deuterium, and hydrides",,,,False,,,,0.5462,,0.2302,,,,nan,nan,1.0001429007206832,Koch 1913: n 0.230–0.546 µm,Koch,False,False,False,,main,False
,,,D2,D2 (Deuterium),transparent dielectric,main/D2/nk/Weber.yml,"H, D - Hydrogen, deuterium, and hydrides",,,,False,,,,0.579065,,0.230209,,,,nan,nan,1.0001408742228577,Weber: n 0.230–0.579 µm,Weber,False,False,False,,main,False
,,,NH3,NH3 (Ammonia),transparent dielectric,main/NH3/nk/Cuthbertson.yml,"H, D - Hydrogen, deuterium, and hydrides",,,,False,,,,0.670785,,0.47999,,,,nan,nan,1.0003829449127202,Cuthbertson and Cuthbertson 1914: n 0.480–0.671 µm,Cuthbertson,False,False,False,,main,False
,,,MgH2,MgH2 (Magnesium hydride),absorber (visible),main/MgH2/nk/Palm.yml,"H, D - Hydrogen, deuterium, and hydrides",,,,True,1.1299496596492045,,,1.684528687,,0.250019531,,1.9481553336487931,,nan,nan,nan,"Palm et al. 2018: n,k 0.250–1.68 µm",Palm,False,False,False,,main,False
0.19506524831240019,,0.49825206449066717,TiH2,TiH2 (Titanium hydride),metal,main/TiH2/nk/Palm.yml,"H, D - Hydrogen, deuterium, and hydrides",4.532913202023664,0.34159295633972,,True,2.47130345466716,0.6093988486062917,0.9980032355633469,1.684528687,0.6093988486062917,0.226076263,,2.0349540979638063,1,nan,nan,nan,"Palm et al. 2018: n,k 0.226–1.68 µm",Palm,False,False,True,,main,True
,,,He,He (Helium),transparent dielectric,main/He/nk/Borzsonyi.yml,He - Helium,,,,False,,,,1.0,,0.4,,,,nan,1.000034287940929,1.0000346506511208,Börzsönyi et al. 2008: n 0.4–1.0 µm,Borzsonyi,False,False,False,,main,False
,,,He,He (Helium),transparent dielectric,main/He/nk/Ermolov.yml,He - Helium,,,,False,,,,1.0,,0.2,,,,nan,1.0000347904267117,1.0000351222017603,Ermolov et al. 2015: n 0.09–1.00 µm,Ermolov,False,False,False,,main,False
,,,He,He (Helium),other,main/He/nk/Smith.yml,He - Helium,,,,False,,,,0.28824,,0.2,,,,nan,nan,nan,Smith et al. 1976: n 0.168–0.288 µm,Smith,False,False,False,,main,False
,,,He,He (Helium),transparent dielectric,main/He/nk/Mansfield.yml,He - Helium,,,,False,,,,2.0586,,0.4801,,,,1.0000346939142244,1.000034801801223,1.0000350320665266,Mansfield and Peck 1969: n 0.480–2.06 µm,Mansfield,False,False,False,,main,False
,,,He,He (Helium),transparent dielectric,main/He/nk/Cuthbertson.yml,He - Helium,,,,False,,,,0.5462,,0.2753,,,,nan,nan,1.000035126937638,Cuthbertson and Cuthbertson 1936: n 0.275–0.546 µm,Cuthbertson,False,False,False,,main,False
,,,Hf,Hf (Hafnium),error,main/Hf/nk/Windt.yml,Hf - Hafnium,,,range outside 0.2-30 um,,,,,,,,,,,,,,"Windt et al. 1988: n,k 0.00240–0.122 µm",Windt,,,,,main,
2.0767056735012597,,26.57343999562073,Hg,Hg (Mercury),metal,main/Hg/nk/Inagaki.yml,Hg - Mercury,,,,True,5.008495975869411,0.3529492387280901,0.6228658255936915,6.19921,0.3529492387280901,0.2,,1.8077352164655784,,nan,nan,nan,"Inagaki et al. 1981: n,k 0.0636–6.20 µm",Inagaki,False,False,True,,main,True
,,,Ho,Ho (Holmium),other,main/Ho/nk/Fernandez-Perea.yml,Ho - Holmium,4.199898561123286,0.2909193462123618,,True,nan,,,0.413280625,,0.2,,nan,1,nan,nan,nan,"Fernández-Perea et al. 2011: n,k 0.000922–0.413 µm",Fernandez-Perea,False,False,False,,main,False
,,,CsI,CsI (Cesium iodide),transparent dielectric,main/CsI/nk/Li.yml,I - Iodides and iodates,,,,False,,,,30.0,,0.25,,,,1.7465311616794523,1.7661189750874202,1.8480474565021914,Li 1976: n 0.25–67 µm,Li,False,False,False,,main,False
,,,CsI,CsI (Cesium iodide),transparent dielectric,main/CsI/nk/Querry.yml,I - Iodides and iodates,,,,True,0.0,,,30.0,,0.22,,1.737,,1.741,1.74,1.792836746807481,"Querry 1987: n,k 0.22–167 µm",Querry,False,False,False,,main,False
,,,CsI,CsI (Cesium iodide),transparent dielectric,main/CsI/nk/Rodney.yml,I - Iodides and iodates,,,,False,,,,30.0,,0.2967,,,,1.7461492195660615,1.7655988766713322,1.8497292020155909,Rodney 1955: n 0.2967–50 µm,Rodney,False,False,False,,main,False
,,,KI,KI (Potassium iodide),transparent dielectric,main/KI/nk/Li.yml,I - Iodides and iodates,,,,False,,,,30.0,,0.25,,,,1.631268156702569,1.6480236894181572,1.718666320826926,Li 1976: n 0.25–50 µm,Li,False,False,False,,main,False
,,,LiI,LiI (Lithium iodide),transparent dielectric,main/LiI/nk/Li.yml,I - Iodides and iodates,,,,False,,,,25.0,,0.25,,,,1.9482955737319758,1.9521697774620153,1.9634750930992744,Li 1976: n 0.25–25 µm,Li,False,False,False,,main,False
,,,NaI,NaI (Sodium iodide),transparent dielectric,main/NaI/nk/Jellison.yml,I - Iodides and iodates,,,,False,,,,0.633,,0.436,,,,nan,nan,1.8390686103144551,Jellison et al. 2012: n 0.436–0.633 µm,Jellison,False,False,False,,main,False
,,,NaI,NaI (Sodium iodide),transparent dielectric,main/NaI/nk/Li.yml,I - Iodides and iodates,,,,False,,,,30.0,,0.25,,,,1.7374192179051164,1.7555548111643293,1.8274413198397572,Li 1976: n 0.25–40 µm,Li,False,False,False,,main,False
,,,PbI2,PbI2 (Lead iodide),transparent dielectric,main/PbI2/nk/Frisenda.yml,I - Iodides and iodates,,,,True,0.0,,,0.7935374,,0.4234589,,3.208577789786544,,nan,nan,3.2647693935397966,"Frisenda et al. 2017: n,k 0.423–0.794 µm",Frisenda,False,False,False,,main,False
,,,RbI,RbI (Rubidium iodide),transparent dielectric,main/RbI/nk/Li.yml,I - Iodides and iodates,,,,False,,,,30.0,,0.24,,,,1.6151696840918084,1.6303693825735122,1.696937878590013,Li 1976: n 0.24–64 µm,Li,False,False,False,,main,False
,,,LiIO3,LiIO3 (Lithium iodate),transparent dielectric,main/LiIO3/nk/Umegaki-o.yml,I - Iodides and iodates,,,,False,,,,5.7,,0.4,,,,1.8417905271556096,1.8673003971825854,1.9471720918758184,Umegaki et al. 1971: n(o) 0.4–5.7 µm,Umegaki-o,False,False,False,,main,False
,,,LiIO3,LiIO3 (Lithium iodate),transparent dielectric,main/LiIO3/nk/Umegaki-e.yml,I - Iodides and iodates,,,,False,,,,5.7,,0.4,,,,1.7067179330332451,1.7242577340308571,1.784604165132116,Umegaki et al. 1971: n(e) 0.4–5.7 µm,Umegaki-e,False,False,False,,main,False
,,,LiIO3,LiIO3 (Lithium iodate),transparent dielectric,main/LiIO3/nk/Herbst-o.yml,I - Iodides and iodates,,,,False,,,,5.0,,0.5461,,,,1.842228546674784,1.8663089802460704,1.8945046246696344,Herbst 1976: n(o) 0.546–5.0 µm,Herbst-o,False,False,False,,main,False
,,,LiIO3,LiIO3 (Lithium iodate),transparent dielectric,main/LiIO3/nk/Herbst-e.yml,I - Iodides and iodates,,,,False,,,,5.0,,0.5461,,,,1.7068020585947836,1.7241371701883783,1.7452345977384827,Herbst 1976: n(e) 0.546–5.0 µm,Herbst-e,False,False,False,,main,False
3.2411900877768156,,85.4797474676454,In,In (Indium),metal,main/In/nk/Mathewson-298K.yml,In - Indium,,,,True,5.3285,0.3501007265681033,0.9970620320435885,1.7712,0.3501007265681033,0.3444,,1.1821733333333333,,nan,nan,nan,"Mathewson and Myers 1971: n,k 0.344–1.77 µm; 298 K",Mathewson-298K,False,False,True,,main,True
4.130009391784324,,93.9042757850106,In,In (Indium),metal,main/In/nk/Mathewson-140K.yml,In - Indium,,,,True,5.6687433333333335,0.3501007265681033,0.7092141487301837,1.7712,0.3501007265681033,0.3444,,1.06711,,nan,nan,nan,"Mathewson and Myers 1971: n,k 0.344–1.77 µm; 140 K",Mathewson-140K,False,False,True,,main,True
3.282674772036475,,115.5930775928022,In,In (Indium),metal,main/In/nk/Golovashkin-295K.yml,In - Indium,,,,True,5.02,0.55,0.9982412686493232,10.0,0.55,0.55,,0.795,,nan,nan,nan,"Golovashkin et al. 1967: n,k 0.55–10 µm; 295 K",Golovashkin-295K,False,False,True,,main,True
3.3073587938160114,,116.33522083633392,In,In (Indium),metal,main/In/nk/Golovashkin-4.2K.yml,In - Indium,,,,True,5.08,0.55,0.9982412686493232,10.0,0.55,0.55,,0.77,,nan,nan,nan,"Golovashkin et al. 1967: n,k 0.55–10 µm; 4.2 K",Golovashkin-4.2K,False,False,True,,main,True
,,,Ir,Ir (Iridium),error,main/Ir/nk/Windt.yml,Ir - Iridium,,,range outside 0.2-30 um,,,,,,,,,,,,,,"Windt et al. 1988: n,k 0.0024–0.122 µm",Windt,,,,,main,
0.8046641300390972,,30.99803681978188,Ir,Ir (Iridium),metal,main/Ir/nk/Schmitt-ALD.yml,Ir - Iridium,,,,True,5.357040404040404,0.3773281607946516,0.9948826342754912,20.0,0.35208216877311066,0.2,,2.803121212121212,,nan,nan,nan,"Schmitt et al. 2022: n,k 0.200–20.0 µm; ALD deposition",Schmitt-ALD,False,False,True,,main,True
0.7582925477894199,,26.446767644661108,Ir,Ir (Iridium),metal,main/Ir/nk/Schmitt-MS.yml,Ir - Iridium,,,,True,5.391808080808081,0.4644562192555451,0.9948826342754912,20.0,0.35208216877311066,0.2,,2.868888888888889,,nan,nan,nan,"Schmitt et al. 2022: n,k 0.200–20.0 µm; MS deposition",Schmitt-MS,False,False,True,,main,True
0.9285272269998663,,17.317457342752018,Ir,Ir (Iridium),metal,main/Ir/nk/Roberts.yml,Ir - Iridium,,,,True,4.985,0.4606870135310023,0.7098153894624949,0.75,0.3507700468224901,0.25,,2.354,,nan,nan,nan,"Roberts 1986: n,k 0.250–0.750 µm",Roberts,False,False,True,,main,True
0.6289819376026273,,7.709808998357967,Ir,Ir (Iridium),other,main/Ir/nk/Hass-40C.yml,Ir - Iridium,,,,True,nan,0.5461,0.5461,0.5461,0.35062634768575907,0.2,,nan,,nan,nan,nan,"Hass et al. 1967: n,k 0.005–0.546 µm; deposited at 40 °C",Hass-40C,True,False,True,,main,False
0.7675215714342516,,14.815008380452495,Ir,Ir (Iridium),other,main/Ir/nk/Hass-300C.yml,Ir - Iridium,,,,True,nan,0.5461,0.5461,0.5461,0.35062634768575907,0.2,,nan,,nan,nan,nan,"Hass et al. 1967: n,k 0.005–0.546 µm; deposited at 300 °C",Hass-300C,True,False,True,,main,False
37.409402244071224,,335.3847297858516,K,K (Potassium),metal,main/K/nk/Smith.yml,K - Potassium,0.07077349219393893,0.3219294034937284,,True,1.6201236204931753,0.9964318355957777,0.9964318355957777,2.237982,0.543113813445406,0.312539,,0.05309342629732166,1,nan,nan,nan,"Smith 1969: n,k 0.313–2.24 µm",Smith,False,False,True,,main,True
38.2543354743083,,118.47639302175149,K,K (Potassium),ENZ,main/K/nk/Monin.yml,K - Potassium,0.07558731137829035,0.32593393756600536,,True,1.6838095238095239,0.62,0.62,0.62,0.5347750481146547,0.2536,,0.026333333333333334,1,nan,nan,nan,"Monin and Boutry 1974: n,k 0.254–0.620 µm; 195 K",Monin,False,False,True,,main,False
,,,K,K (Potassium),other,main/K/nk/Whang.yml,K - Potassium,,,,True,,,,0.315,,0.2,,,,nan,nan,nan,"Whang et al. 1972: n,k 0.116–0.315 µm",Whang,False,False,False,,main,False
,,,K,K (Potassium),other,main/K/nk/Sutherland.yml,K - Potassium,,,,False,,,,0.3131,,0.2,,,,nan,nan,nan,Sutherland and Arakawa 1968: n 0.128–0.313 µm,Sutherland,False,False,False,,main,False
,,,K,K (Potassium),other,main/K/nk/Althoff.yml,K - Potassium,,,,True,,,,10.15,,2.5,,,,nan,nan,nan,"Althoff and Hertz 1967: n,k 2.5–10.15 µm",Althoff,False,False,False,,main,False
8.321127524054749,,20.437221751240003,K,K (Potassium),ENZ,main/K/nk/Ives.yml,K - Potassium,0.14788227590672046,0.34000004356407004,,True,nan,0.578,0.578,0.578,0.5455324249986319,0.2536,,nan,1,nan,nan,nan,"Ives and Briggs 1936: n,k 0.254–0.578 µm",Ives,False,False,True,,main,False
,,,Kr,Kr (Krypton),transparent dielectric,main/Kr/nk/Bideau-Mehu.yml,Gas,,,,False,,,,0.6234,,0.2,,,,nan,nan,1.0004384002354034,Bideau-Mehu et al. 1981: n 0.140–0.623 µm,Bideau-Mehu,False,False,False,,main,False
,,,Kr,Kr (Krypton),transparent dielectric,main/Kr/nk/Borzsonyi.yml,Gas,,,,False,,,,1.0,,0.4,,,,nan,1.0004196966096612,1.0004342252274931,Börzsönyi et al. 2008: n 0.4–1.0 µm,Borzsonyi,False,False,False,,main,False
,,,Kr,Kr (Krypton),other,main/Kr/nk/Smith.yml,Gas,,,,False,,,,0.29806,,0.2,,,,nan,nan,nan,Smith et al. 1976: n 0.164–0.298 µm,Smith,False,False,False,,main,False
,,,Kr,Kr (Krypton),transparent dielectric,main/Kr/nk/Koch.yml,Gas,,,,False,,,,0.623437,,0.230209,,,,nan,nan,1.0004401813945791,Koch 1949: n 0.230–0.623 µm,Koch,False,False,False,,main,False
,,,Kr,Kr (Krypton),transparent dielectric,main/Kr/nk/Cuthbertson.yml,Gas,,,,False,,,,0.6708,,0.48,,,,nan,nan,1.0004317926645907,Cuthbertson and Cuthbertson 1910: n 0.480–0.671 µm,Cuthbertson,False,False,False,,main,False
,,,Kr,Kr (Krypton),transparent dielectric,main/Kr/nk/Sinnock-liquid-126K.yml,Liquid,,,,False,,,,0.6439,,0.3631,,,,nan,nan,1.2977140210345575,Sinnock and Smith 1969: Liquid at 126 K; n 0.363–0.644 µm,Sinnock-liquid-126K,False,False,False,,main,False
,,,Kr,Kr (Krypton),transparent dielectric,main/Kr/nk/Sinnock-liquid-122K.yml,Liquid,,,,False,,,,0.6439,,0.3631,,,,nan,nan,1.3022140210345576,Sinnock and Smith 1969: Liquid at 122 K; n 0.363–0.644 µm,Sinnock-liquid-122K,False,False,False,,main,False
,,,Kr,Kr (Krypton),transparent dielectric,main/Kr/nk/Sinnock-liquid-118K.yml,Liquid,,,,False,,,,0.6439,,0.3631,,,,nan,nan,1.3069140210345576,Sinnock and Smith 1969: Liquid at 118 K; n 0.363–0.644 µm,Sinnock-liquid-118K,False,False,False,,main,False
,,,Kr,Kr (Krypton),transparent dielectric,main/Kr/nk/Sinnock-liquid-115.95K.yml,Liquid,,,,False,,,,0.6439,,0.3631,,,,nan,nan,1.3094140210345575,Sinnock and Smith 1969: Liquid at 115.95 K; n 0.363–0.644 µm,Sinnock-liquid-115.95K,False,False,False,,main,False
,,,Kr,Kr (Krypton),transparent dielectric,main/Kr/nk/Sinnock-solid-115.95K.yml,Solid,,,,False,,,,0.6439,,0.3631,,,,nan,nan,1.3542382273449247,Sinnock and Smith 1969: Solid at 115.95 K; n 0.363–0.644 µm,Sinnock-solid-115.95K,False,False,False,,main,False
,,,Kr,Kr (Krypton),transparent dielectric,main/Kr/nk/Sinnock-solid-105K.yml,Solid,,,,False,,,,0.6439,,0.3631,,,,nan,nan,1.360524426643773,Sinnock and Smith 1969: Solid at 105 K; n 0.363–0.644 µm,Sinnock-solid-105K,False,False,False,,main,False
,,,Kr,Kr (Krypton),transparent dielectric,main/Kr/nk/Sinnock-solid-95K.yml,Solid,,,,False,,,,0.6439,,0.3631,,,,nan,nan,1.365324426643773,Sinnock and Smith 1969: Solid at 95 K; n 0.363–0.644 µm,Sinnock-solid-95K,False,False,False,,main,False
,,,Kr,Kr (Krypton),transparent dielectric,main/Kr/nk/Sinnock-solid-85K.yml,Solid,,,,False,,,,0.6439,,0.3631,,,,nan,nan,1.369324426643773,Sinnock and Smith 1969: Solid at 85 K; n 0.363–0.644 µm,Sinnock-solid-85K,False,False,False,,main,False
,,,Kr,Kr (Krypton),transparent dielectric,main/Kr/nk/Sinnock-solid-75K.yml,Solid,,,,False,,,,0.6439,,0.3631,,,,nan,nan,1.372824426643773,Sinnock and Smith 1969: Solid at 75 K; n 0.363–0.644 µm,Sinnock-solid-75K,False,False,False,,main,False
,,,Kr,Kr (Krypton),transparent dielectric,main/Kr/nk/Sinnock-solid-67K.yml,Solid,,,,False,,,,0.6439,,0.3631,,,,nan,nan,1.375424426643773,Sinnock and Smith 1969: Solid at 67 K; n 0.363–0.644 µm,Sinnock-solid-67K,False,False,False,,main,False
11.354965089550108,,285.63868353903064,Li,Li (Lithium),metal,main/Li/nk/Mathewson-298K.yml,Li - Lithium,,,,True,2.87878,0.8836688979315509,0.9992821376524088,1.7712,0.3506547643386162,0.32627,,0.14762333333333333,,nan,nan,nan,"Mathewson and Myers 1971: n,k 0.326–1.77 µm; 298 K",Mathewson-298K,False,False,True,,main,True
14.068985780113252,,365.6082880050173,Li,Li (Lithium),metal,main/Li/nk/Mathewson-140K.yml,Li - Lithium,,,,True,2.8890699999999994,0.9963611867357874,0.9963611867357874,1.7712,0.3511154007888006,0.33968,,0.12286666666666665,,nan,nan,nan,"Mathewson and Myers 1971: n,k 0.340–1.77 µm; 140 K",Mathewson-140K,False,False,True,,main,True
6.640684826873702,,139.92107613775775,Li,Li (Lithium),metal,main/Li/nk/Rasigni.yml,Li - Lithium,,,,True,2.7458018867924525,0.752042258775727,0.9948691405013533,8.266,0.3633127063679448,0.2,,0.21424528301886792,,nan,nan,nan,"Rasigni and Rasigni 1977: n,k 0.116–8.27 µm",Rasigni,False,False,True,,main,True
10.477957636399397,,262.60255108308365,Li,Li (Lithium),metal,main/Li/nk/Inagaki.yml,Li - Lithium,,,,True,2.92,0.9538776292694419,0.999058057398339,2.066,0.3510544649061937,0.326,,0.193,,nan,nan,nan,"Inagaki et al. 1976: n,k 0.326–2.07 µm",Inagaki,False,False,True,,main,True
,,,Li,Li (Lithium),other,main/Li/nk/Callcott.yml,Li - Lithium,,,,True,,,,0.2066,,0.2,,,,nan,nan,nan,"Callcott and Arakawa 1974: n,k 0.115–0.207 µm",Callcott,False,False,False,,main,False
0.753498994953251,,4.127155490887639,Lu,Lu (Lutetium),metal,main/Lu/nk/Garcia-Cortes.yml,Lu - Lutetium,,,,True,3.457075326498906,0.3940384364502693,0.44676301708846183,30.0,0.35192800035960925,0.2,,2.122521165789824,,nan,nan,nan,"García-Cortés et al. 2010: n,k 0.0000000827–700500 µm",Garcia-Cortes,False,False,True,,main,True
9.928815845029831,,310.4150607308523,Mg,Mg (Magnesium),metal,main/Mg/nk/Hagemann.yml,Mg - Magnesium,236.46545532081774,1.7385375889037311,,True,5.539651500484027,0.3528771421020994,0.8220353422295671,24.8,0.3528771421020994,0.2,,0.36292836398838335,2,nan,nan,nan,"Hagemann et al. 1974: n,k 0.0000248–24.8 µm",Hagemann,False,False,True,,main,True
6.3662006505909785,,141.70710129904566,Mg,Mg (Magnesium),metal,main/Mg/nk/Palm.yml,Mg - Magnesium,,,,True,5.359616260135536,0.3544499793813926,0.9955627902752504,1.684528687,0.35107673500498215,0.250019531,,0.9053844089604853,,nan,nan,nan,"Palm et al. 2018: n,k 0.250–1.68 µm",Palm,False,False,True,,main,True
,,,Mg,Mg (Magnesium),error,main/Mg/nk/Vidal-Dasilva.yml,Mg - Magnesium,,,range outside 0.2-30 um,,,,,,,,,,,,,,"Vidal-Dasilva et al. 2010: n,k 0.000954–0.0496 µm",Vidal-Dasilva,,,,,main,
0.3785919568755312,,3.2154359744449232,Mn,Mn (Manganese),metal,main/Mn/nk/Johnson.yml,Mn - Manganese,6.617369122318274,0.24269371808412393,,True,3.4865714285714287,0.7531346584953279,0.9840784751544821,1.937,0.3513187519015399,0.2,,2.4905714285714287,1,nan,nan,nan,"Johnson and Christy 1974: n,k 0.188–1.937 µm",Johnson,False,False,True,,main,True
0.7090719581597736,,3.596400512300042,Mn,Mn (Manganese),metal,main/Mn/nk/Querry.yml,Mn - Manganese,62.14775640559599,1.923287047823693,,True,3.442,0.360103672384402,0.46071248888872757,30.0,0.35133976535002154,0.22,,2.223,1,nan,nan,nan,"Querry 1987: n,k 0.220–55.6 µm",Querry,False,False,True,,main,True
6.534964933812247,,446.20289872424183,Mo,Mo (Molybdenum),metal,main/Mo/nk/Werner.yml,Experimental data,,,,True,8.262823874854819,0.4513613602146614,0.8271608372793305,2.479684,0.35068219523596905,0.2,,0.7286538835656211,,nan,nan,nan,"Werner et al. 2009: n,k 0.01759–2.480 µm",Werner,False,False,True,,main,True
0.4545862528456418,,4.200823923174692,Mo,Mo (Molybdenum),metal,main/Mo/nk/Ordal.yml,Experimental data,22.653840292036307,0.8466364762643832,,True,nan,0.9956927660754135,0.9956927660754135,30.0,0.8879963975055191,0.667,,nan,1,nan,nan,nan,"Ordal et al. 1988: n,k 0.667–154 µm",Ordal,False,False,True,,main,True
,,,Mo,Mo (Molybdenum),error,main/Mo/nk/Windt.yml,Experimental data,,,range outside 0.2-30 um,,,,,,,,,,,,,,"Windt et al. 1988: n,k 0.0024–0.1216 µm",Windt,,,,,main,
0.31794903740020997,,3.322717661104661,Mo,Mo (Molybdenum),metal,main/Mo/nk/Querry.yml,Experimental data,39.8932490072297,0.29259181787503336,,True,3.717,0.9941055526251786,0.9941055526251786,30.0,0.9109441732368276,0.2063,,4.981,2,nan,nan,nan,"Querry 1987: n,k 0.206–167 µm",Querry,False,False,True,,main,True
0.439254544229879,,4.138284345743506,Mo,Mo (Molybdenum),metal,main/Mo/nk/Kirillova.yml,Experimental data,,,,True,3.56,0.994043591845828,0.994043591845828,20.0,0.3512430555482693,0.265,,3.38,,nan,nan,nan,"Kirillova et al. 1971: n,k 0.265–20 µm",Kirillova,False,False,True,,main,True
0.6282608325905386,,9.217097873197947,Mo,Mo (Molybdenum),metal,main/Mo/nk/Werner-DFT.yml,Models and simulations,24.219038656578913,0.3711727762341976,,True,3.834870868176539,0.9995348937816277,0.9995348937816277,2.479684,0.4513613602146614,0.2,,4.272748150406504,4,nan,nan,nan,"Werner et al. 2009: DFT calculations; n,k 0.0176–2.48 µm",Werner-DFT,False,False,True,,main,True
,,,CaMoO4,CaMoO4 (Calcium molybdate),transparent dielectric,main/CaMoO4/nk/Bond-o.yml,Mo - Molybdenum and molybdates,,,,False,,,,3.8,,0.45,,,,1.939365973978646,1.9689210225039582,2.0301036002387427,Bond 1965: n(o) 0.45–3.8 µm,Bond-o,False,False,False,,main,False
,,,CaMoO4,CaMoO4 (Calcium molybdate),transparent dielectric,main/CaMoO4/nk/Bond-e.yml,Mo - Molybdenum and molybdates,,,,False,,,,3.8,,0.45,,,,1.945137183084451,1.9764529890811782,2.0434712464777474,Bond 1965: n(e) 0.45–3.8 µm,Bond-e,False,False,False,,main,False
,,,PbMoO4,PbMoO4 (Lead Molybdate),transparent dielectric,main/PbMoO4/nk/Malitson-o.yml,Mo - Molybdenum and molybdates,,,,False,,,,1.08,,0.44,,,,nan,2.3357245263875304,2.5936522469579972,Malitson 1978: n(o) 0.44–1.08 µm,Malitson-o,False,False,False,,main,False
,,,PbMoO4,PbMoO4 (Lead Molybdate),transparent dielectric,main/PbMoO4/nk/Malitson-e.yml,Mo - Molybdenum and molybdates,,,,False,,,,1.08,,0.44,,,,nan,2.2270181479666373,2.3843949609769206,Malitson 1978: n(e) 0.44–1.08 µm,Malitson-e,False,False,False,,main,False
,,,SrMoO4,SrMoO4 (Strontium molybdate),transparent dielectric,main/SrMoO4/nk/Bond-o.yml,Mo - Molybdenum and molybdates,,,,False,,,,2.4,,0.45,,,,1.863668134753718,1.8880094183436693,1.9419420328924861,Bond 1965: n(o) 0.45–2.4 µm,Bond-o,False,False,False,,main,False
,,,SrMoO4,SrMoO4 (Strontium molybdate),transparent dielectric,main/SrMoO4/nk/Bond-e.yml,Mo - Molybdenum and molybdates,,,,False,,,,2.4,,0.45,,,,1.8656822960080988,1.8914452838012838,1.948646554981009,Bond 1965: n(e) 0.45–2.4 µm,Bond-e,False,False,False,,main,False
,,,N2,N2 (Nitrogen),transparent dielectric,main/N2/nk/Peck-0C.yml,N - Nitrogen and nitrides,,,,False,,,,2.0587,,0.4679,,,,1.0002941606253284,1.000296231560032,1.0003011491890286,Peck and Khanna 1966: n 0.47–2.06 µm; 0 °C,Peck-0C,True,False,False,,main,False
,,,N2,N2 (Nitrogen),transparent dielectric,main/N2/nk/Peck-15C.yml,N - Nitrogen and nitrides,,,,False,,,,2.0587,,0.4679,,,,1.0002788056834613,1.0002807685158173,1.0002854294456347,Peck and Khanna 1966: n 0.47–2.06 µm; 15 °C,Peck-15C,True,False,False,,main,False
,,,N2,N2 (Nitrogen),transparent dielectric,main/N2/nk/Borzsonyi.yml,N - Nitrogen and nitrides,,,,False,,,,1.0,,0.4,,,,nan,1.0002924118429006,1.0003001000351357,Börzsönyi et al. 2008: n 0.4–1.0 µm; 0 °C,Borzsonyi,False,False,False,,main,False
,,,N2,N2 (Nitrogen),other,main/N2/nk/Griesmann.yml,N - Nitrogen and nitrides,,,,False,,,,0.27,,0.2,,,,nan,nan,nan,Griesmann and Burnett 1999: n 0.145–0.270 µm; 0 °C,Griesmann,False,False,False,,main,False
,,,AlN,AlN (Aluminium nitride),transparent dielectric,main/AlN/nk/Pastrnak-o.yml,Bulk stoichiometric AlN,,,,False,,,,5.0,,0.22,,,,2.111647527582737,2.138649731260833,2.196017688312292,Pastrňák and Roskovcová 1966: n(o) 0.22–5 µm,Pastrnak-o,False,False,False,,main,False
,,,AlN,AlN (Aluminium nitride),transparent dielectric,main/AlN/nk/Pastrnak-e.yml,Bulk stoichiometric AlN,,,,False,,,,5.0,,0.22,,,,2.1512664498000516,2.1815572552927707,2.2501752457109263,Pastrňák and Roskovcová 1966: n(e) 0.22–5 µm,Pastrnak-e,False,False,False,,main,False
,0.758428084392099,,AlN,AlN (Aluminium nitride),phonon polariton,main/AlN/nk/Kischkat.yml,Non-stoichiometric AlN films,0.9896929727860126,11.04902837716931,,True,,,,14.28571,,1.53846,12.424008882460491,,2,2.0239665713778954,2.02942,nan,"Kischkat et al. 2012: Non-stoichiometric AlN; n,k 1.54–14.29 µm",Kischkat,False,True,False,"(11.110911593165026, 13.97009686665337)",main,False
,,,AlN,AlN (Aluminium nitride),transparent dielectric,main/AlN/nk/Beliaev1.yml,Non-stoichiometric AlN films,,,,True,0.0004888428164556962,,,1.68816,,0.2114,,2.0519867721518987,,nan,2.033625792448896,2.0758946266436276,"Beliaev et al. 2021: Non-stoichiometric AlN; n,k 0.211–1.69 µm",Beliaev1,False,False,False,,main,False
,77.75108681258102,,AlN,AlN (Aluminium nitride),phonon polariton,main/AlN/nk/Beliaev2.yml,Non-stoichiometric AlN films,0.2539370658794485,11.24008511714786,,True,,,,20.0188,,2.00111,14.57371922863352,,2,2.16565,nan,nan,"Beliaev et al. 2021: Non-stoichiometric AlN; n,k 2–20 µm",Beliaev2,False,True,False,"(11.305148837588817, 15.174597806159817)",main,False
,,,BN,BN (Boron nitride),transparent dielectric,main/BN/nk/Lee.yml,Experimental data,,,,False,,,,1.2,,0.45,,,,nan,2.09908996400823,2.1830224564500065,Lee et al. 2018: h-BN; n(o) 0.450–1.20 µm,Lee,False,False,False,,main,False
,,,BN,BN (Boron nitride),other,main/BN/nk/Choi-o.yml,Experimental data,45.143535503643214,0.2008083650421991,,True,0.00489,,,1.0,,0.2,,2.04835,1,nan,nan,nan,"Choi et al. 2026: h-BN; n,k(o) 0.190–1.00 µm",Choi-o,False,False,False,,main,False
,,,BN,BN (Boron nitride),transparent dielectric,main/BN/nk/Choi-e.yml,Experimental data,,,,True,0.000713828,,,1.0,,0.2,,1.536223765,,nan,1.5341888397614027,1.5387826176041364,"Choi et al. 2026: h-BN; n,k(e) 0.190–1.00 µm",Choi-e,False,False,False,,main,False
,,,BN,BN (Boron nitride),transparent dielectric,main/BN/nk/Grudinin-o.yml,Experimental data,,,,False,,,,1.7,,0.25,,,,nan,2.2065210791870453,2.2853911041767345,Grudinin et al. 2023: h-BN; n(o) 0.250–1.70 µm,Grudinin-o,False,False,False,,main,False
,,,BN,BN (Boron nitride),transparent dielectric,main/BN/nk/Grudinin-e.yml,Experimental data,,,,False,,,,1.7,,0.25,,,,nan,1.5896521583740901,1.6513391560015827,Grudinin et al. 2023: h-BN; n(e) 0.250–1.70 µm,Grudinin-e,False,False,False,,main,False
,,,BN,BN (Boron nitride),transparent dielectric,main/BN/nk/Zotev-o.yml,Experimental data,,,,False,,,,1.0,,0.36,,,,nan,2.1208724487783894,2.150575271791254,"Zotev et al. 2023: h-BN; n,k(o) 0.36–1.0 µm",Zotev-o,False,False,False,,main,False
,,,BN,BN (Boron nitride),transparent dielectric,main/BN/nk/Zotev-e.yml,Experimental data,,,,False,,,,1.0,,0.36,,,,nan,1.5519211219459739,1.6372912128085286,"Zotev et al. 2023: h-BN; n,k(e) 0.36–1.0 µm",Zotev-e,False,False,False,,main,False
,,,BN,BN (Boron nitride),transparent dielectric,main/BN/nk/Rah-o.yml,Experimental data,,,,False,,,,1.6,,0.4,,,,nan,2.1162880614311015,2.234501756524646,Rah et al. 2019: h-BN; n(o) 0.4–1.6 µm,Rah-o,False,False,False,,main,False
,,,BN,BN (Boron nitride),transparent dielectric,main/BN/nk/Rah-e.yml,Experimental data,,,,False,,,,1.6,,0.4,,,,nan,1.833670066888916,1.9292841778785395,Rah et al. 2019: h-BN; n(e) 0.4–1.6 µm,Rah-e,False,False,False,,main,False
,,,BN,BN (Boron nitride),other,main/BN/nk/Grudinin-DFT-o.yml,Models and simulations,6.531406206181414,0.2046840195888165,,True,0.007781555555555556,,,2.01331,,0.2,,2.184582888888889,2,nan,nan,nan,"Grudinin et al. 2023: h-BN; n,k(o) 0.199–2.01 µm",Grudinin-DFT-o,False,False,False,,main,False
,,,BN,BN (Boron nitride),transparent dielectric,main/BN/nk/Grudinin-DFT-e.yml,Models and simulations,,,,True,0.0024813333333333337,,,2.01331,,0.2,,1.6224213333333333,,1.6007445238228986,1.6033524984224363,nan,"Grudinin et al. 2023: h-BN; n,k(e) 0.199–2.01 µm",Grudinin-DFT-e,False,False,False,,main,False
,,,GaN,GaN (Gallium nitride),transparent dielectric,main/GaN/nk/Barker-o.yml,Experimental data,,,,False,,,,10.0,,0.35,,,,2.3078811649218096,2.353518984382392,2.5609243007873674,Barker and Ilegems 1973: n(o) 0.35–10 µm,Barker-o,False,False,False,,main,False
,,,GaN,GaN (Gallium nitride),transparent dielectric,main/GaN/nk/Barker-e.yml,Experimental data,,,,False,,,,10.0,,0.35,,,,2.3002274989261378,2.310984574803198,2.312506276766498,Barker and Ilegems 1973: n(e) 0.35–10 µm,Barker-e,False,False,False,,main,False
,,,GaN,GaN (Gallium nitride),transparent dielectric,main/GaN/nk/Lin-wurtzite.yml,Experimental data,,,,False,,,,0.991745,,0.368124,,,,nan,2.3444647662091174,2.5596185920388317,Lin et al. 1993: n(o) 0.37–0.99 µm,Lin-wurtzite,False,False,False,,main,False
,,,GaN,GaN (Gallium nitride),transparent dielectric,main/GaN/nk/Lin-zincblende.yml,Experimental data,,,,False,,,,0.960283,,0.385447,,,,nan,2.437471,2.772067177623588,Lin et al. 1993: Zincblende; n 0.37–0.99 µm,Lin-zincblende,False,False,False,,main,False
,,,GaN,GaN (Gallium nitride),other,main/GaN/nk/Kawashima.yml,Models and simulations,,,,True,0.06332111764705882,,,0.99187,,0.2,,2.302633725490196,,nan,nan,nan,"Kawashima et al. 1997: thin film; n,k 0.124–0.992 µm",Kawashima,False,False,False,,main,False
,,,Si3N4,"Si3N4, SiN (Silicon nitride)",transparent dielectric,main/Si3N4/nk/Philipp.yml,Si3N4 films (stoichiometric),,,,False,,,,1.24,,0.207,,,,nan,1.996073607377118,2.0724405752599075,Philipp 1973: n 0.207–1.24 µm,Philipp,False,False,False,,main,False
,,,Si3N4,"Si3N4, SiN (Silicon nitride)",transparent dielectric,main/Si3N4/nk/Luke.yml,Si3N4 films (stoichiometric),,,,False,,,,5.504,,0.31,,,,1.983230861814094,2.0239696357082413,2.099438515172096,Luke et al. 2015: n 0.310–5.504 µm,Luke,False,False,False,,main,False
,,,Si3N4,"Si3N4, SiN (Silicon nitride)",transparent dielectric,main/Si3N4/nk/Kischkat.yml,Non-stoichiometric SiN films,,,,True,,,,14.28571,,1.53846,,,,2.4558148570668434,2.46306,nan,"Kischkat et al. 2012: Non-stoichiometric SiN; n,k 1.54–14.29 µm",Kischkat,False,False,False,,main,False
,,,Si3N4,"Si3N4, SiN (Silicon nitride)",transparent dielectric,main/Si3N4/nk/Beliaev.yml,Non-stoichiometric SiN films,,,,True,0.0,,,1.68816,,0.2114,,2.0229443037974684,,nan,2.005695792448896,2.0771236236108503,"Beliaev et al. 2022: Non-stoichiometric SiN; n,k 0.21-1.7 µm",Beliaev,False,False,False,,main,False
,,,Si3N4,"Si3N4, SiN (Silicon nitride)",transparent dielectric,main/Si3N4/nk/Vogt-1.yml,Non-stoichiometric SiN films,,,,True,0.0,,,1.7,,0.25,,1.909,,nan,1.892,1.9518787989973723,"Vogt 2015: Non-stoichiometric SiN #1; n,k 0.25-1.7 µm",Vogt-1.91,False,False,False,,main,False
,,,Si3N4,"Si3N4, SiN (Silicon nitride)",transparent dielectric,main/Si3N4/nk/Vogt-2.yml,Non-stoichiometric SiN films,,,,True,0.0,,,1.7,,0.25,,2.094,,nan,2.07,2.1292571331351433,"Vogt 2015: Non-stoichiometric SiN #2; n,k 0.25-1.7 µm",Vogt-2.09,False,False,False,,main,False
,,,Si3N4,"Si3N4, SiN (Silicon nitride)",transparent dielectric,main/Si3N4/nk/Vogt-3.yml,Non-stoichiometric SiN films,,,,True,0.0,,,1.7,,0.25,,2.141,,nan,2.1046553959352257,2.160151021315136,"Vogt 2015: Non-stoichiometric SiN #3; n,k 0.25-1.7 µm",Vogt-2.13,False,False,False,,main,False
0.807586148836359,,10.276196353881476,TiN,TiN (Titanium nitride),metal,main/TiN/nk/Pfluger.yml,N - Nitrogen and nitrides,3.981890916030491,0.46289914411169936,,True,2.523096774193548,0.8271638469752429,0.9995390155955508,2.4797,0.5251602528794799,0.2,,1.300741935483871,1,nan,nan,nan,"Pflüger et al. 1984: n,k 0.031–2.48 µm",Pfluger,False,False,True,,main,True
2.116284958951773,,52.65485933723506,TiN,TiN (Titanium nitride),metal,main/TiN/nk/Beliaev-sputtering.yml,N - Nitrogen and nitrides,3.230436069698595,0.4915495083184978,,True,2.299520189873418,0.8792838769392232,0.9967889912751179,20.0,0.5446744495206963,0.2114,,0.8234482278481012,1,nan,nan,nan,"Beliaev et al. 2023: Sputtering; n,k 0.211-20.0 µm",Beliaev-sputtering,False,False,True,,main,True
,,,TiN,TiN (Titanium nitride),metal,main/TiN/nk/Beliaev-ALD.yml,N - Nitrogen and nitrides,,,,True,,,,20.0,,2.0,,,,nan,nan,nan,"Beliaev et al. 2023: ALD; n,k 2.00-20.0 µm",Beliaev-ALD,False,False,False,,main,True
2.0625637476741683,,24.658633552212144,TiN,TiN (Titanium nitride),metal,main/TiN/nk/Schnabel.yml,N - Nitrogen and nitrides,2.9482491999058826,0.486351508531639,,True,2.1102499999999997,0.807033174344984,0.807033174344984,0.8091,0.5498817760428417,0.2916,,0.867,1,nan,nan,nan,"Schnabel et al. 2018: n,k 0.292–0.809 µm",Schnabel,False,False,True,,main,True
0.7293152413937025,,6.39558617576525,TiN,TiN (Titanium nitride),metal,main/TiN/nk/Shkondin.yml,N - Nitrogen and nitrides,4.4407243338435745,0.6638991928743337,,True,1.1102326981132074,0.9920502282941548,0.9972384288578316,1.68888,0.7369008019603559,0.21073,,1.7797019056603776,1,nan,nan,nan,"Shkondin et al. 2017: n,k 0.211–1.69 µm",Shkondin,False,False,True,,main,True
0.9021880290954485,,10.541282056003082,TiN,TiN (Titanium nitride),metal,main/TiN/nk/Shkondin-700.yml,N - Nitrogen and nitrides,3.656658336908729,0.5531145535608956,,True,1.6535469622641508,0.898446285118307,0.9972384288578316,1.68888,0.6367652947293153,0.21073,,1.2718347169811322,1,nan,nan,nan,"Shkondin et al. 2017: Annealed at 700 °C; n,k 0.211–1.69 µm",Shkondin-700,True,False,True,,main,True
1.2001479702237539,,17.449819857543716,TiN,TiN (Titanium nitride),metal,main/TiN/nk/Shkondin-800.yml,N - Nitrogen and nitrides,3.2820612712867336,0.5141623404891531,,True,1.870220358490566,0.951504630200061,0.9972384288578316,1.68888,0.5919221112019515,0.21073,,1.1303696603773585,1,nan,nan,nan,"Shkondin et al. 2017: Annealed at 800 °C; n,k 0.211–1.69 µm",Shkondin-800,True,False,True,,main,True
1.2140900044667868,,18.067196203366258,TiN,TiN (Titanium nitride),metal,main/TiN/nk/Shkondin-900.yml,N - Nitrogen and nitrides,2.8070267297960774,0.4905826264740495,,True,2.0145322641509433,0.9031449580180647,0.9972384288578316,1.68888,0.564776299456813,0.21073,,1.014312037735849,1,nan,nan,nan,"Shkondin et al. 2017: Annealed at 900 °C; n,k 0.211–1.69 µm",Shkondin-900,True,False,True,,main,True
,,,VN,VN (Vanadium nitride),metal,main/VN/nk/Pfluger.yml,N - Nitrogen and nitrides,10.3542726141164,0.5700532223069759,,True,2.3913629032258066,,,2.4797,,0.2,,2.3211129032258064,1,nan,nan,nan,"Pflüger et al. 1984: n,k 0.031–2.48 µm",Pfluger,False,False,False,,main,True
35.103128443228066,,628.2293055508144,Na,Na (Sodium),metal,main/Na/nk/Smith.yml,Solid,,,,True,2.4800536285088848,0.8593408586506676,0.9964318355957777,2.237982,0.3788532274449623,0.312539,,0.05262555261717745,,nan,nan,nan,"Smith 1969: n,k 0.313–2.24 µm",Smith,False,False,True,,main,True
41.060606240376636,,804.1475762647515,Na,Na (Sodium),metal,main/Na/nk/Inagaki.yml,Solid,,,,True,2.526666666666667,0.9538776292694419,0.999058057398339,2.066,0.38331941869471736,0.326,,0.04566666666666667,,nan,nan,nan,"Inagaki et al. 1976: n,k 0.326–2.07 µm",Inagaki,False,False,True,,main,True
34.99285714285714,,260.74504086428567,Na,Na (Sodium),absorber (visible),main/Na/nk/Monin.yml,Solid,,,,True,2.6014285714285714,0.62,0.62,0.62,0.3770310336024812,0.2536,,0.043761904761904766,,nan,nan,nan,"Monin and Boutry 1974: n,k 0.254–0.620 µm",Monin,False,False,True,,main,False
21.168075985544952,,61.38739417740398,Na,Na (Sodium),ENZ,main/Na/nk/Yamaguchi.yml,Solid,0.0604257313930673,0.3229222064533059,,True,1.703413,0.6,0.6,0.6,0.5286214601205671,0.2,,0.040213,1,nan,nan,nan,"Yamaguchi and Hanyu 1971: n,k 0.200–0.600 µm",Yamaguchi,False,False,True,,main,False
,,,Na,Na (Sodium),other,main/Na/nk/Althoff.yml,Solid,,,,True,,,,10.15,,2.25,,,,nan,nan,nan,"Althoff and Hertz 1967: n,k 2.25–10.2 µm",Althoff,False,False,False,,main,False
47.95775060775061,,321.6704256516588,Na,Na (Sodium),other,main/Na/nk/Ives.yml,Solid,,,,True,nan,0.578,0.578,0.578,0.3624735378626239,0.2536,,nan,,nan,nan,nan,"Ives and Briggs 1937: n,k 0.254–0.578 µm",Ives,False,False,True,,main,False
42.081488243716706,,459.1354582697707,Na,Na (Sodium),metal,main/Na/nk/Inagaki-liquid.yml,Liquid,,,,True,2.477777777777778,0.5409300219108161,0.999038247861236,2.0,0.38661545243198053,0.335,,0.031222222222222224,,nan,nan,nan,"Inagaki et al. 1976: Liquid @ 120 °C; n,k 0.335–2.00 µm",Inagaki-liquid,False,False,True,,main,True
,,,Nb,Nb (Niobium),error,main/Nb/nk/Windt.yml,Nb - Niobium and niobates,,,range outside 0.2-30 um,,,,,,,,,,,,,,"Windt et al. 1988: n,k 0.0024–0.122 µm",Windt,,,,,main,
0.5516660073844105,,4.516145362867561,Nb,Nb (Niobium),metal,main/Nb/nk/Weaver.yml,Nb - Niobium and niobates,13.21294198910215,0.2852913454377072,,True,2.8535675675675676,0.8621,0.8621,0.8621,0.7284572693018306,0.2,,2.911945945945946,4,nan,nan,nan,"Weaver et al. 1973: n,k 0.0258–0.862 µm",Weaver,False,False,True,,main,True
1.297465217988276,,27.61955875210724,Nb,Nb (Niobium),metal,main/Nb/nk/Golovashkin-293K.yml,Nb - Niobium and niobates,,,,True,3.25,0.995331648061336,0.995331648061336,10.0,0.4,0.4,,2.27,,nan,nan,nan,"Golovashkin et al. 1969: n,k 0.40–10 µm; 293 K",Golovashkin-293K,False,False,True,,main,True
1.6834853204487679,,34.36824700713846,Nb,Nb (Niobium),metal,main/Nb/nk/Golovashkin-78K.yml,Nb - Niobium and niobates,,,,True,3.16,0.9952926359105818,0.9952926359105818,9.2,0.4,0.4,,2.35,,nan,nan,nan,"Golovashkin et al. 1969: n,k 0.40–9.2 µm; 78 K",Golovashkin-78K,False,False,True,,main,True
1.8125023025257445,,38.74152700945871,Nb,Nb (Niobium),metal,main/Nb/nk/Golovashkin-4.2K.yml,Nb - Niobium and niobates,,,,True,3.07,0.9952926359105818,0.9952926359105818,9.2,0.4,0.4,,2.3,,nan,nan,nan,"Golovashkin et al. 1969: n,k 0.40–9.2 µm; 4.2 K",Golovashkin-4.2K,False,False,True,,main,True
,,,KNbO3,KNbO3 (Potassium niobate),transparent dielectric,main/KNbO3/nk/Zysset-alpha.yml,Nb - Niobium and niobates,,,,False,,,,3.4,,0.4,,,,2.0895894581577474,2.1396944559964535,2.3171710847942673,Zysset et al. 1992: n(α) 0.40–3.4 µm,Zysset-α,False,False,False,,main,False
,,,KNbO3,KNbO3 (Potassium niobate),transparent dielectric,main/KNbO3/nk/Zysset-beta.yml,Nb - Niobium and niobates,,,,False,,,,3.4,,0.4,,,,2.1828185986710817,2.244445935859383,2.4645713331531933,Zysset et al. 1992: n(β) 0.40–3.4 µm,Zysset-β,False,False,False,,main,False
,,,KNbO3,KNbO3 (Potassium niobate),transparent dielectric,main/KNbO3/nk/Zysset-gamma.yml,Nb - Niobium and niobates,,,,False,,,,3.4,,0.4,,,,2.215509862700613,2.2869525797416745,2.5632612304504687,Zysset et al. 1992: n(γ) 0.40–3.4 µm,Zysset-γ,False,False,False,,main,False
,,,KNbO3,KNbO3 (Potassium niobate),transparent dielectric,main/KNbO3/nk/Umemura-alpha.yml,Nb - Niobium and niobates,,,,False,,,,5.3,,0.4,,,,2.089923593076989,2.13951367415907,2.3169788578168875,Umemura et al. 1999: n(α) 0.40–5.3 µm,Umemura-α,False,False,False,,main,False
,,,KNbO3,KNbO3 (Potassium niobate),transparent dielectric,main/KNbO3/nk/Umemura-beta.yml,Nb - Niobium and niobates,,,,False,,,,5.3,,0.4,,,,2.183066656540868,2.243993297774752,2.464065618565043,Umemura et al. 1999: n(β) 0.40–5.3 µm,Umemura-β,False,False,False,,main,False
,,,KNbO3,KNbO3 (Potassium niobate),transparent dielectric,main/KNbO3/nk/Umemura-gamma.yml,Nb - Niobium and niobates,,,,False,,,,5.3,,0.4,,,,2.215882602052159,2.2865494824199275,2.5612361709275056,Umemura et al. 1999: n(γ) 0.40–5.3 µm,Umemura-γ,False,False,False,,main,False
,,,LiNbO3,LiNbO3 (Lithium niobate),transparent dielectric,main/LiNbO3/nk/Zelmon-o.yml,Nb - Niobium and niobates,,,,False,,,,5.0,,0.4,,,,2.1963942147739495,2.254950119253047,2.4392710888511204,Zelmon et al. 1997: n(o) 0.4–5.0 µm,Zelmon-o,False,False,False,,main,False
,,,LiNbO3,LiNbO3 (Lithium niobate),transparent dielectric,main/LiNbO3/nk/Zelmon-e.yml,Nb - Niobium and niobates,,,,False,,,,5.0,,0.4,,,,2.125078544808872,2.1751851521702443,2.332119801393993,Zelmon et al. 1997: n(e) 0.4–5.0 µm,Zelmon-e,False,False,False,,main,False
,,,Ne,Ne (Neon),transparent dielectric,main/Ne/nk/Bideau-Mehu.yml,Ne - Neon,,,,False,,,,0.5462,,0.2,,,,nan,nan,1.00006667397456,Bideau-Mehu et al. 1981: n 0.140–0.546 µm,Bideau-Mehu,False,False,False,,main,False
,,,Ne,Ne (Neon),transparent dielectric,main/Ne/nk/Borzsonyi.yml,Ne - Neon,,,,False,,,,1.0,,0.4,,,,nan,1.0000660916803494,1.0000667980813498,Börzsönyi et al. 2008: n 0.4–1.0 µm,Borzsonyi,False,False,False,,main,False
,,,Ne,Ne (Neon),transparent dielectric,main/Ne/nk/Cuthbertson.yml,Ne - Neon,,,,False,,,,0.5462,,0.2894,,,,nan,nan,1.0000676959403454,Cuthbertson and Cuthbertson 1936: n 0.289–0.546 µm,Cuthbertson,False,False,False,,main,False
0.895528108533266,,22.407204640138055,Ni,Ni (Nickel),metal,main/Ni/nk/Johnson.yml,Experimental data,,,,True,3.913142857142857,0.9840784751544821,0.9953425904351665,1.937,0.3513187519015399,0.2,,1.9754285714285713,,nan,nan,nan,"Johnson and Christy 1974: n,k 0.188–1.937 µm",Johnson,False,False,True,,main,True
2.3921227314841245,,135.94995399277974,Ni,Ni (Nickel),metal,main/Ni/nk/Werner.yml,Experimental data,244.07488205361977,1.2946396017868307,,True,5.897295682346108,0.6187820457109094,0.8271608372793305,2.479684,0.35068219523596905,0.2,,1.1925822836817652,1,nan,nan,nan,"Werner et al. 2009: n,k 0.0176–2.48 µm",Werner,False,False,True,,main,True
0.6393368764850974,,11.3551569071754,Ni,Ni (Nickel),metal,main/Ni/nk/Ordal.yml,Experimental data,,,,True,nan,0.7130594725381271,0.9956927660754135,30.0,0.667,0.667,,nan,,nan,nan,nan,"Ordal et al. 1987: n,k 0.667–286 µm",Ordal,False,False,True,,main,True
0.6384085651170633,,11.210805066188078,Ni,Ni (Nickel),metal,main/Ni/nk/Rakic-BB.yml,Models and simulations,,,,True,3.5259537667698657,0.6634960999219761,0.9931580970003612,6.1992,0.3652346350320057,0.24797,,1.937783488132095,,nan,nan,nan,"Rakić et al. 1998: Brendel-Bormann model; n,k 0.248–6.20 µm",Rakic-BB,False,False,True,,main,True
0.6406760536504258,,10.795638959452633,Ni,Ni (Nickel),metal,main/Ni/nk/Rakic-LD.yml,Models and simulations,,,,True,3.522835751295337,0.6424272782410814,0.9931580970003612,6.1992,0.3652346350320057,0.24797,,1.9322440414507773,,nan,nan,nan,"Rakić et al. 1998: Lorentz-Drude model; n,k 0.248–6.20 µm",Rakic-LD,False,False,True,,main,True
0.8624638539996572,,21.505500173859375,Ni,Ni (Nickel),metal,main/Ni/nk/Werner-DFT.yml,Models and simulations,7.474555409425528,0.23417291323544948,,True,4.3547135511033686,0.548873976054441,0.9995348937816277,2.479684,0.35068219523596905,0.2,,2.24575862804878,2,nan,nan,nan,"Werner et al. 2009: DFT calculations; n,k 0.0176–2.48 µm",Werner-DFT,False,False,True,,main,True
,,,O2,O2 (Oxygen),other,main/O2/nk/Smith.yml,"O - Oxygen, oxides and garnets",,,,False,,,,0.28824,,0.2,,,,nan,nan,nan,Smith et al. 1976: n 0.168–0.289 µm,Smith,False,False,False,,main,False
,,,O2,O2 (Oxygen),transparent dielectric,main/O2/nk/Zhang.yml,"O - Oxygen, oxides and garnets",,,,False,,,,1.8,,0.4,,,,nan,1.0002496373440508,1.0002585533190167,Zhang et al. 2008: n 0.4–1.8 µm; 20 °C,Zhang,False,False,False,,main,False
,,,Al2O3,"Al2O3 (Aluminium sesquioxide, Sapphire, Alumina)",transparent dielectric,main/Al2O3/nk/Malitson-o.yml,Crystal,,,,False,,,,5.0,,0.2,,,,1.7374934122503332,1.7601049418733814,1.786476823381314,Malitson and Dodge 1972: α-Al2O3 (Sapphire); n(o) 0.20–5.0 µm,Malitson-o,False,False,False,,main,False
,,,Al2O3,"Al2O3 (Aluminium sesquioxide, Sapphire, Alumina)",transparent dielectric,main/Al2O3/nk/Malitson-e.yml,Crystal,,,,False,,,,5.0,,0.2,,,,1.7297397165923567,1.75217237255739,1.7780222207194516,Malitson and Dodge 1972: α-Al2O3 (Sapphire); n(e) 0.20–5.0 µm,Malitson-e,False,False,False,,main,False
,105.97154665398175,,Al2O3,"Al2O3 (Aluminium sesquioxide, Sapphire, Alumina)",phonon polariton,main/Al2O3/nk/Querry-o.yml,Crystal,0.13684772873159823,10.956200077887889,,True,0.02,,,30.0,,0.21,21.98377826217968,1.752,4,nan,nan,nan,"Querry 1985: α-Al2O3 (Sapphire); n,k(o) 0.21–55.6 µm",Querry-o,False,True,False,"(11.093298810666242, 22.819420184662487)",main,False
,178.75554816635182,,Al2O3,"Al2O3 (Aluminium sesquioxide, Sapphire, Alumina)",phonon polariton,main/Al2O3/nk/Querry-e.yml,Crystal,0.13717972530070946,11.23211310745364,,True,0.02,,,30.0,,0.21,24.28333824655055,1.728,4,nan,nan,nan,"Querry 1985: α-Al2O3 (Sapphire); n,k(e) 0.21–55.6 µm",Querry-e,False,True,False,"(11.372664435697727, 25.20639047236189)",main,False
,,,Al2O3,"Al2O3 (Aluminium sesquioxide, Sapphire, Alumina)",transparent dielectric,main/Al2O3/nk/Malitson.yml,Crystal,,,,False,,,,5.577,,0.2652,,,,1.7376290657796196,1.7601275346525618,1.786517435304478,Malitson 1962: α-Al2O3 (Sapphire); n(o) 0.2652–5.577 µm,Malitson,False,False,False,,main,False
,,,Al2O3,"Al2O3 (Aluminium sesquioxide, Sapphire, Alumina)",other,main/Al2O3/nk/Hagemann.yml,Thin film,,,,True,,,,0.2066,,0.2,,,,nan,nan,nan,"Hagemann et al. 1974: n,k 0.000775–0.207 µm",Hagemann,False,False,False,,main,False
,1.441201210629607,,Al2O3,"Al2O3 (Aluminium sesquioxide, Sapphire, Alumina)",phonon polariton,main/Al2O3/nk/Rodriguez de Marcos.yml,Thin film,0.5744388152193044,10.060861969477706,,True,0.0005008746179089291,,,30.0,,0.2,11.697190001783799,1.6690496793807874,2,1.6363678375093746,1.6609349702464178,1.6891330919028569,"Rodríguez de Marcos et al. 2025: n,k 3.1e-6–993 µm",Rodriguez_de_Marcos,False,True,False,"(10.18800275002385, 14.849264313478853)",main,False
,,,Al2O3,"Al2O3 (Aluminium sesquioxide, Sapphire, Alumina)",transparent dielectric,main/Al2O3/nk/Boidin.yml,Thin film,,,,False,,,,18.003,,0.3,,,,2.43259,1.6709165663676395,1.7010648929779286,Boidin et al. 2016: n 0.3–18 µm,Boidin,False,False,False,,main,False
,0.1506019967973267,,Al2O3,"Al2O3 (Aluminium sesquioxide, Sapphire, Alumina)",phonon polariton,main/Al2O3/nk/Franta.yml,Thin film,0.7356004391789251,10.712837190820222,,True,0.0,,,30.0,,0.2,11.994696677455874,1.6530319532248234,2,1.6284508146087984,1.6456491412076037,1.672467243743455,"Franta et al. 2015: n,k 0.114–125 µm",Franta,False,True,False,"(10.848217090319565, 13.429938850135322)",main,False
,,,Al2O3,"Al2O3 (Aluminium sesquioxide, Sapphire, Alumina)",transparent dielectric,main/Al2O3/nk/Zhukovsky.yml,Thin film,,,,True,0.0,,,1.689842,,0.211002,,1.6268297452591656,,nan,1.620126421447284,1.6469832490987508,Zhukovsky et al. 2015: n 0.211–1.69 µm,Zhukovsky,False,False,False,,main,False
,0.22276261840537148,,Al2O3,"Al2O3 (Aluminium sesquioxide, Sapphire, Alumina)",phonon polariton,main/Al2O3/nk/Kischkat.yml,Thin film,0.8415209280710836,10.927105465858622,,True,,,,14.28571,,1.53941,11.881714205790251,,2,1.6151829509441398,1.62158,nan,"Kischkat et al. 2012: n,k 1.54–14.3 µm",Kischkat,False,True,False,"(10.98828881755565, 12.564014050241363)",main,False
5.356754430228764,,236.4933413813604,Al2O3,"Al2O3 (Aluminium sesquioxide, Sapphire, Alumina)",metal,main/Al2O3/nk/Querry.yml,Thin film,,,,True,6.173,0.350438340704298,0.9960747918017215,12.5,0.350438340704298,0.21,,1.019,,nan,nan,nan,"Querry 1985: Thin film (oxidized Al mirror); n,k 0.21–12.5 µm",Querry,False,False,True,,main,True
,,,BeO,BeO (Beryllium monoxide),transparent dielectric,main/BeO/nk/Edwards-o.yml,"O - Oxygen, oxides and garnets",,,,False,,,,7.0,,0.44,,,,1.694168126705,1.7125791147390736,1.7275321233254437,Edwards and White 1991: n(o) 0.44–7.0 µm,Edwards-o,False,False,False,,main,False
,,,BeO,BeO (Beryllium monoxide),transparent dielectric,main/BeO/nk/Edwards-e.yml,"O - Oxygen, oxides and garnets",,,,False,,,,7.0,,0.44,,,,1.7056162198691396,1.726901140956546,1.744840662914601,Edwards and White 1991: n(e) 0.44–7.0 µm,Edwards-e,False,False,False,,main,False
,,,CO,CO (Carbon monoxide),other,main/CO1/nk/Smith.yml,"O - Oxygen, oxides and garnets",,,,False,,,,0.2894,,0.2,,,,nan,nan,nan,Smith et al. 1976: n 0.168–0.289 µm,Smith,False,False,False,,main,False
,,,CO2,CO2 (Carbon dioxide),transparent dielectric,main/CO2/nk/Bideau-Mehu.yml,"O - Oxygen, oxides and garnets",,,,False,,,,1.6945,,0.2,,,,nan,1.0004445994177946,1.0004591098994609,Bideau-Mehu et al. 1973: n 0.181–1.69 µm,Bideau-Mehu,False,False,False,,main,False
,,,CO2,CO2 (Carbon dioxide),transparent dielectric,main/CO2/nk/Old.yml,"O - Oxygen, oxides and garnets",,,,False,,,,1.817228,,0.480126,,,,nan,1.0004449402683184,1.0004534161409973,Old et al. 1971: n 0.480–1.82 µm,Old,False,False,False,,main,False
,,,CuO,CuO (Copper monoxide),error,main/CuO/nk/Brimhall.yml,"O - Oxygen, oxides and garnets",,,range outside 0.2-30 um,,,,,,,,,,,,,,"Brimhall et al. 2009: n,k 0.0101–0.0348 µm",Brimhall,,,,,main,
,,,Cu2O,Cu2O (Copper(I) oxide),other,main/Cu2O/nk/Querry.yml,"O - Oxygen, oxides and garnets",,,,True,,,,30.0,,2.5,,,,nan,nan,nan,"Querry 1985: n,k 2.5–55.6 µm",Querry,False,False,False,,main,False
,,,Dy2O3,Dy2O3 (Dysprosium sesquioxide),transparent dielectric,main/Dy2O3/nk/Medenbach.yml,"O - Oxygen, oxides and garnets",,,,False,,,,0.644,,0.435,,,,nan,nan,2.0151288711890367,Medenbach et al. 2001: n 0.435–0.644 µm,Medenbach,False,False,False,,main,False
,61.39049217432376,,Fe2O3,"Fe2O3 (Iron sesquioxide, Hematite)",phonon polariton,main/Fe2O3/nk/Querry-o.yml,"O - Oxygen, oxides and garnets",2.901628,0.21,,True,0.149,,,30.0,,0.21,30.0,3.265,6,nan,nan,nan,"Querry 1985: α-Fe2O3 (Hematite); n,k(o) 0.21–55.6 µm",Querry-o,False,True,False,"(15.327819868130323, 30.0)",main,False
,82.9781253183082,,Fe2O3,"Fe2O3 (Iron sesquioxide, Hematite)",phonon polariton,main/Fe2O3/nk/Querry-e.yml,"O - Oxygen, oxides and garnets",0.46215207082580734,15.138387967300694,,True,0.186,,,30.0,,0.21,30.0,2.898,3,nan,nan,nan,"Querry 1985: α-Fe2O3 (Hematite); n,k(e) 0.21–55.6 µm",Querry-e,False,True,False,"(15.327819868130323, 30.0)",main,False
,,,Fe3O4,"Fe3O4 (Iron(II,III) oxide, Magnetite)",other,main/Fe3O4/nk/Querry.yml,"O - Oxygen, oxides and garnets",,,,True,0.136,,,30.0,,0.21,,2.346,,nan,nan,nan,"Querry 1985: n,k 0.21–55.6 µm",Querry,False,False,False,,main,False
,,,GeO2,"GeO2 (Germanium dioxide, Germania)",transparent dielectric,main/GeO2/nk/Fleming.yml,"O - Oxygen, oxides and garnets",,,,False,,,,4.3,,0.36,,,,1.5827611231523733,1.598284627180537,1.635106763296787,Fleming 1984: Fused germania; n 0.36–4.3 µm,Fleming,False,False,False,,main,False
,,,GeO2,"GeO2 (Germanium dioxide, Germania)",transparent dielectric,main/GeO2/nk/Nunley.yml,"O - Oxygen, oxides and garnets",,,,True,0.0,,,2.48,,0.2,,1.5826551724137932,,1.55,1.57,1.6196292124158642,"Nunley et al, 2016: n,k 0.188–2.48 µm",Nunley,False,False,False,,main,False
,,,H2O,"H2O, D2O (Water, heavy water, ice)",transparent dielectric,main/H2O/nk/Hale.yml,"Liquid water, H2O",,,,True,1.09e-08,,,30.0,,0.2,,1.332,,1.303914368688864,1.329,1.3388375831331827,"Hale and Querry 1973: Water; n,k 0.2–200 µm; 25 °C",Hale,False,False,False,,main,False
,,,H2O,"H2O, D2O (Water, heavy water, ice)",error,main/H2O/nk/Wang.yml,"Liquid water, H2O",,,ValueError('/home/claude/rii/data/main/H2O/nk/Wang.yml: no refractive-index data,,,,,,,,,,,,,,Wang et al. 2017: Water; k 1.2–1.9 µm; 22 °C,Wang,,,,,main,
,,,H2O,"H2O, D2O (Water, heavy water, ice)",transparent dielectric,main/H2O/nk/Kedenburg.yml,"Liquid water, H2O",,,,True,1.24618e-08,,,1.6,,0.5,,1.3328753733047134,,nan,1.3280714546270427,1.3370435320027052,"Kedenburg et al. 2012: Water; n 0.5–1.6 µm, k 0.5–1.75 µm; 20.0 °C",Kedenburg,False,False,False,,main,False
,,,H2O,"H2O, D2O (Water, heavy water, ice)",transparent dielectric,main/H2O/nk/Daimon-19.0C.yml,"Liquid water, H2O",,,,False,,,,1.129,,0.2,,,,nan,1.328669121729928,1.3436155705122934,Daimon and Masumura 2007: Water; n 0.18–1.13 µm; 19.0 °C,Daimon-19.0C,True,False,False,,main,False
,,,H2O,"H2O, D2O (Water, heavy water, ice)",transparent dielectric,main/H2O/nk/Daimon-20.0C.yml,"Liquid water, H2O",,,,False,,,,1.129,,0.2,,,,nan,1.328583990363728,1.3435227115856674,Daimon and Masumura 2007: Water; n 0.18–1.13 µm; 20.0 °C,Daimon-20.0C,True,False,False,,main,False
,,,H2O,"H2O, D2O (Water, heavy water, ice)",transparent dielectric,main/H2O/nk/Daimon-21.5C.yml,"Liquid water, H2O",,,,False,,,,1.129,,0.2,,,,nan,1.3284504576949268,1.3433776862122404,Daimon and Masumura 2007: Water; n 0.18–1.13 µm; 21.5 °C,Daimon-21.5C,True,False,False,,main,False
,,,H2O,"H2O, D2O (Water, heavy water, ice)",transparent dielectric,main/H2O/nk/Daimon-24.0C.yml,"Liquid water, H2O",,,,False,,,,1.129,,0.2,,,,nan,1.3282123428967483,1.343120682737903,Daimon and Masumura 2007: Water; n 0.18–1.13 µm; 24.0 °C,Daimon-24.0C,True,False,False,,main,False
,,,H2O,"H2O, D2O (Water, heavy water, ice)",transparent dielectric,main/H2O/nk/Bashkatov.yml,"Liquid water, H2O",,,,False,,,,1.14,,0.225,,,,nan,1.3273557345590972,1.344485567214402,Bashkatov and Genina 2003: Water; n 0.225–1.14 µm; 20 °C,Bashkatov,False,False,False,,main,False
,,,H2O,"H2O, D2O (Water, heavy water, ice)",transparent dielectric,main/H2O/nk/Segelstein.yml,"Liquid water, H2O",,,,True,9.697061462855334e-09,,,30.0,,0.2,,1.3330891959803883,,1.2961656048657129,1.325720435435107,1.3492295683372943,"Segelstein 1981: Water; n,k 0.034–1.0e7 µm; 25 °C",Segelstein,False,False,False,,main,False
,,,H2O,"H2O, D2O (Water, heavy water, ice)",other,main/H2O/nk/Asfar.yml,"Liquid water, H2O",,,,True,,,,30.0,,22.22,,,,nan,nan,nan,"Afsar and Hasted 1977: Water; n,k 22.22–1733 µm; 19.0 °C",Asfar-H2O,False,False,False,,main,False
,,,H2O,"H2O, D2O (Water, heavy water, ice)",transparent dielectric,main/H2O/nk/Warren-2008.yml,Water ice,,,,True,5.73e-09,,,30.0,,0.2,,1.3094,,1.270071177862374,1.3047772632608676,1.3190345620496609,"Warren and Brandt 2008: Ice; n,k 0.00443–2e6 µm",Warren-2008,False,False,False,,main,False
,,,H2O,"H2O, D2O (Water, heavy water, ice)",transparent dielectric,main/H2O/nk/Warren-1984.yml,Water ice,,,,True,5.73e-09,,,30.0,,0.2,,1.3094,,1.2696711778623737,1.3047772632608676,1.3190345620496609,"Warren 1984: Ice; n,k 0.00443–167 µm",Warren-1984,False,False,False,,main,False
,,,H2O,"H2O, D2O (Water, heavy water, ice)",transparent dielectric,main/H2O/nk/Kofman-10K.yml,Water ice,,,,False,,,,0.757,,0.21,,,,nan,nan,1.195559770393861,Kofman et al. 2019: Amorphous ice; n 0.210–0.757 µm; 10 K,Kofman-10K,True,False,False,,main,False
,,,H2O,"H2O, D2O (Water, heavy water, ice)",transparent dielectric,main/H2O/nk/Kofman-30K.yml,Water ice,,,,False,,,,0.757,,0.21,,,,nan,nan,1.2237633406023667,Kofman et al. 2019: Amorphous ice; n 0.210–0.757 µm; 30 K,Kofman-30K,True,False,False,,main,False
,,,H2O,"H2O, D2O (Water, heavy water, ice)",transparent dielectric,main/H2O/nk/Kofman-50K.yml,Water ice,,,,False,,,,0.757,,0.21,,,,nan,nan,1.2354714941916698,Kofman et al. 2019: Amorphous ice; n 0.210–0.757 µm; 50 K,Kofman-50K,True,False,False,,main,False
,,,H2O,"H2O, D2O (Water, heavy water, ice)",transparent dielectric,main/H2O/nk/Kofman-70K.yml,Water ice,,,,False,,,,0.757,,0.21,,,,nan,nan,1.2545442750940394,Kofman et al. 2019: Amorphous ice; n 0.210–0.757 µm; 70 K,Kofman-70K,True,False,False,,main,False
,,,H2O,"H2O, D2O (Water, heavy water, ice)",transparent dielectric,main/H2O/nk/Kofman-90K.yml,Water ice,,,,False,,,,0.757,,0.21,,,,nan,nan,1.2715081555684546,Kofman et al. 2019: Amorphous ice; n 0.210–0.757 µm; 90 K,Kofman-90K,True,False,False,,main,False
,,,H2O,"H2O, D2O (Water, heavy water, ice)",transparent dielectric,main/H2O/nk/Kofman-110K.yml,Water ice,,,,False,,,,0.757,,0.21,,,,nan,nan,1.2886740544253172,Kofman et al. 2019: Amorphous ice; n 0.210–0.757 µm; 110 K,Kofman-110K,True,False,False,,main,False
,,,H2O,"H2O, D2O (Water, heavy water, ice)",transparent dielectric,main/H2O/nk/Kofman-130K.yml,Water ice,,,,False,,,,0.757,,0.21,,,,nan,nan,1.3118759414416037,Kofman et al. 2019: Amorphous ice; n 0.210–0.757 µm; 130 K,Kofman-130K,True,False,False,,main,False
,,,H2O,"H2O, D2O (Water, heavy water, ice)",transparent dielectric,main/H2O/nk/Kofman-150K.yml,Water ice,,,,False,,,,0.757,,0.21,,,,nan,nan,1.3137788205925305,Kofman et al. 2019: Crystalline ice; n 0.210–0.757 µm; 150 K,Kofman-150K,True,False,False,,main,False
,,,H2O,"H2O, D2O (Water, heavy water, ice)",transparent dielectric,main/H2O/nk/Rowe-240K.yml,Supercooled liquid water,,,,True,nan,,,30.0,,0.66668373,,nan,,1.3006780240565456,1.3267565877420247,1.3277837,"Rowe et al. 2020: Water; n,k 0.667–10400 µm; -33 °C",Rowe-240K,False,False,False,,main,False
,,,H2O,"H2O, D2O (Water, heavy water, ice)",transparent dielectric,main/H2O/nk/Rowe-253K.yml,Supercooled liquid water,,,,True,nan,,,30.0,,0.66668373,,nan,,1.3007097924849864,1.3262894877420246,1.3272993,"Rowe et al. 2020: Water; n,k 0.667–10400 µm; -20 °C",Rowe-253K,False,False,False,,main,False
,,,H2O,"H2O, D2O (Water, heavy water, ice)",transparent dielectric,main/H2O/nk/Rowe-263K.yml,Supercooled liquid water,,,,True,nan,,,30.0,,0.66668373,,nan,,1.3007272609134273,1.3260097877420247,1.3270083,"Rowe et al. 2020: Water; n,k 0.667–10400 µm; -10 °C",Rowe-263K,False,False,False,,main,False
,,,H2O,"H2O, D2O (Water, heavy water, ice)",transparent dielectric,main/H2O/nk/Rowe-273K.yml,Supercooled liquid water,,,,True,nan,,,30.0,,0.66668373,,nan,,1.3007715749608284,1.3253881877420246,1.3263638,"Rowe et al. 2020: Water; n,k 0.667–10400 µm; 0 °C",Rowe-273K,False,False,False,,main,False
,,,H2O,"H2O, D2O (Water, heavy water, ice)",transparent dielectric,main/D2O/nk/Kedenburg.yml,"Heavy water, D2O",,,,True,2.70245e-08,,,1.6,,0.5,,1.3278798425148863,,nan,1.3240073237988275,1.3314030824894236,"Kedenburg et al. 2012: Heavy water; n 0.5–1.6 µm, k 0.5–1.75 µm",Kedenburg-D2O,False,False,False,,main,False
,,,H2O,"H2O, D2O (Water, heavy water, ice)",transparent dielectric,main/D2O/nk/Sarkar.yml,"Heavy water, D2O",,,,False,,,,0.71,,0.48,,,,nan,nan,1.332115905652609,Sarkar et al. 2022: n 0.48–0.71 µm,Sarkar-D2O,False,False,False,,main,False
,,,H2O,"H2O, D2O (Water, heavy water, ice)",error,main/D2O/nk/Wang.yml,"Heavy water, D2O",,,ValueError('/home/claude/rii/data/main/D2O/nk/Wang.yml: no refractive-index data,,,,,,,,,,,,,,Wang et al. 2016: Heavy water; k 1.2–2.6 µm,Wang-D2O,,,,,main,
,,,H2O,"H2O, D2O (Water, heavy water, ice)",error,main/D2O/nk/Asfar.yml,"Heavy water, D2O",,,range outside 0.2-30 um,,,,,,,,,,,,,,"Afsar and Hasted 1977: Heavy water; n,k 250–2000 µm",Asfar-D2O,,,,,main,
,,,HfO2,"HfO2 (Hafnium dioxide, Hafnia)",transparent dielectric,main/HfO2/nk/Al-Kuhaili.yml,Thin film,,,,False,,,,2.0,,0.2,,,,1.87660625,1.8861155862430146,1.9360453511033993,Al-Kuhaili 2004: n 0.2–2.0 µm,Al-Kuhaili,False,False,False,,main,False
,,,HfO2,"HfO2 (Hafnium dioxide, Hafnia)",transparent dielectric,main/HfO2/nk/Siefke.yml,Thin film,,,,True,0.0,,,0.619921,,0.2,,1.9091867089614811,,nan,nan,1.9554347617624042,"Siefke et al. 2026: Thin film; n,k 0.124–0.620 µm",Siefke,False,False,False,,main,False
,2.3305334201242696,,HfO2,"HfO2 (Hafnium dioxide, Hafnia)",phonon polariton,main/HfO2/nk/Franta.yml,Thin film,1.026514761520559,14.4809552698344,,True,1.2475874897834376e-32,,,30.0,,0.2,20.325980648776007,2.091984228345192,2,2.0443763831091397,2.073087520332233,2.1469472236559217,"Franta et al. 2015: n,k 0.115–125 µm",Franta,False,True,False,"(14.663953502157442, 27.475412101162448)",main,False
,5.83266084412981,,HfO2,"HfO2 (Hafnium dioxide, Hafnia)",phonon polariton,main/HfO2/nk/Bright.yml,Thin film,0.5670476549689976,15.07892212193319,,True,3.929325174825173e-06,,,30.0,,0.38462,23.084015993241916,2.002229370629371,4,1.9488827256438017,1.980319462977181,2.0593784200566994,"Bright et al. 2012: n,k 0.385–500 µm",Bright,False,True,False,"(15.24447164681244, 28.09757134682074)",main,False
,,,Lu2O3,Lu2O3 (Lutetium sesquioxide),transparent dielectric,main/Lu2O3/nk/Medenbach.yml,"O - Oxygen, oxides and garnets",,,,False,,,,0.644,,0.435,,,,nan,nan,1.9672813167395418,Medenbach et al. 2001: n 0.435–0.644 µm,Medenbach,False,False,False,,main,False
,,,Lu2O3,Lu2O3 (Lutetium sesquioxide),transparent dielectric,main/Lu2O3/nk/Yao.yml,"O - Oxygen, oxides and garnets",,,,True,0.0,,,1.69,,0.21,,1.930261,,nan,1.9153795026857239,1.9759108581514517,"Yao et al. 2022: n 0.210–1.69 µm, k 0.210–0.224 µm",Yao,False,False,False,,main,False
,,,Lu2O3,Lu2O3 (Lutetium sesquioxide),transparent dielectric,main/Lu2O3/nk/Kaminskii.yml,"O - Oxygen, oxides and garnets",,,,False,,,,2.325,,0.365,,,,1.8962182386423616,1.918493228414656,1.9800823582072968,Kaminskii et al. 2008: n 0.365–2.325 µm,Kaminskii,False,False,False,,main,False
,,,Lu3Al5O12,"Lu3Al5O12 (Lutetium aluminium garnet, LuAG)",transparent dielectric,main/Lu3Al5O12/nk/Hrabovsky.yml,"O - Oxygen, oxides and garnets",,,,False,,,,1.69,,0.2,,,,nan,1.8288402590435326,1.8648144674462168,Hrabovský et al. 2021: n 0.193–1.69 µm,Hrabovsky,False,False,False,,main,False
,,,MgO,MgO (Magnesium monoxide),transparent dielectric,main/MgO/nk/Stephens.yml,"O - Oxygen, oxides and garnets",,,,False,,,,5.4,,0.36,,,,1.7084553843316643,1.727554446034245,1.7618945548962468,Stephens and Malitson 1952: n 0.36–5.4 µm,Stephens,False,False,False,,main,False
,,,MgO,MgO (Magnesium monoxide),transparent dielectric,main/MgO/nk/Stephens-vis.yml,"O - Oxygen, oxides and garnets",,,,False,,,,0.7679,,0.4047,,,,nan,nan,1.7611684556825788,Stephens and Malitson 1952: n 0.405–0.768 µm,Stephens-vis,False,False,False,,main,False
,,,MgO,MgO (Magnesium monoxide),transparent dielectric,main/As2S3/nk/Synowicki.yml,"O - Oxygen, oxides and garnets",,,,True,7.60693262411348e-06,,,30.0,,0.2,,2.6305094562647753,,2.426376120449299,2.516143712469567,2.7757466074625095,"Synowicki and Tiwald 2004: n,k 0.13–33 µm",Synowicki,False,False,False,,main,False
,,,MoO2,MoO2 (Molybdenum dioxide),absorber (visible),main/MoO2/nk/Ganzhinov.yml,Thin film,,,,True,0.8374488083651668,,,1.687893555,,0.2,,1.8338975818834542,,nan,nan,nan,"Ganzhinov et al. 2026: Thin film; n,k 0.191–1.69 µm",Ganzhinov,False,False,False,,main,False
,,,MoO3,MoO3 (Molybdenum trioxide),transparent dielectric,main/MoO3/nk/Lajaunie-alpha.yml,Crystal,,,,True,0.006462958059722223,,,24.7968,,0.2,,2.140337007638889,,2.0618379748209095,nan,nan,"Lajaunie et al. 2013: n,k(α) 0.019–24.8 µm",Lajaunie-α,False,False,False,,main,False
,,,MoO3,MoO3 (Molybdenum trioxide),transparent dielectric,main/MoO3/nk/Lajaunie-beta.yml,Crystal,,,,True,0.013026351645833335,,,24.7968,,0.2,,2.50762070625,,2.3475700590380857,nan,nan,"Lajaunie et al. 2013: n,k(β) 0.019–24.8 µm",Lajaunie-β,False,False,False,,main,False
,,,MoO3,MoO3 (Molybdenum trioxide),transparent dielectric,main/MoO3/nk/Lajaunie-gamma.yml,Crystal,,,,True,0.024366413270833335,,,24.7968,,0.2,,2.7767813125000003,,2.5030028867740595,nan,nan,"Lajaunie et al. 2013: n,k(γ) 0.019–24.8 µm",Lajaunie-γ,False,False,False,,main,False
,,,MoO3,MoO3 (Molybdenum trioxide),transparent dielectric,main/MoO3/nk/Vos.yml,Thin film,,,,True,0.015058203016970464,,,0.99928,,0.2,,2.1030817353865494,,nan,nan,2.2912717175939146,"Vos et al. 2016: Thin film; n,k 0.019–1 µm",Vos,False,False,False,,main,False
,,,MoO3,MoO3 (Molybdenum trioxide),transparent dielectric,main/MoO3/nk/Stelling.yml,Thin film,,,,True,0.0026192682926829275,,,0.89945,,0.30082,,1.833230487804878,,nan,1.7911292067939018,1.7978781867398796,"Stelling et al. 2017: Thin film; n,k 0.301–0.899 µm",Stelling,False,False,False,,main,False
,4.194341119677182,,Nb2O5,Nb2O5 (Niobium pentoxide),phonon polariton,main/Nb2O5/nk/Franta.yml,Thin film,1.4910984349281358,11.551215378149159,,True,1.3780467878474782e-06,,,30.0,,0.2,13.9455492457422,2.3383745557727176,2,2.22056037117023,2.285820436500537,2.5343266142824206,"Franta et al. 2024: n,k 0.120–399 µm",Franta,False,True,False,"(11.697190001783799, 17.48256510071436)",main,False
,,,Nb2O5,Nb2O5 (Niobium pentoxide),transparent dielectric,main/Nb2O5/nk/Horcholle-400.yml,Thin film,,,,True,0.0,,,0.82656,,0.20664,,2.372685517241379,,nan,2.3268463211188153,2.56371827065103,"Horcholle et al. 2022: Thin film annealed at 400 °C; n,k 0.207–0.827 µm",Horcholle-400,True,False,False,,main,False
,,,Nb2O5,Nb2O5 (Niobium pentoxide),transparent dielectric,main/Nb2O5/nk/Horcholle-800.yml,Thin film,,,,True,0.0,,,0.82656,,0.20664,,2.4722313793103448,,nan,2.430240350737203,2.6548855423312143,"Horcholle et al. 2022: Thin film annealed at 800 °C; n,k 0.207–0.827 µm",Horcholle-800,True,False,False,,main,False
,,,Nb2O5,Nb2O5 (Niobium pentoxide),transparent dielectric,main/Nb2O5/nk/Lemarchand.yml,Thin film,,,,True,1e-06,,,2.5,,0.25,,2.334657,,2.2296980283907994,2.280641927058615,2.541310189514081,"Lemarchand 2013: n,k 0.25–2.5 µm",Lemarchand,False,False,False,,main,False
,,,Sc2O3,Sc2O3 (Scandium sesquioxide),transparent dielectric,main/Sc2O3/nk/Medenbach.yml,"O - Oxygen, oxides and garnets",,,,False,,,,0.644,,0.435,,,,nan,nan,2.0307207069943343,Medenbach et al. 2001: n 0.435–0.644 µm,Medenbach,False,False,False,,main,False
,,,Sc2O3,Sc2O3 (Scandium sesquioxide),transparent dielectric,main/Sc2O3/nk/Belosludtsev.yml,"O - Oxygen, oxides and garnets",,,,True,1.61e-05,,,1.2,,0.23,,1.99685,,nan,1.981691072346298,2.0491857008158587,"Belosludtsev et al. 2018: n,k 0.270–1.200 µm",Belosludtsev,False,False,False,,main,False
,,,Sc2O3,Sc2O3 (Scandium sesquioxide),transparent dielectric,main/Sc2O3/nk/Arndt.yml,"O - Oxygen, oxides and garnets",,,,False,,,,0.75,,0.4,,,,nan,nan,1.93,Arndt et al. 1984: n 0.40–0.75 µm,Arndt,False,False,False,,main,False
,,,ScAlMgO4,"ScAlMgO4 (Magnesium aluminate scandium oxide, SAM, SCAM)",transparent dielectric,main/ScAlMgO4/nk/Stefaniuk-o.yml,"O - Oxygen, oxides and garnets",,,,True,4e-06,,,1.69,,0.2,,1.839781,,nan,1.8268711939023572,1.8793953153663738,"Stefaniuk et al. 2023: n,k(o) 0.193–1.690 µm",Stefaniuk-o,False,False,False,,main,False
,,,ScAlMgO4,"ScAlMgO4 (Magnesium aluminate scandium oxide, SAM, SCAM)",transparent dielectric,main/ScAlMgO4/nk/Stefaniuk-e.yml,"O - Oxygen, oxides and garnets",,,,True,1e-06,,,1.69,,0.2,,1.771566,,nan,1.7601377946645627,1.8066862363966931,"Stefaniuk et al. 2023: n,k(e) 0.193–1.690 µm",Stefaniuk-e,False,False,False,,main,False
,5.621178583511637e-05,,SiO,SiO (Silicon monoxide),phonon polariton,main/SiO/nk/Hass.yml,Thin film,2.0956341362814372,9.31308937171143,,True,0.001,,,14.0,,0.24,9.408483492141102,1.9655384615384617,2,1.8523996198578796,1.9291389693427734,1.9653875585085852,"Hass and Salzberg 1954: n,k 0.24–14.0 µm",Hass,False,True,False,"(9.408483492141102, 9.504854736041766)",main,False
,,,SiO,SiO (Silicon monoxide),transparent dielectric,other/non-stoichiometric compounds/Si-O/nk/Herguedas-SiO1.10.yml,Thin film,,,,True,,,,25.0,,5.0,,,,1.71,nan,nan,"Herguedas and Carretero 2023: n,k 5.0–25 µm",Herguedas,False,False,False,,main,False
,,,SiO,SiO (Silicon monoxide),error,main/SiO/nk/Fernandez-Perea.yml,Thin film,,,range outside 0.2-30 um,,,,,,,,,,,,,,"Fernandez-Perea et al. 2009: n,k 0.00155–0.177 µm",Fernandez-Perea,,,,,main,
,,,SiO2,"SiO2 (Silicon dioxide, Silica, Quartz)",transparent dielectric,main/SiO2/nk/Malitson.yml,Fused silica,,,,False,,,,6.7,,0.21,,,,1.4380080457530835,1.4532114493120944,1.4698327653587167,Malitson 1965: n 0.21–6.7 µm,Malitson,False,False,False,,main,False
,,,SiO2,"SiO2 (Silicon dioxide, Silica, Quartz)",transparent dielectric,main/SiO2/nk/Nyakuchena.yml,Fused silica,,,,False,,,,1.65,,1.1,,,,nan,1.4247806840289254,nan,Nyakuchena et al. 2023: n 1.10–1.65 µm,Nyakuchena,False,False,False,,main,False
,,,SiO2,"SiO2 (Silicon dioxide, Silica, Quartz)",transparent dielectric,main/SiO2/nk/Arosa.yml,Fused silica,,,,False,,,,1.7,,0.26,,,,nan,1.4533580762988838,1.4700283314187919,Arosa and de la Fuente 2020: n 0.26–1.7 µm,Arosa,False,False,False,,main,False
,8.557647499331342,,SiO2,"SiO2 (Silicon dioxide, Silica, Quartz)",phonon polariton,main/SiO2/nk/Franta.yml,Fused silica,0.19259070156785965,7.925228587377119,,True,5.7e-322,,,30.0,,0.2,8.873532875730408,1.4582264613143303,4,1.438157195157364,1.4534424396875851,1.4697589856402442,"Franta et al. 2016: n,k 0.0248–125 µm",Franta,False,True,False,"(8.02538101483936, 21.643167563047655)",main,False
,7.445210744741521,,SiO2,"SiO2 (Silicon dioxide, Silica, Quartz)",phonon polariton,main/SiO2/nk/Popova.yml,Fused silica,0.2727653270472266,8.011368510130037,,True,,,,30.0,,7.0,8.97038885541322,,4,1.0878,nan,nan,"Popova et al. 1972: n,k 7–50 µm",Popova,False,True,False,"(8.040642019006993, 21.448236569564596)",main,False
,,,SiO2,"SiO2 (Silicon dioxide, Silica, Quartz)",transparent dielectric,main/SiO2/nk/Ghosh-o.yml,Crystal,,,,False,,,,2.0531,,0.2,,,,1.5208463432607253,1.538290832846824,1.5576602203338088,"Ghosh 1999: α-Quartz, n(o) 0.198–2.05 µm",Ghosh-o,False,False,False,,main,False
,,,SiO2,"SiO2 (Silicon dioxide, Silica, Quartz)",transparent dielectric,main/SiO2/nk/Ghosh-e.yml,Crystal,,,,False,,,,2.0531,,0.2,,,,1.5290268926558324,1.5471838178471427,1.5672206911944582,"Ghosh 1999: α-Quartz, n(e) 0.198–2.05 µm",Ghosh-e,False,False,False,,main,False
,,,SiO2,"SiO2 (Silicon dioxide, Silica, Quartz)",transparent dielectric,main/SiO2/nk/Radhakrishnan-o.yml,Crystal,,,,False,,,,3.0,,0.2,,,,1.5207837150671955,1.5383061789737695,1.5574213084992992,Radhakrishnan 1951: α-Quartz; n(o) 0.18–3 µm,Radhakrishnan-o,False,False,False,,main,False
,,,SiO2,"SiO2 (Silicon dioxide, Silica, Quartz)",transparent dielectric,main/SiO2/nk/Radhakrishnan-e.yml,Crystal,,,,False,,,,3.0,,0.2,,,,1.5290596378324945,1.5472244761448393,1.5669755639862883,Radhakrishnan 1951: α-Quartz; n(e) 0.18–3 µm,Radhakrishnan-e,False,False,False,,main,False
,3.7135200254122456,,SiO2,"SiO2 (Silicon dioxide, Silica, Quartz)",phonon polariton,main/SiO2/nk/Kischkat.yml,Thin film,0.4454717355686485,8.126731676443555,,True,,,,14.28571,,1.53846,9.036544234593073,,2,1.4379265713778957,1.44325,nan,"Kischkat et al. 2012: n,k 1.54–14.3 µm",Kischkat,False,True,False,"(8.172247741250823, 9.396834981700648)",main,False
,2.5093799247051134,,SiO2,"SiO2 (Silicon dioxide, Silica, Quartz)",phonon polariton,other/non-stoichiometric compounds/Si-O/nk/Herguedas-SiO1.92.yml,Thin film,0.4946541589434173,8.311843818423393,,True,,,,25.0,,5.0,9.01017994662889,,4,nan,nan,nan,"Herguedas and Carretero 2023: n,k 5.0–25 µm",Herguedas,False,True,False,"(8.345438838318552, 21.97264119790356)",main,False
,,,SiO2,"SiO2 (Silicon dioxide, Silica, Quartz)",transparent dielectric,main/SiO2/nk/Rodriguez-de Marcos.yml,Thin film,,,,True,0.0017573440788374813,,,1.51066,,0.2,,1.4644994815433439,,nan,1.4588678585759915,nan,"Rodríguez-de Marcos et al. 2016: n,k 0.03–1.5 µm",Rodriguez-de_Marcos,False,False,False,,main,False
,1.7037387514098425,,SiO2,"SiO2 (Silicon dioxide, Silica, Quartz)",phonon polariton,main/SiO2/nk/Franta-25C.yml,Thin film,0.445543142760146,8.126799085130195,,True,5.230921991633079e-06,,,30.0,,0.2,9.099222572736517,1.474718075165527,2,1.4520681462430771,1.4696812966822153,1.486836874393342,"Franta et al. 2016: n,k 0.0275–125 µm; 25 °C",Franta-25C,True,True,False,"(8.229498792387865, 9.330652468156044)",main,False
,2.6581303804157135,,SiO2,"SiO2 (Silicon dioxide, Silica, Quartz)",phonon polariton,main/SiO2/nk/Franta-300C.yml,Thin film,0.48646349395196076,8.126799085130195,,True,3.385474912514977e-06,,,30.0,,0.2,9.099222572736517,1.4711021510530375,4,1.450993703132112,1.4661578830638515,1.4831975749179713,"Franta et al. 2016: n,k 0.0275–125 µm; 300 °C",Franta-300C,True,True,False,"(8.229498792387865, 21.373072502713057)",main,False
,,,SiO2,"SiO2 (Silicon dioxide, Silica, Quartz)",transparent dielectric,main/SiO2/nk/Gao.yml,Thin film,,,,True,0.0,,,1.25,,0.252,,1.477171,,nan,1.4727284237356446,1.4895573130564308,"Gao et al. 2013: n,k 0.252–1.25 µm",Gao,False,False,False,,main,False
,,,SiO2,"SiO2 (Silicon dioxide, Silica, Quartz)",transparent dielectric,main/SiO2/nk/Lemarchand.yml,Thin film,,,,True,0.0,,,2.5,,0.25,,1.47299,,1.4651498285557216,1.4691743062637368,1.4839519342113174,"Lemarchand 2013: n,k 0.25–2.5 µm",Lemarchand,False,False,False,,main,False
,3.923676151085217,,Ta2O5,Ta2O5 (Tantalum pentoxide),phonon polariton,main/Ta2O5/nk/Bright-amorphous.yml,Amorphous thin film,1.5640887642125632,12.285817641269187,,True,0.0009328459426681367,,,30.0,,0.5,14.330186948783881,2.1275679162072767,2,nan,nan,2.1587,"Bright et al. 2013: n,k 0.5–1000 µm",Bright-amorphous,True,True,False,"(12.412537804144769, 16.042556216447373)",main,False
,,,Ta2O5,Ta2O5 (Tantalum pentoxide),transparent dielectric,main/Ta2O5/nk/Cheikh-amorphous-3.28-4-25.yml,Amorphous thin film,,,,True,0.0,,,1.24,,0.20667,,2.1559566666666665,,nan,2.125402320136167,2.2617057524579014,"Cheikh et al. 2025: Power 3.28, O2 4, As deposited; n,k 0.207–1.24 µm",Cheikh-amorphous-3.28-4-25,True,False,False,,main,False
,,,Ta2O5,Ta2O5 (Tantalum pentoxide),transparent dielectric,main/Ta2O5/nk/Cheikh-amorphous-3.28-8-25.yml,Amorphous thin film,,,,True,0.0,,,1.24,,0.20667,,2.16274,,nan,2.132736438466664,2.2670721612084703,"Cheikh et al. 2025: Power 3.28, O2 8, As deposited; n,k 0.207–1.24 µm",Cheikh-amorphous-3.28-8-25,True,False,False,,main,False
,,,Ta2O5,Ta2O5 (Tantalum pentoxide),transparent dielectric,main/Ta2O5/nk/Cheikh-amorphous-3.28-12-25.yml,Amorphous thin film,,,,True,0.0,,,1.24,,0.20667,,2.1633366666666665,,nan,2.13569291178865,2.2612245918354614,"Cheikh et al. 2025: Power 3.28, O2 12, As deposited; n,k 0.207–1.24 µm",Cheikh-amorphous-3.28-12-25,True,False,False,,main,False
,,,Ta2O5,Ta2O5 (Tantalum pentoxide),transparent dielectric,main/Ta2O5/nk/Cheikh-amorphous-3.28-16-25.yml,Amorphous thin film,,,,True,0.0,,,1.24,,0.20667,,2.16019,,nan,2.1302205567971604,2.264505365583755,"Cheikh et al. 2025: Power 3.28, O2 16, As deposited; n,k 0.207–1.24 µm",Cheikh-amorphous-3.28-16-25,True,False,False,,main,False
,,,Ta2O5,Ta2O5 (Tantalum pentoxide),transparent dielectric,main/Ta2O5/nk/Cheikh-amorphous-4.38-12-25.yml,Amorphous thin film,,,,True,0.0,,,1.24,,0.20667,,2.1512433333333334,,nan,2.1215364384666637,2.2549753655837548,"Cheikh et al. 2025: Power 4.38, O2 12, As deposited; n,k 0.207–1.24 µm",Cheikh-amorphous-4.38-12-25,True,False,False,,main,False
,,,Ta2O5,Ta2O5 (Tantalum pentoxide),transparent dielectric,main/Ta2O5/nk/Cheikh-amorphous-5.48-12-25.yml,Amorphous thin film,,,,True,0.0,,,1.24,,0.20667,,2.15514,,nan,2.124932320136167,2.2602189568331856,"Cheikh et al. 2025: Power 5.48, O2 12, As deposited; n,k 0.207–1.24 µm",Cheikh-amorphous-5.48-12-25,True,False,False,,main,False
,,,Ta2O5,Ta2O5 (Tantalum pentoxide),transparent dielectric,main/Ta2O5/nk/Cheikh-amorphous-6.75-12-25.yml,Amorphous thin film,,,,True,0.0,,,1.24,,0.20667,,2.1444533333333333,,nan,2.1147905567971605,2.247348569959039,"Cheikh et al. 2025: Power 6.75, O2 12, As deposited; n,k 0.207–1.24 µm",Cheikh-amorphous-6.75-12-25,True,False,False,,main,False
,,,Ta2O5,Ta2O5 (Tantalum pentoxide),transparent dielectric,main/Ta2O5/nk/Cheikh-amorphous-3.28-8-450.yml,Amorphous thin film,,,,True,0.0,,,1.24,,0.20667,,2.149013333333333,,nan,2.1194905567971603,2.251818569959039,"Cheikh et al. 2025: Power 3.28, O2 8, Anneal. 450; n,k 0.207–1.24 µm",Cheikh-amorphous-3.28-8-450,True,False,False,,main,False
,,,Ta2O5,Ta2O5 (Tantalum pentoxide),transparent dielectric,main/Ta2O5/nk/Cheikh-amorphous-3.28-8-550.yml,Amorphous thin film,,,,True,0.0,,,1.24,,0.20667,,2.14011,,nan,2.111264675127657,2.2408181830848926,"Cheikh et al. 2025: Power 3.28, O2 8, Anneal. 550; n,k 0.207–1.24 µm",Cheikh-amorphous-3.28-8-550,True,False,False,,main,False
,,,Ta2O5,Ta2O5 (Tantalum pentoxide),transparent dielectric,main/Ta2O5/nk/Rodriguez-de Marcos.yml,Amorphous thin film,,,,True,0.008221598039215685,,,1.51429,,0.2,,2.101686125490196,,nan,2.0508310440111184,nan,"Rodríguez-de Marcos et al. 2016: n,k 0.03–1.5 µm",Rodriguez-de_Marcos,False,False,False,,main,False
,3.546119377945804,,Ta2O5,Ta2O5 (Tantalum pentoxide),phonon polariton,main/Ta2O5/nk/Franta-2015.yml,Amorphous thin film,1.387018317167878,12.146275647787897,,True,5.468808486881337e-249,,,30.0,,0.2,13.771516311147217,2.108156307524427,2,2.0318398042074484,2.076718566813398,2.209271148856445,"Franta et al. 2015: n,k 0.142–125 µm",Franta-2015,False,True,False,"(12.29977014669598, 15.811542935024887)",main,False
,,,Ta2O5,Ta2O5 (Tantalum pentoxide),transparent dielectric,main/Ta2O5/nk/Gao.yml,Amorphous thin film,,,,True,2e-06,,,1.8,,0.35,,2.143086,,nan,2.112176318756226,2.246093442769423,"Gao et al. 2012: n,k 0.35–1.8 µm",Gao,False,False,False,,main,False
,2.6630676754855767,,Ta2O5,Ta2O5 (Tantalum pentoxide),phonon polariton,main/Ta2O5/nk/Bright-nanocrystalline.yml,Crystalline thin film,1.8973569787711069,13.336940700259637,,True,0.0008902210694597573,,,30.0,,0.5,16.375199837167663,2.2094080485115764,3,nan,nan,2.2588,"Bright et al. 2013: Nanocrystalline film; n,k 0.5–1000 µm",Bright-nanocrystalline,True,True,False,"(13.47450250909862, 30.0)",main,False
,4.310678738189733,,Ta2O5,Ta2O5 (Tantalum pentoxide),phonon polariton,main/Ta2O5/nk/Franta-2025.yml,Crystalline thin film,1.3799941349988694,12.146275647787897,,True,4.029418039010676e-07,,,30.0,,0.2,13.771516311147217,2.1294445989208253,2,2.051999577453091,2.097433025517369,2.2322727179080593,"Franta et al. 2025: Polycrystalline; n,k 0.116–400 µm",Franta-2025,True,True,False,"(12.29977014669598, 15.811542935024887)",main,False
,,,Ta2O5,Ta2O5 (Tantalum pentoxide),transparent dielectric,main/Ta2O5/nk/Cheikh-crystalline-3.28-8-650.yml,Crystalline thin film,,,,True,0.0,,,1.24,,0.20667,,2.212343333333333,,nan,2.1862452667801393,2.2684637194591595,"Cheikh et al. 2025: Power 3.28, O2 8, Anneal. 650; n,k 0.207–1.24 µm",Cheikh-crystalline-3.28-8-650,True,False,False,,main,False
,,,Ta2O5,Ta2O5 (Tantalum pentoxide),transparent dielectric,main/Ta2O5/nk/Cheikh-crystalline-3.28-8-750.yml,Crystalline thin film,,,,True,0.0,,,1.24,,0.20667,,2.2452366666666665,,nan,2.2206635034411324,2.309355097658707,"Cheikh et al. 2025: Power 3.28, O2 8, Anneal. 750; n,k 0.207–1.24 µm",Cheikh-crystalline-3.28-8-750,True,False,False,,main,False
,,,Ta2O5,Ta2O5 (Tantalum pentoxide),transparent dielectric,main/Ta2O5/nk/Cheikh-crystalline-3.28-8-850.yml,Crystalline thin film,,,,True,0.0,,,1.24,,0.20667,,2.19888,,nan,2.173683503441133,2.2382665732206366,"Cheikh et al. 2025: Power 3.28, O2 8, Anneal. 850; n,k 0.207–1.24 µm",Cheikh-crystalline-3.28-8-850,True,False,False,,main,False
,,,Tb3Ga5O12,"Tb3Ga5O12 (Terbium gallium garnet, TGG)",transparent dielectric,main/Tb3Ga5O12/nk/Schlarb.yml,"O - Oxygen, oxides and garnets",,,,False,,,,1.17668,,0.40466,,,,nan,1.9572781958529493,2.0178,Schlarb and Sugg 1994: n 0.405–1.18 µm,Schlarb,False,False,False,,main,False
,72.67085842223678,,Tb3Ga5O12,"Tb3Ga5O12 (Terbium gallium garnet, TGG)",phonon polariton,main/Tb3Ga5O12/nk/Franta.yml,"O - Oxygen, oxides and garnets",0.21674208503653253,13.9455492457422,,True,5.274677594936709e-09,,,30.0,,0.2,25.481268157048827,1.9696570253164556,7,1.9288163062978239,1.9530683936392865,2.0182413200706617,"Franta et al. 2025: n,k 0.120–400 µm",Franta,False,True,False,"(14.121781463381936, 30.0)",main,False
,,,TeO2,TeO2 (Tellurium dioxide),transparent dielectric,main/TeO2/nk/Uchida-o.yml,"O - Oxygen, oxides and garnets",,,,False,,,,1.0,,0.4,,,,nan,2.226385549253412,2.441171448696797,Uchida 1971: α-TeO<sub>2</sub>; n(o) 0.4–1.0 µm,Uchida-o,False,False,False,,main,False
,,,TeO2,TeO2 (Tellurium dioxide),transparent dielectric,main/TeO2/nk/Uchida-e.yml,"O - Oxygen, oxides and garnets",,,,False,,,,1.0,,0.4,,,,nan,2.3735037501530334,2.6265735230224565,Uchida 1971: α-TeO<sub>2</sub>; n(e) 0.4–1.0 µm,Uchida-e,False,False,False,,main,False
,,,TiO2,TiO2 (Titanium dioxide),transparent dielectric,main/TiO2/nk/Devore-o.yml,Crystal,,,,False,,,,1.53,,0.43,,,,nan,2.5192228469062306,2.8716984534675962,Devore 1951: n(o) 0.43–1.53 µm,Devore-o,False,False,False,,main,False
,,,TiO2,TiO2 (Titanium dioxide),transparent dielectric,main/TiO2/nk/Devore-e.yml,Crystal,,,,False,,,,1.53,,0.43,,,,nan,2.7912642672661585,3.2402448794385332,Devore 1951: n(e) 0.43–1.53 µm,Devore-e,False,False,False,,main,False
,,,TiO2,TiO2 (Titanium dioxide),transparent dielectric,main/TiO2/nk/Bond-o.yml,Crystal,,,,False,,,,2.4,,0.45,,,,2.423644486302468,2.52067012749481,2.8087,Bond 1965: n(o) 0.45–2.4 µm,Bond-o,False,False,False,,main,False
,,,TiO2,TiO2 (Titanium dioxide),transparent dielectric,main/TiO2/nk/Bond-e.yml,Crystal,,,,False,,,,2.4,,0.45,,,,2.6696118476252084,2.785866111851751,3.1465,Bond 1965: n(e) 0.45–2.4 µm,Bond-e,False,False,False,,main,False
,2.5398213271317385,,TiO2,TiO2 (Titanium dioxide),phonon polariton,main/TiO2/nk/Kischkat.yml,Thin film,1.0479493116805016,11.88110759182852,,True,,,,14.28571,,1.53846,14.28571,,1,2.411007999822635,2.43346,nan,"Kischkat et al. 2012: Thin film; n,k 1.54–14.29 µm",Kischkat,False,True,False,"(11.94765110337318, 14.28571)",main,False
,,,TiO2,TiO2 (Titanium dioxide),transparent dielectric,main/TiO2/nk/Jolivet-anatase.yml,Thin film,,,,True,0.0,,,0.82656,,0.20664,,2.4856203436426116,,nan,2.423672540914998,2.768278970314555,"Jolivet et al. 2023: Anatase thin film; n,k 0.207–0.827 µm",Jolivet-anatase,False,False,False,,main,False
,,,TiO2,TiO2 (Titanium dioxide),transparent dielectric,main/TiO2/nk/Jolivet-amorphous.yml,Thin film,,,,True,0.0,,,0.82656,,0.20664,,2.423026116838488,,nan,2.3703752766912345,2.6528201867404646,"Jolivet et al. 2023: Amorphous thin film; n,k 0.207–0.827 µm",Jolivet-amorphous,True,False,False,,main,False
,,,TiO2,TiO2 (Titanium dioxide),transparent dielectric,main/TiO2/nk/Sarkar.yml,Thin film,,,,True,0.0,,,1.69,,0.3,,2.141661,,nan,2.0947552522167276,2.3353117592945405,"Sarkar et al. 2019: Thin film; n,k 0.30–1.69 µm",Sarkar,False,False,False,,main,False
,4.763825928710105,,TiO2,TiO2 (Titanium dioxide),phonon polariton,main/TiO2/nk/Siefke.yml,Thin film,1.74056414735607,11.994696677455874,,True,6.776955532917765e-09,,,30.0,,0.2,15.419366317112829,2.4048987583461114,2,2.2641936746913536,2.3400630800096707,2.6664420650570637,"Siefke et al. 2016: Thin film; n,k 0.120–125 µm",Siefke,False,True,False,"(12.146275647787897, 24.23291098650891)",main,False
,,,TiO2,TiO2 (Titanium dioxide),transparent dielectric,main/TiO2/nk/Zhukovsky.yml,Thin film,,,,True,3.778697850821744e-05,,,1.689842,,0.211002,,2.4042411270543615,,nan,2.340462729169907,2.5318987955584884,Zhukovsky et al. 2015: Thin film; n 0.211–1.69 µm,Zhukovsky,False,False,False,,main,False
,3.7800540642400042,,TiO2,TiO2 (Titanium dioxide),phonon polariton,main/TiO2/nk/Franta.yml,Thin film,1.809717953631011,12.146275647787897,,True,2.174419697772613e-08,,,30.0,,0.2,15.614223405405276,2.3185745500493438,2,2.1902306614183704,2.259875432485341,2.553449833037439,"Franta et al. 2015: Thin film; n,k 0.114–125 µm",Franta,False,True,False,"(12.29977014669598, 23.04571229582306)",main,False
,,,TiO2,TiO2 (Titanium dioxide),transparent dielectric,main/TiO2/nk/Bodurov.yml,Nanoparticles,,,,False,,,,0.635,,0.405,,,,nan,nan,2.6820023839301586,Bodurov et al. 2016: Nanoparticles; n 0.405–0.635 µm,Bodurov,False,False,False,,main,False
,,,VO2,VO2 (Vanadium dioxide),absorber (visible),main/VO2/nk/Beaini-25C.yml,"O - Oxygen, oxides and garnets",,,,True,0.3356,,,25.0,,0.5,,3.1026,,nan,nan,nan,"Beaini et al. 2020: n,k 0.5–25 µm; 25 °C",Beaini-25C,True,False,False,,main,False
,,,VO2,VO2 (Vanadium dioxide),metal,main/VO2/nk/Beaini-100C.yml,"O - Oxygen, oxides and garnets",5.157002881187274,1.0329212166727988,,True,0.3762,,,25.0,,0.5,,2.531,2,nan,nan,nan,"Beaini et al. 2020: n,k 0.5–25 µm; 100 °C",Beaini-100C,True,False,False,,main,True
,,,VO2,VO2 (Vanadium dioxide),absorber (visible),main/VO2/nk/Oguntoye-20C.yml,"O - Oxygen, oxides and garnets",,,,True,0.51552,,,2.5,,0.21,,2.70825,,nan,nan,nan,"Oguntoye et al. 2023: n,k 0.21–2.5 µm; 20 °C",Oguntoye-20C,True,False,False,,main,False
,,,VO2,VO2 (Vanadium dioxide),absorber (visible),main/VO2/nk/Oguntoye-30C.yml,"O - Oxygen, oxides and garnets",,,,True,0.50878,,,2.5,,0.21,,2.70551,,nan,nan,nan,"Oguntoye et al. 2023: n,k 0.21–2.5 µm; 30 °C",Oguntoye-30C,True,False,False,,main,False
,,,VO2,VO2 (Vanadium dioxide),absorber (visible),main/VO2/nk/Oguntoye-40C.yml,"O - Oxygen, oxides and garnets",,,,True,0.50131,,,2.5,,0.21,,2.70205,,nan,nan,nan,"Oguntoye et al. 2023: n,k 0.21–2.5 µm; 40 °C",Oguntoye-40C,True,False,False,,main,False
,,,VO2,VO2 (Vanadium dioxide),absorber (visible),main/VO2/nk/Oguntoye-50C.yml,"O - Oxygen, oxides and garnets",,,,True,0.48506,,,2.5,,0.21,,2.70087,,nan,nan,nan,"Oguntoye et al. 2023: n,k 0.21–2.5 µm; 50 °C",Oguntoye-50C,True,False,False,,main,False
,,,VO2,VO2 (Vanadium dioxide),absorber (visible),main/VO2/nk/Oguntoye-55C.yml,"O - Oxygen, oxides and garnets",,,,True,0.35555,,,2.5,,0.21,,2.2955,,nan,nan,nan,"Oguntoye et al. 2023: n,k 0.21–2.5 µm; 55 °C",Oguntoye-55C,True,False,False,,main,False
,,,VO2,VO2 (Vanadium dioxide),absorber (visible),main/VO2/nk/Oguntoye-60C.yml,"O - Oxygen, oxides and garnets",,,,True,0.44627,,,2.5,,0.21,,2.17556,,nan,nan,nan,"Oguntoye et al. 2023: n,k 0.21–2.5 µm; 60 °C",Oguntoye-60C,True,False,False,,main,False
,,,VO2,VO2 (Vanadium dioxide),metal,main/VO2/nk/Oguntoye-70C.yml,"O - Oxygen, oxides and garnets",3.6439154653412134,1.028977831798116,,True,0.50164,,,2.5,,0.21,,2.27066,1,nan,nan,nan,"Oguntoye et al. 2023: n,k 0.21–2.5 µm; 70 °C",Oguntoye-70C,True,False,False,,main,True
,,,VO2,VO2 (Vanadium dioxide),metal,main/VO2/nk/Oguntoye-80C.yml,"O - Oxygen, oxides and garnets",3.5948260406150414,1.0226098616430324,,True,0.50398,,,2.5,,0.21,,2.26928,1,nan,nan,nan,"Oguntoye et al. 2023: n,k 0.21–2.5 µm; 80 °C",Oguntoye-80C,True,False,False,,main,True
,,,WO3,WO3 (Tungsten trioxide),transparent dielectric,main/WO3/nk/Kulikova.yml,"O - Oxygen, oxides and garnets",,,,True,0.0,,,1.0,,0.3,,1.98372,,nan,1.957117683518758,2.100621495887098,"Kulikova et al. 2020: n,k 0.3–1.0 µm",Kulikova,False,False,False,,main,False
,,,Y2O3,Y2O3 (Yttrium sesquioxide),transparent dielectric,main/Y2O3/nk/Nigara.yml,"O - Oxygen, oxides and garnets",,,,False,,,,9.6,,0.25,,,,1.8867604214835767,1.910984440093426,1.9811103813792201,Nigara 1968: n 0.25–9.6 µm,Nigara,False,False,False,,main,False
,,,Y3Al5O12,"Y3Al5O12 (Yttrium aluminium garnet, YAG)",transparent dielectric,main/Y3Al5O12/nk/Zelmon.yml,"O - Oxygen, oxides and garnets",,,,False,,,,5.0,,0.4,,,,1.8003449869994685,1.8213434275919196,1.8608261596711009,Zelmon et al. 1998: n 0.4–5.0 µm,Zelmon,False,False,False,,main,False
,,,Y3Al5O12,"Y3Al5O12 (Yttrium aluminium garnet, YAG)",transparent dielectric,main/Y3Al5O12/nk/Hrabovsky.yml,"O - Oxygen, oxides and garnets",,,,False,,,,1.69,,0.2,,,,nan,1.8213168401217796,1.8600569832452933,Hrabovský et al. 2021: n 0.193–1.69 µm,Hrabovsky,False,False,False,,main,False
,126.51579986045184,,Y3Al5O12,"Y3Al5O12 (Yttrium aluminium garnet, YAG)",phonon polariton,main/Y3Al5O12/nk/Franta.yml,"O - Oxygen, oxides and garnets",0.09784086624900011,11.551215378149159,,True,1.9915326179203324e-08,,,30.0,,0.2,21.643167563047655,1.8317643761448337,17,1.8003668710567353,1.8213070640226892,1.8597769042001944,"Franta et al. 2021: n,k 0.120–400 µm",Franta,False,True,False,"(11.697190001783799, 30.0)",main,False
,,,Y3Al5O12,"Y3Al5O12 (Yttrium aluminium garnet, YAG)",transparent dielectric,main/Y3Al5O12/nk/Bond.yml,"O - Oxygen, oxides and garnets",,,,False,,,,4.0,,0.4,,,,1.803480141686279,1.8244053561434415,1.865,Bond 1965: n 0.4–4.0 µm,Bond,False,False,False,,main,False
,,,Yb2O3,Yb2O3 (Ytterbium sesquioxide),transparent dielectric,main/Yb2O3/nk/Medenbach.yml,"O - Oxygen, oxides and garnets",,,,False,,,,0.644,,0.435,,,,nan,nan,1.9812282655489875,Medenbach et al. 2001: n 0.435–0.644 µm,Medenbach,False,False,False,,main,False
,,,ZnO,ZnO (Zinc monoxide),transparent dielectric,main/ZnO/nk/Bond-o.yml,Crystal,,,,False,,,,4.0,,0.45,,,,1.9198784432765195,1.9586241772347006,2.1053991205325646,Bond et al. 1965: n(o) 0.45–4.0 µm,Bond-o,False,False,False,,main,False
,,,ZnO,ZnO (Zinc monoxide),transparent dielectric,main/ZnO/nk/Bond-e.yml,Crystal,,,,False,,,,4.0,,0.45,,,,1.9341529745209303,1.9739977075109834,2.1227298420464966,Bond et al. 1965: n(e) 0.45–4.0 µm,Bond-e,False,False,False,,main,False
,,,ZnO,ZnO (Zinc monoxide),transparent dielectric,main/ZnO/nk/Stelling.yml,Thin film,,,,True,0.01884708805031446,,,1.68492,,0.30158,,1.6161355283018868,,nan,1.5961935982792326,1.614791536830653,"Stelling et al. 2017: n,k 0.302–1.685 µm",Stelling,False,False,False,,main,False
,,,ZnO,ZnO (Zinc monoxide),other,main/ZnO/nk/Aguilar.yml,Thin film,,,,True,0.044705,,,3.2,,0.3,,1.7818,,nan,nan,nan,"Aguilar et al. 2019: n,k 0.3–3.2 µm",Aguilar,False,False,False,,main,False
,17.425288585206868,,ZnO,ZnO (Zinc monoxide),phonon polariton,main/ZnO/nk/Querry.yml,Pellet,0.2726463369154564,17.143014760747214,,True,0.01,,,30.0,,0.21,22.819420184662487,1.579,2,nan,nan,nan,"Querry 1985: n,k 0.21–55.6 µm",Querry,False,True,False,"(17.35753125213939, 24.28333824655055)",main,False
,,,ZnO,ZnO (Zinc monoxide),transparent dielectric,main/ZnO/nk/Bodurov.yml,Nanoparticles,,,,False,,,,0.635,,0.405,,,,nan,nan,1.9768148506973948,Bodurov et al. 2016: Nanoparticles; n 0.405–0.635 µm,Bodurov,False,False,False,,main,False
,,,ZrO2,"ZrO2 (Zirconium dioxide, Zirconia)",transparent dielectric,other/mixed crystals/ZrO2-Y2O3/nk/Wood.yml,Crystal,,,,False,,,,5.135,,0.361,,,,2.1014024624301957,2.135051701201696,2.2219396423566864,Wood and Nassau 1982: Cubic zirconia stabilized with yttria; n 0.361–5.14 µm,Wood,False,False,False,,main,False
,,,ZrO2,"ZrO2 (Zirconium dioxide, Zirconia)",transparent dielectric,main/As2S3/nk/Synowicki.yml,Crystal,,,,True,7.60693262411348e-06,,,30.0,,0.2,,2.6305094562647753,,2.426376120449299,2.516143712469567,2.7757466074625095,"Synowicki and Tiwald 2004: n,k 0.13–33 µm",Synowicki,False,False,False,,main,False
,,,ZrO2,"ZrO2 (Zirconium dioxide, Zirconia)",transparent dielectric,main/ZrO2/nk/Bodurov.yml,Nanoparticles,,,,False,,,,0.635,,0.405,,,,nan,nan,2.313516907095824,Bodurov et al. 2016: Nanoparticles; n 0.405–0.635 µm,Bodurov,False,False,False,,main,False
,,,Os,Os (Osmium),error,main/Os/nk/Windt.yml,Os - Osmium,,,range outside 0.2-30 um,,,,,,,,,,,,,,"Windt et al. 1988: n,k 0.0024–0.122 µm",Windt,,,,,main,
0.5322326755154623,,3.64640164286322,Os,Os (Osmium),metal,main/Os/nk/Nemoshkalenko-o.yml,Os - Osmium,42.82130154933108,0.45161602053588695,,True,2.16,0.9927541788956822,0.9927541788956822,15.0,0.3521652352366219,0.24,,5.48,2,nan,nan,nan,"Nemoshkalenko et al. 1968: n,k(o) 0.24–15 µm",Nemoshkalenko-o,False,False,True,,main,True
0.9342352651861006,,25.378231335768916,Os,Os (Osmium),metal,main/Os/nk/Nemoshkalenko-e.yml,Os - Osmium,34.72464943575991,0.4672464600860518,,True,2.79,0.9199958434074341,0.9692140461557497,8.0,0.35080028002248614,0.25,,3.5,2,nan,nan,nan,"Nemoshkalenko et al. 1968: n,k(e) 0.25–8.0 µm",Nemoshkalenko-e,False,False,True,,main,True
,,,AlPO4,AlPO4 (Aluminium phosphate),transparent dielectric,main/AlPO4/nk/Bond-o.yml,P - Phosphides and phosphates,,,,False,,,,2.6,,0.4,,,,1.503256255962664,1.5191856649922961,1.5369,Bond et al. 1965: n(o) 0.40–2.6 µm,Bond-o,False,False,False,,main,False
,,,AlPO4,AlPO4 (Aluminium phosphate),transparent dielectric,main/AlPO4/nk/Bond-e.yml,P - Phosphides and phosphates,,,,False,,,,2.6,,0.4,,,,1.511456255962664,1.5280833528942792,1.5465,Bond et al. 1965: n(e) 0.40–2.6 µm,Bond-e,False,False,False,,main,False
,,,BP,BP (Boron phosphide),transparent dielectric,main/BP/nk/Wettling.yml,P - Phosphides and phosphates,,,,False,,,,0.6328,,0.4545,,,,nan,nan,3.34,Wettling and Windscheif 1984: n 0.45–0.63 µm,Wettling,False,False,False,,main,False
,,,CdGeP2,CdGeP2 (Cadmium germanium phosphide),transparent dielectric,main/CdGeP2/nk/Boyd-20-o.yml,P - Phosphides and phosphates,,,,False,,,,12.5,,0.8,,,,3.226688435089286,3.48515809937695,3.48515809937695,Boyd et al. 1972: n(o) 0.8–12.5 µm; 20 °C,Boyd-20-o,False,False,False,,main,False
,,,CdGeP2,CdGeP2 (Cadmium germanium phosphide),transparent dielectric,main/CdGeP2/nk/Boyd-20-e.yml,P - Phosphides and phosphates,,,,False,,,,12.5,,0.8,,,,3.2401798359627847,3.549413021547889,3.549413021547889,Boyd et al. 1972: n(e) 0.8–12.5 µm; 20 °C,Boyd-20-e,False,False,False,,main,False
,,,CdGeP2,CdGeP2 (Cadmium germanium phosphide),transparent dielectric,main/CdGeP2/nk/Boyd-118-o.yml,P - Phosphides and phosphates,,,,False,,,,12.5,,0.8,,,,3.24469096631766,3.5295555751880876,3.5295555751880876,Boyd et al. 1972: n(o) 0.8–12.5 µm; 118 °C,Boyd-118-o,False,False,False,,main,False
,,,CdGeP2,CdGeP2 (Cadmium germanium phosphide),transparent dielectric,main/CdGeP2/nk/Boyd-118-e.yml,P - Phosphides and phosphates,,,,False,,,,12.5,,0.8,,,,3.259208462516071,3.6131217099946227,3.6131217099946227,Boyd et al. 1972: n(e) 0.8–12.5 µm; 118 °C,Boyd-118-e,False,False,False,,main,False
,,,GaP,GaP (Gallium phosphide),transparent dielectric,main/GaP/nk/Aspnes.yml,Experimental data,26.603925331617955,0.24751867538992986,,True,0.0,,,0.8266,,0.2066,,3.3616576271186442,1,nan,3.193261379364175,3.4452940763132447,"Aspnes and Studna 1983: n,k 0.21–0.83 µm",Aspnes,False,False,False,,main,False
,,,GaP,GaP (Gallium phosphide),transparent dielectric,main/GaP/nk/Khmelevskaia.yml,Experimental data,27.690545749864057,0.2481761665313427,,True,0.01802,,,1.7,,0.235,,3.37535,1,nan,3.182723154748052,3.2934356094324775,"Khmelevskaia et al. 2021: n 0.235-1.70, k 0.235–0.686 µm",Khmelevskaia,False,False,False,,main,False
,,,GaP,GaP (Gallium phosphide),transparent dielectric,main/GaP/nk/Jellison.yml,Experimental data,27.828076048559314,0.24551775461642186,,True,-0.002,,,0.84,,0.234,,3.361,1,nan,3.1966437007814195,3.6869373684890294,"Jellison 1992: n,k 0.234–0.840 µm",Jellison,False,False,False,,main,False
,,,GaP,GaP (Gallium phosphide),error,main/GaP/nk/Parsons.yml,Experimental data,,,range outside 0.2-30 um,,,,,,,,,,,,,,Parsons and Coleman 1971: n 54.4–366 µm,Parsons,,,,,main,
,,,GaP,GaP (Gallium phosphide),transparent dielectric,main/GaP/nk/Bond.yml,Experimental data,,,,False,,,,4.0,,0.5,,,,3.0379,3.1816355093732467,3.4595,Bond 1965: n 0.5–4.0 µm,Bond,False,False,False,,main,False
,,,GaP,GaP (Gallium phosphide),transparent dielectric,main/GaP/nk/Adachi.yml,Models and simulations,27.368429014069328,0.24602238616787214,,True,0.0,,,12.398,,0.20664,,3.3924739789964993,1,3.1121334305039188,3.2441674654871875,3.505059760812348,"Adachi 1989: n,k 0.207–12.4 µm",Adachi,False,False,False,,main,False
,,,InP,InP (Indium phosphide),absorber (visible),main/InP/nk/Aspnes.yml,Experimental data,21.95012387461674,0.2607628730030563,,True,0.3372372881355933,,,0.8266,,0.2066,,3.5732847457627117,1,nan,nan,nan,"Aspnes and Studna 1983: n,k 0.21–0.83 µm",Aspnes,False,False,False,,main,False
,145.1717567062786,,InP,InP (Indium phosphide),phonon polariton,main/InP/nk/Panah.yml,Experimental data,1.036159926106896,16.583941547398382,,True,,,,30.0,,5.0,30.0,,1,nan,nan,nan,"Panah et al. 2016: n,k 5.0–30 µm",Panah,False,True,False,"(16.658581277924654, 30.0)",main,False
,,,InP,InP (Indium phosphide),transparent dielectric,main/InP/nk/Pettit.yml,Experimental data,,,,False,,,,10.0,,0.95,,,,3.1320624658928553,3.368844735286017,nan,Pettit and Turner 1965: n 0.95–10 µm,Pettit,False,False,False,,main,False
,,,InP,InP (Indium phosphide),absorber (visible),main/InP/nk/Adachi.yml,Models and simulations,22.6441066128648,0.26164565812784724,,True,0.3001564060676779,,,12.398,,0.20664,,3.343242707117853,1,3.091838840649055,nan,nan,"Adachi 1989: n,k 0.207–12.4 µm",Adachi,False,False,False,,main,False
,,,ZnGeP2,"ZnGeP2 (Zinc germanium phosphide, ZGP)",transparent dielectric,main/ZnGeP2/nk/Boyd-20C-o.yml,P - Phosphides and phosphates,,,,False,,,,12.0,,0.64,,,,3.147966047037398,3.3336857284817345,3.5061085499095084,Boyd et al. 1971: n(o) 0.64–12 µm; 20 °C,Boyd-20C-o,True,False,False,,main,False
,,,ZnGeP2,"ZnGeP2 (Zinc germanium phosphide, ZGP)",transparent dielectric,main/ZnGeP2/nk/Boyd-20C-e.yml,P - Phosphides and phosphates,,,,False,,,,12.0,,0.64,,,,3.187668912315196,3.389330799603693,3.5815741040200018,Boyd et al. 1971: n(e) 0.64–12 µm; 20 °C,Boyd-20C-e,True,False,False,,main,False
,,,ZnGeP2,"ZnGeP2 (Zinc germanium phosphide, ZGP)",transparent dielectric,main/ZnGeP2/nk/Boyd-70C-o.yml,P - Phosphides and phosphates,,,,False,,,,12.0,,0.64,,,,3.1556504852791942,3.345879099552838,3.523210884262026,Boyd et al. 1971: n(o) 0.64–12 µm; 70 °C,Boyd-70C-o,True,False,False,,main,False
,,,ZnGeP2,"ZnGeP2 (Zinc germanium phosphide, ZGP)",transparent dielectric,main/ZnGeP2/nk/Boyd-70C-e.yml,P - Phosphides and phosphates,,,,False,,,,12.0,,0.64,,,,3.195983087577409,3.402739678890727,3.6002563084765797,Boyd et al. 1971: n(e) 0.64–12 µm; 70 °C,Boyd-70C-e,True,False,False,,main,False
,,,ZnGeP2,"ZnGeP2 (Zinc germanium phosphide, ZGP)",transparent dielectric,main/ZnGeP2/nk/Das-o.yml,P - Phosphides and phosphates,,,,False,,,,11.0,,1.32,,,,3.1483274128945293,3.187409661687544,nan,Das et al. 2003: n(o) 1.32–11 µm,Das-o,False,False,False,,main,False
,,,ZnGeP2,"ZnGeP2 (Zinc germanium phosphide, ZGP)",transparent dielectric,main/ZnGeP2/nk/Das-e.yml,P - Phosphides and phosphates,,,,False,,,,11.0,,1.32,,,,3.1866003843841253,3.231876834607194,nan,Das et al. 2003: n(e) 1.32–11 µm,Das-e,False,False,False,,main,False
,,,ZnGeP2,"ZnGeP2 (Zinc germanium phosphide, ZGP)",transparent dielectric,main/ZnGeP2/nk/Zelmon-o.yml,P - Phosphides and phosphates,,,,False,,,,9.0,,2.0,,,,3.148066468817641,3.148066468817641,nan,Zelmon et al. 2001: n(o) 2–9 µm,Zelmon-o,False,False,False,,main,False
,,,ZnGeP2,"ZnGeP2 (Zinc germanium phosphide, ZGP)",transparent dielectric,main/ZnGeP2/nk/Zelmon-e.yml,P - Phosphides and phosphates,,,,False,,,,9.0,,2.0,,,,3.18841520368321,3.18841520368321,nan,Zelmon et al. 2001: n(e) 2–9 µm,Zelmon-e,False,False,False,,main,False
,,,ZnGeP2,"ZnGeP2 (Zinc germanium phosphide, ZGP)",transparent dielectric,main/ZnGeP2/nk/Ghosh-100K-o.yml,P - Phosphides and phosphates,,,,False,,,,12.0,,0.7,,,,3.124064192269968,3.296939182489886,3.376935035633239,Ghosh 1998: n(o) 0.7–12 µm; 100 K,Ghosh-100K-o,False,False,False,,main,False
,,,ZnGeP2,"ZnGeP2 (Zinc germanium phosphide, ZGP)",transparent dielectric,main/ZnGeP2/nk/Ghosh-100K-e.yml,P - Phosphides and phosphates,,,,False,,,,12.0,,0.7,,,,3.1615642527442938,3.348758712108936,3.4365564331928424,Ghosh 1998: n(e) 0.7–12 µm; 100 K,Ghosh-100K-e,False,False,False,,main,False
,,,ZnGeP2,"ZnGeP2 (Zinc germanium phosphide, ZGP)",transparent dielectric,main/ZnGeP2/nk/Ghosh-150K-o.yml,P - Phosphides and phosphates,,,,False,,,,12.0,,0.7,,,,3.128446463703197,3.3038950098255753,3.3854028304538675,Ghosh 1998: n(o) 0.7–12 µm; 150 K,Ghosh-150K-o,False,False,False,,main,False
,,,ZnGeP2,"ZnGeP2 (Zinc germanium phosphide, ZGP)",transparent dielectric,main/ZnGeP2/nk/Ghosh-150K-e.yml,P - Phosphides and phosphates,,,,False,,,,12.0,,0.7,,,,3.166288600781673,3.3563435979042775,3.4458319798924,Ghosh 1998: n(e) 0.7–12 µm; 150 K,Ghosh-150K-e,False,False,False,,main,False
,,,ZnGeP2,"ZnGeP2 (Zinc germanium phosphide, ZGP)",transparent dielectric,main/ZnGeP2/nk/Ghosh-200K-o.yml,P - Phosphides and phosphates,,,,False,,,,12.0,,0.7,,,,3.1339100933669273,3.31247170207367,3.3958028439057917,Ghosh 1998: n(o) 0.7–12 µm; 200 K,Ghosh-200K-o,False,False,False,,main,False
,,,ZnGeP2,"ZnGeP2 (Zinc germanium phosphide, ZGP)",transparent dielectric,main/ZnGeP2/nk/Ghosh-200K-e.yml,P - Phosphides and phosphates,,,,False,,,,12.0,,0.7,,,,3.1722944435982328,3.365861226827587,3.45744225312868,Ghosh 1998: n(e) 0.7–12 µm; 200 K,Ghosh-200K-e,False,False,False,,main,False
,,,ZnGeP2,"ZnGeP2 (Zinc germanium phosphide, ZGP)",transparent dielectric,main/ZnGeP2/nk/Ghosh-250K-o.yml,P - Phosphides and phosphates,,,,False,,,,12.0,,0.7,,,,3.1405411761305504,3.3227934491795583,3.4082801314128317,Ghosh 1998: n(o) 0.7–12 µm; 250 K,Ghosh-250K-o,False,False,False,,main,False
,,,ZnGeP2,"ZnGeP2 (Zinc germanium phosphide, ZGP)",transparent dielectric,main/ZnGeP2/nk/Ghosh-250K-e.yml,P - Phosphides and phosphates,,,,False,,,,12.0,,0.7,,,,3.179471695082546,3.377043427097582,3.470993356755594,Ghosh 1998: n(e) 0.7–12 µm; 250 K,Ghosh-250K-e,False,False,False,,main,False
,,,ZnGeP2,"ZnGeP2 (Zinc germanium phosphide, ZGP)",transparent dielectric,main/ZnGeP2/nk/Ghosh-300K-o.yml,P - Phosphides and phosphates,,,,False,,,,12.0,,0.7,,,,3.148423642797458,3.3349796872573463,3.422973346416676,Ghosh 1998: n(o) 0.7–12 µm; 300 K,Ghosh-300K-o,False,False,False,,main,False
,,,ZnGeP2,"ZnGeP2 (Zinc germanium phosphide, ZGP)",transparent dielectric,main/ZnGeP2/nk/Ghosh-300K-e.yml,P - Phosphides and phosphates,,,,False,,,,12.0,,0.7,,,,3.187966118159221,3.3902617121876255,3.487249416303918,Ghosh 1998: n(e) 0.7–12 µm; 300 K,Ghosh-300K-e,False,False,False,,main,False
,,,ZnGeP2,"ZnGeP2 (Zinc germanium phosphide, ZGP)",transparent dielectric,main/ZnGeP2/nk/Ghosh-350K-o.yml,P - Phosphides and phosphates,,,,False,,,,12.0,,0.7,,,,3.156306594254157,3.3471636997254857,3.4376633920251627,Ghosh 1998: n(o) 0.7–12 µm; 350 K,Ghosh-350K-o,False,False,False,,main,False
,,,ZnGeP2,"ZnGeP2 (Zinc germanium phosphide, ZGP)",transparent dielectric,main/ZnGeP2/nk/Ghosh-350K-e.yml,P - Phosphides and phosphates,,,,False,,,,12.0,,0.7,,,,3.196390899520364,3.4052855538787354,3.508652934388828,Ghosh 1998: n(e) 0.7–12 µm; 350 K,Ghosh-350K-e,False,False,False,,main,False
,,,ZnGeP2,"ZnGeP2 (Zinc germanium phosphide, ZGP)",transparent dielectric,main/ZnGeP2/nk/Ghosh-400K-o.yml,P - Phosphides and phosphates,,,,False,,,,12.0,,0.7,,,,3.1655264697701195,3.3613349412109677,3.454712718804753,Ghosh 1998: n(o) 0.7–12 µm; 400 K,Ghosh-400K-o,False,False,False,,main,False
,,,ZnGeP2,"ZnGeP2 (Zinc germanium phosphide, ZGP)",transparent dielectric,main/ZnGeP2/nk/Ghosh-400K-e.yml,P - Phosphides and phosphates,,,,False,,,,12.0,,0.7,,,,3.2064108169959344,3.4206964828817434,3.526942565231973,Ghosh 1998: n(e) 0.7–12 µm; 400 K,Ghosh-400K-e,False,False,False,,main,False
,,,ZnGeP2,"ZnGeP2 (Zinc germanium phosphide, ZGP)",transparent dielectric,main/ZnGeP2/nk/Ghosh-450K-o.yml,P - Phosphides and phosphates,,,,False,,,,12.0,,0.7,,,,3.1761636468458314,3.3776054520913275,3.4742496781815015,Ghosh 1998: n(o) 0.7–12 µm; 450 K,Ghosh-450K-o,False,False,False,,main,False
,,,ZnGeP2,"ZnGeP2 (Zinc germanium phosphide, ZGP)",transparent dielectric,main/ZnGeP2/nk/Ghosh-450K-e.yml,P - Phosphides and phosphates,,,,False,,,,12.0,,0.7,,,,3.2179956677566417,3.438207589053741,3.5476951827108842,Ghosh 1998: n(e) 0.7–12 µm; 450 K,Ghosh-450K-e,False,False,False,,main,False
,,,ZnGeP2,"ZnGeP2 (Zinc germanium phosphide, ZGP)",transparent dielectric,main/ZnGeP2/nk/Ghosh-500K-o.yml,P - Phosphides and phosphates,,,,False,,,,12.0,,0.7,,,,3.1882957644417576,3.3960812097676087,3.496394516418405,Ghosh 1998: n(o) 0.7–12 µm; 500 K,Ghosh-500K-o,False,False,False,,main,False
,,,ZnGeP2,"ZnGeP2 (Zinc germanium phosphide, ZGP)",transparent dielectric,main/ZnGeP2/nk/Ghosh-500K-e.yml,P - Phosphides and phosphates,,,,False,,,,12.0,,0.7,,,,3.2311049604735116,3.459967499438833,3.575646153125962,Ghosh 1998: n(e) 0.7–12 µm; 500 K,Ghosh-500K-e,False,False,False,,main,False
,,,KH2PO4,"KH2PO4 (Potassium dihydrogen phosphate, KDP)",transparent dielectric,main/KH2PO4/nk/Zernike-o.yml,P - Phosphides and phosphates,,,,False,,,,1.529,,0.2138,,,,nan,1.5014616703330723,1.52378955781451,Zernike et al. 1964: n(o) 0.214–1.53 µm,Zernike-o,False,False,False,,main,False
,,,KH2PO4,"KH2PO4 (Potassium dihydrogen phosphate, KDP)",transparent dielectric,main/KH2PO4/nk/Zernike-e.yml,P - Phosphides and phosphates,,,,False,,,,1.529,,0.2138,,,,nan,1.4632786227860348,1.4796095941220655,Zernike et al. 1964: n(e) 0.214–1.53 µm,Zernike-e,False,False,False,,main,False
,,,KTiOPO4,"KTiOPO4 (Potassium titanyl phosphate, KTP)",transparent dielectric,main/KTiOPO4/nk/Kato-alpha.yml,P - Phosphides and phosphates,,,,False,,,,3.54,,0.43,,,,1.7206601012904394,1.7481336263730964,1.8102799033494072,Kato and Takaoka 2002: n(α) 0.43–3.54 µm,Kato-α,False,False,False,,main,False
,,,KTiOPO4,"KTiOPO4 (Potassium titanyl phosphate, KTP)",transparent dielectric,main/KTiOPO4/nk/Kato-beta.yml,P - Phosphides and phosphates,,,,False,,,,3.54,,0.43,,,,1.726769003149686,1.7564007415647043,1.8247881870558247,Kato and Takaoka 2002: n(β) 0.43–3.54 µm,Kato-β,False,False,False,,main,False
,,,KTiOPO4,"KTiOPO4 (Potassium titanyl phosphate, KTP)",transparent dielectric,main/KTiOPO4/nk/Kato-gamma.yml,P - Phosphides and phosphates,,,,False,,,,3.54,,0.43,,,,1.8057057705350348,1.8444757565890713,1.938281212162239,Kato and Takaoka 2002: n(γ) 0.43–3.54 µm,Kato-γ,False,False,False,,main,False
,,,NH4H2PO4,"NH4H2PO4 (Ammonium dihydrogen phosphate, ADP)",transparent dielectric,main/NH4H2PO4/nk/Zernike-o.yml,P - Phosphides and phosphates,,,,False,,,,1.529,,0.2138,,,,nan,1.5153329075678237,1.5400588086050202,Zernike et al. 1964: n(o) 0.214–1.53 µm,Zernike-o,False,False,False,,main,False
,,,NH4H2PO4,"NH4H2PO4 (Ammonium dihydrogen phosphate, ADP)",transparent dielectric,main/NH4H2PO4/nk/Zernike-e.yml,P - Phosphides and phosphates,,,,False,,,,1.529,,0.2138,,,,nan,1.4728433906097371,1.4919343140820256,Zernike et al. 1964: n(e) 0.214–1.53 µm,Zernike-e,False,False,False,,main,False
,,,RbTiOPO4,"RbTiOPO4 (Rubidium titanyl phosphate, RTP)",transparent dielectric,main/RbTiOPO4/nk/Carvajal-alpha.yml,P - Phosphides and phosphates,,,,False,,,,1.5,,0.4,,,,nan,1.7821174178463222,1.8627188435714281,Carvajal et al. 2007: n(α) 0.4–1.5 µm,Carvajal-α,False,False,False,,main,False
,,,RbTiOPO4,"RbTiOPO4 (Rubidium titanyl phosphate, RTP)",transparent dielectric,main/RbTiOPO4/nk/Carvajal-beta.yml,P - Phosphides and phosphates,,,,False,,,,1.5,,0.4,,,,nan,1.7882500346428813,1.8793060683045468,Carvajal et al. 2007: n(β) 0.4–1.5 µm,Carvajal-β,False,False,False,,main,False
,,,RbTiOPO4,"RbTiOPO4 (Rubidium titanyl phosphate, RTP)",transparent dielectric,main/RbTiOPO4/nk/Carvajal-gamma.yml,P - Phosphides and phosphates,,,,False,,,,1.5,,0.4,,,,nan,1.8735790695748729,2.005522456543287,Carvajal et al. 2007: n(γ) 0.4–1.5 µm,Carvajal-γ,False,False,False,,main,False
6.447571055708778,,283.2116669768039,Pb,Pb (Lead),metal,main/Pb/nk/Werner.yml,Experimental data,,,,True,6.099507508710801,0.3551356326645286,0.9995348937816277,2.479684,0.35068219523596905,0.2,,0.9357965635888499,,nan,nan,nan,"Werner et al. 2009: n,k 0.0176–2.48 µm",Werner,False,False,True,,main,True
1.7920038538890477,,45.76060063935158,Pb,Pb (Lead),metal,main/Pb/nk/Ordal.yml,Experimental data,,,,True,nan,0.9956927660754135,0.9956927660754135,30.0,0.667,0.667,,nan,,nan,nan,nan,"Ordal et al. 1987: n,k 0.667–667 µm",Ordal,False,False,True,,main,True
1.5588541892481849,,54.74050059216722,Pb,Pb (Lead),metal,main/Pb/nk/Mathewson-298K.yml,Experimental data,,,,True,4.18058,0.9970620320435885,0.9970620320435885,1.7712,0.3501007265681033,0.3444,,2.6033066666666667,,nan,nan,nan,"Mathewson and Myers 1971: n,k 0.344–1.77 µm; 298 K",Mathewson-298K,False,False,True,,main,True
2.4783471635773844,,86.5275872776093,Pb,Pb (Lead),metal,main/Pb/nk/Mathewson-140K.yml,Experimental data,,,,True,4.131880000000001,0.9970620320435885,0.9970620320435885,1.7712,0.3501007265681033,0.3444,,2.87623,,nan,nan,nan,"Mathewson and Myers 1971: n,k 0.344–1.77 µm; 140 K",Mathewson-140K,False,False,True,,main,True
1.7969580159712992,,47.392649118467,Pb,Pb (Lead),metal,main/Pb/nk/Golovashkin-293K.yml,Experimental data,,,,True,3.45,0.9997158819021984,0.9997158819021984,12.0,0.45,0.45,,1.91,,nan,nan,nan,"Golovashkin and Motulevich 1968: n,k 0.45–12 µm; 293 K",Golovashkin-293K,False,False,True,,main,True
2.86058387943372,,69.3985907957148,Pb,Pb (Lead),metal,main/Pb/nk/Golovashkin-78K.yml,Experimental data,,,,True,3.44,0.9997158819021984,0.9997158819021984,12.0,0.45,0.45,,2.06,,nan,nan,nan,"Golovashkin and Motulevich 1968: n,k 0.45–12 µm; 78 K",Golovashkin-78K,False,False,True,,main,True
3.287653953959163,,76.70998997538906,Pb,Pb (Lead),metal,main/Pb/nk/Golovashkin-4.2K.yml,Experimental data,,,,True,3.5,0.9978170745701,0.9978170745701,12.0,0.54,0.54,,2.26,,nan,nan,nan,"Golovashkin and Motulevich 1968: n,k 0.54–12 µm; 4.2 K",Golovashkin-4.2K,False,False,True,,main,True
2.784945102821907,,92.45253088130808,Pb,Pb (Lead),metal,main/Pb/nk/Werner-DFT.yml,Models and simulations,,,,True,4.016321833623693,0.9995348937816277,0.9995348937816277,2.479684,0.35068219523596905,0.2,,2.872176032229965,,nan,nan,nan,"Werner et al. 2009: DFT calculations; n,k 0.0176–2.48 µm",Werner-DFT,False,False,True,,main,True
1.0611755869944772,,31.460146768325227,Pd,Pd (Palladium),metal,main/Pd/nk/Johnson.yml,Experimental data,,,,True,4.117714285714285,0.8202458623920006,0.9953425904351665,1.937,0.3513187519015399,0.2,,1.716,,nan,nan,nan,"Johnson and Christy 1974: n,k 0.188–1.94 µm",Johnson,False,False,True,,main,True
0.9164640715660072,,26.87011880875683,Pd,Pd (Palladium),metal,main/Pd/nk/Palm.yml,Experimental data,,,,True,4.374448653945774,0.44164341772928034,0.9955627902752504,1.684528687,0.35107673500498215,0.250019531,,1.9317621771754625,,nan,nan,nan,"Palm et al. 2018: n,k 0.250–1.68 µm",Palm,False,False,True,,main,True
24.755296654849122,,2025.1828207295343,Pd,Pd (Palladium),metal,main/Pd/nk/Werner.yml,Experimental data,,,,True,4.8912931271777005,0.9995348937816277,0.9995348937816277,2.479684,0.35068219523596905,0.2,,0.3446016666666668,,nan,nan,nan,"Werner et al. 2009: n,k 0.0176–2.48 µm",Werner,False,False,True,,main,True
,,,Pd,Pd (Palladium),error,main/Pd/nk/Windt.yml,Experimental data,,,range outside 0.2-30 um,,,,,,,,,,,,,,"Windt et al. 1988: n,k 0.0024–0.122 µm",Windt,,,,,main,
0.9866296212930002,,27.8373387513447,Pd,Pd (Palladium),metal,main/Pd/nk/Rakic-BB.yml,Models and simulations,,,,True,4.037402566295979,0.9977893756423184,0.9977893756423184,12.398,0.352929603720402,0.24797,,1.7500860564585115,,nan,nan,nan,"Rakić et al. 1998: Brendel-Bormann model; n,k 0.248–12.4 µm",Rakic-BB,False,False,True,,main,True
0.9905569793968964,,28.00711643646025,Pd,Pd (Palladium),metal,main/Pd/nk/Rakic-LD.yml,Models and simulations,,,,True,4.029999999999999,0.9977893756423184,0.9977893756423184,12.398,0.352929603720402,0.24797,,1.7541128205128205,,nan,nan,nan,"Rakić et al. 1998: Lorentz-Drude model; n,k 0.248–12.4 µm",Rakic-LD,False,False,True,,main,True
0.9906289298325777,,27.582377601243067,Pd,Pd (Palladium),metal,main/Pd/nk/Werner-DFT.yml,Models and simulations,,,,True,4.573497710511034,0.4513613602146614,0.9995348937816277,2.479684,0.35068219523596905,0.2,,1.9488652439024388,,nan,nan,nan,"Werner et al. 2009: DFT calculations; n,k 0.0176–2.48 µm",Werner-DFT,False,False,True,,main,True
,,,Pr,Pr (Praseodymium),other,main/Pr/nk/Fernandez-Perea.yml,Pr - Praseodymium,6.4042203503505775,0.2593031451218204,,True,,,,0.323113894,,0.2,,,1,nan,nan,nan,"Fernandez-Perea et al. 2008: n,k 0.000775–0.323 µm",Fernandez-Perea,False,False,False,,main,False
6.974177696636477,,677.9916078443999,Pt,Pt (Platinum),metal,main/Pt/nk/Werner.yml,Experimental data,,,,True,5.728509542682926,0.8219581341465249,0.9995348937816277,2.479684,0.35068219523596905,0.2,,0.4620254819976771,,nan,nan,nan,"Werner et al. 2009: n,k 0.0176–2.48 µm",Werner,False,False,True,,main,True
0.9558231670847701,,32.77329126183104,Pt,Pt (Platinum),metal,main/Pt/nk/Tselin.yml,Experimental data,,,,True,4.852715579710145,0.5865938869413634,0.9974150516774174,3.5,0.3524887807550229,0.2,,2.075052536231884,,nan,nan,nan,"Tselin et al. 2024: n,k 0.190–3.50 µm",Tselin,False,False,True,,main,True
,,,Pt,Pt (Platinum),error,main/Pt/nk/Windt.yml,Experimental data,,,range outside 0.2-30 um,,,,,,,,,,,,,,"Windt et al. 1988: n,k 0.0024–0.122 µm",Windt,,,,,main,
0.6212735729502881,,11.152294995581629,Pt,Pt (Platinum),metal,main/Pt/nk/Rakic-BB.yml,Models and simulations,,,,True,3.9973689478186483,0.6171568973888603,0.9977893756423184,12.398,0.352929603720402,0.24797,,2.223765183917878,,nan,nan,nan,"Rakić et al. 1998: Brendel-Bormann model; n,k 0.248–12.4 µm",Rakic-BB,False,False,True,,main,True
0.6192034902744366,,11.076946421011591,Pt,Pt (Platinum),metal,main/Pt/nk/Rakic-LD.yml,Models and simulations,,,,True,3.983544444444444,0.6355791852339011,0.9977893756423184,12.398,0.352929603720402,0.24797,,2.2237871794871795,,nan,nan,nan,"Rakić et al. 1998: Lorentz-Drude model; n,k 0.248–12.4 µm",Rakic-LD,False,False,True,,main,True
0.9260318708012837,,28.127382118414598,Pt,Pt (Platinum),metal,main/Pt/nk/Werner-DFT.yml,Models and simulations,3.877768663715172,0.20382187631694462,,True,5.001137158826944,0.5523481534317342,0.993247986702793,2.479684,0.35068219523596905,0.2,,2.2034575319396046,1,nan,nan,nan,"Werner et al. 2009: DFT calculations; n,k 0.0176–2.48 µm",Werner-DFT,False,False,True,,main,True
14.394871326871504,,98.81269519206344,Rb,Rb (Rubidium),metal,main/Rb/nk/Smith.yml,Rb - Rubidium,0.12809867869110003,0.36419089937231125,,True,1.3801814109902137,0.9964318355957777,0.9964318355957777,2.237982,0.6113875000174223,0.312539,,0.10149977292042235,1,nan,nan,nan,"Smith 1969: n,k 0.313–2.24 µm",Smith,False,False,True,,main,True
9.505020491803277,,22.04428115010245,Rb,Rb (Rubidium),ENZ,main/Rb/nk/Monin.yml,Rb - Rubidium,0.13407457797304556,0.3678944246537225,,True,1.446904761904762,0.62,0.62,0.62,0.5928747606949016,0.265,,0.08428571428571428,1,nan,nan,nan,"Monin and Boutry 1974: n,k 0.254–0.620 µm; 195 K",Monin,False,False,True,,main,False
6.210813304193635,,13.539580016094389,Rb,Rb (Rubidium),ENZ,main/Rb/nk/Yamaguchi.yml,Rb - Rubidium,0.13325308650736176,0.3595289143797241,,True,1.481229,0.6,0.6,0.6,0.5837048800052964,0.2,,0.118483,1,nan,nan,nan,"Yamaguchi and Hanyu 1973: n,k 0.200–0.600 µm",Yamaguchi,False,False,True,,main,False
,,,Rb,Rb (Rubidium),ENZ,main/Rb/nk/Whang.yml,Rb - Rubidium,0.15253439861143672,0.3715375975441785,,True,,,,0.38,,0.2,,,1,nan,nan,nan,"Whang et al. 1972: n,k 0.117–0.380 µm",Whang,False,False,False,,main,False
,,,Rb,Rb (Rubidium),ENZ,main/Rb/nk/Ives.yml,Rb - Rubidium,0.2075791233611853,0.3961265020769322,,True,nan,,,0.578,,0.2536,,nan,1,nan,nan,nan,"Ives and Briggs 1937: n,k 0.254–0.578 µm",Ives,False,False,False,,main,False
,,,Re,Re (Rhenium),error,main/Re/nk/Windt.yml,Re - Rhenium,,,range outside 0.2-30 um,,,,,,,,,,,,,,"Windt et al. 1988: n,k 0.0024–0.122 µm",Windt,,,,,main,
,,,Rh,Rh (Rhodium),error,main/Rh/nk/Windt.yml,Rh - Rhodium,,,range outside 0.2-30 um,,,,,,,,,,,,,,"Windt et al. 1988: n,k 0.0024–0.122 µm",Windt,,,,,main,
0.2928607459251553,,1.538619242466251,Rh,Rh (Rhodium),metal,main/Rh/nk/Arndt.yml,Rh - Rhodium,,,,True,3.5,0.4,0.75,0.75,0.4,0.4,,2.81,,nan,nan,nan,"Arndt et al. 1984: n,k 0.40–0.75 µm",Arndt,False,False,True,,main,True
1.6458938138969588,,46.30342780409898,Rh,Rh (Rhodium),metal,main/Rh/nk/Weaver.yml,Rh - Rhodium,,,,True,5.368338983050847,0.3532657485953621,0.9938538092421789,12.4,0.3532657485953621,0.2,,2.072779661016949,,nan,nan,nan,"Weaver et al. 1977: n,k 0.20–12.40 µm",Weaver,False,False,True,,main,True
1.1331465919701214,,20.031028518116056,Rh,Rh (Rhodium),absorber (visible),main/Rh/nk/Coulter-40.yml,Rh - Rhodium,,,,True,4.706470588235294,0.4047,0.612,0.612,0.4047,0.4047,,1.8888235294117648,,nan,nan,nan,"Coulter et al. 1973: Thin film deposited at 40 °C; n,k 0.405–0.612 µm",Coulter-40,False,False,True,,main,False
1.377823710519943,,31.75436014406661,Rh,Rh (Rhodium),absorber (visible),main/Rh/nk/Coulter-300.yml,Rh - Rhodium,,,,True,5.488823529411765,0.4047,0.612,0.612,0.4047,0.4047,,2.018823529411765,,nan,nan,nan,"Coulter et al. 1973: Thin film deposited at 300 °C; n,k 0.405–0.612 µm",Coulter-300,False,False,True,,main,False
,,,Ru,Ru (Ruthenium),error,main/Ru/nk/Windt.yml,Ru - Ruthenium,,,range outside 0.2-30 um,,,,,,,,,,,,,,"Windt et al. 1988: n,k 0.0024–0.122 µm",Windt,,,,,main,
,,,Ag3AsS3,Ag3AsS3 (Silver arsenic sulfide),transparent dielectric,main/Ag3AsS3/nk/Hulme-o.yml,S - Sulfides and sulfates,,,,False,,,,4.6,,0.63,,,,2.7561598369511606,2.8884331541063917,3.004450518538788,Hulme et al. 1967: n(o) 0.63–4.6 µm,Hulme-o,False,False,False,,main,False
,,,Ag3AsS3,Ag3AsS3 (Silver arsenic sulfide),transparent dielectric,main/Ag3AsS3/nk/Hulme-e.yml,S - Sulfides and sulfates,,,,False,,,,4.6,,0.59,,,,2.5354047856012802,2.6383458575846337,2.7696001323615405,Hulme et al. 1967: n(e) 0.59–4.6 µm,Hulme-e,False,False,False,,main,False
,,,AgGaS2,"AgGaS2 (Silver gallium sulfide, AGS)",transparent dielectric,main/AgGaS2/nk/Takaoka-o.yml,S - Sulfides and sulfates,,,,False,,,,10.59,,0.58,,,,2.417650501984738,2.488978967056373,2.580743660968539,Takaoka and Kato 1999: n(o) 0.58–10.59 µm,Takaoka-o,False,False,False,,main,False
,,,AgGaS2,"AgGaS2 (Silver gallium sulfide, AGS)",transparent dielectric,main/AgGaS2/nk/Takaoka-e.yml,S - Sulfides and sulfates,,,,False,,,,10.59,,0.58,,,,2.36417099835433,2.4382505349333274,2.5426308794666865,Takaoka and Kato 1999: n(e) 0.58–10.59 µm,Takaoka-e,False,False,False,,main,False
,,,AgGaS2,"AgGaS2 (Silver gallium sulfide, AGS)",transparent dielectric,main/AgGaS2/nk/Kato-o.yml,S - Sulfides and sulfates,,,,False,,,,12.9,,0.54,,,,2.4171808609620546,2.488594623630073,2.6136182631722145,Kato and Shirahata 1996: n(o) 0.54–12.9 µm,Kato-o,False,False,False,,main,False
,,,AgGaS2,"AgGaS2 (Silver gallium sulfide, AGS)",transparent dielectric,main/AgGaS2/nk/Kato-e.yml,S - Sulfides and sulfates,,,,False,,,,12.9,,0.54,,,,2.363724753570893,2.4376196410791473,2.5846389553468363,Kato and Shirahata 1996: n(e) 0.54–12.9 µm,Kato-e,False,False,False,,main,False
,,,AgGaS2,"AgGaS2 (Silver gallium sulfide, AGS)",transparent dielectric,main/AgGaS2/nk/Boyd-o.yml,S - Sulfides and sulfates,,,,False,,,,12.0,,0.49,,,,2.4171499115362107,2.4883181684947613,2.711442375106188,Boyd et al. 1971: n(o) 0.49–12 µm,Boyd-o,False,False,False,,main,False
,,,AgGaS2,"AgGaS2 (Silver gallium sulfide, AGS)",transparent dielectric,main/AgGaS2/nk/Boyd-e.yml,S - Sulfides and sulfates,,,,False,,,,12.0,,0.49,,,,2.3636007162900508,2.435076950772439,2.7162568817560198,Boyd et al. 1971: n(e) 0.49–12 µm,Boyd-e,False,False,False,,main,False
,,,As2S3,As2S3 (Arsenic trisulfide),transparent dielectric,main/As2S3/nk/Slavich-alpha.yml,Experimental data - crystal,,,,False,,,,0.9,,0.5,,,,nan,2.0781344265219595,2.40425,Slavich et al. 2024: n(α) 0.500–0.900 µm,Slavich-alpha,False,False,False,,main,False
,,,As2S3,As2S3 (Arsenic trisulfide),transparent dielectric,main/As2S3/nk/Slavich-beta.yml,Experimental data - crystal,,,,False,,,,0.9,,0.5,,,,nan,2.688337916525351,3.002,Slavich et al. 2024: n(β) 0.500–0.900 µm,Slavich-beta,False,False,False,,main,False
,,,As2S3,As2S3 (Arsenic trisulfide),transparent dielectric,main/As2S3/nk/Slavich-gamma.yml,Experimental data - crystal,,,,False,,,,0.9,,0.5,,,,nan,3.038431708177886,3.38498,Slavich et al. 2024: n(γ) 0.500–0.900 µm,Slavich-gamma,False,False,False,,main,False
,,,As2S3,As2S3 (Arsenic trisulfide),transparent dielectric,main/As2S3/nk/Rodney.yml,Experimental data - glass,,,,False,,,,11.8,,0.57,,,,2.425966181743201,2.52019929401296,2.672434437184535,Rodney et al. 1958: n 0.57–11.8 µm,Rodney,False,False,False,,main,False
,,,As2S3,As2S3 (Arsenic trisulfide),transparent dielectric,main/As2S3/nk/Slavich-abinitio-alpha.yml,Models and simulations - crystal,,,,True,0.003889102861562258,,,2.07115,,0.29875,,2.224945475638051,,2.121315149570744,2.1271102456286695,nan,"Slavich et al. 2024: Ab initio; n,k(α) 0.299–2.07 µm",Slavich-abinitio-alpha,False,False,False,,main,False
,,,As2S3,As2S3 (Arsenic trisulfide),other,main/As2S3/nk/Slavich-abinitio-beta.yml,Models and simulations - crystal,,,,True,0.0064321732405259084,,,2.07115,,0.29875,,2.7650417710750195,,nan,nan,nan,"Slavich et al. 2024: Ab initio; n,k(β) 0.299–2.07 µm",Slavich-abinitio-beta,False,False,False,,main,False
,,,As2S3,As2S3 (Arsenic trisulfide),other,main/As2S3/nk/Slavich-abinitio-gamma.yml,Models and simulations - crystal,,,,True,0.006969156999226604,,,2.07115,,0.29875,,3.011579242072699,,nan,nan,nan,"Slavich et al. 2024: Ab initio; n,k(γ) 0.299–2.07 µm",Slavich-abinitio-gamma,False,False,False,,main,False
,,,As2S3,As2S3 (Arsenic trisulfide),transparent dielectric,main/As2S3/nk/Synowicki.yml,Models and simulations - crystal,,,,True,7.60693262411348e-06,,,30.0,,0.2,,2.6305094562647753,,2.426376120449299,2.516143712469567,2.7757466074625095,"Synowicki and Tiwald 2004: n,k 0.13–33 µm",Synowicki,False,False,False,,main,False
,,,BaGa4S7,"BaGa4S7 (Barium gallium sulfide, BGS)",transparent dielectric,main/BaGa4S7/nk/Badikov-alpha.yml,S - Sulfides and sulfates,,,,False,,,,9.5,,0.42,,,,2.255422245761611,2.3079578258624953,2.4795424769543164,Badikov et al 2010: n(α) 0.420–9.50 µm,Badikov-α,False,False,False,,main,False
,,,BaGa4S7,"BaGa4S7 (Barium gallium sulfide, BGS)",transparent dielectric,main/BaGa4S7/nk/Badikov-beta.yml,S - Sulfides and sulfates,,,,False,,,,9.5,,0.42,,,,2.2735704277812054,2.3286113595472395,2.504146335746382,Badikov et al 2010: n(β) 0.420–9.50 µm,Badikov-β,False,False,False,,main,False
,,,BaGa4S7,"BaGa4S7 (Barium gallium sulfide, BGS)",transparent dielectric,main/BaGa4S7/nk/Badikov-gamma.yml,S - Sulfides and sulfates,,,,False,,,,9.5,,0.42,,,,2.2942746581931477,2.3493117409689357,2.5248482666744367,Badikov et al 2010: n(γ) 0.420–9.50 µm,Badikov-γ,False,False,False,,main,False
,,,BaGa4S7,"BaGa4S7 (Barium gallium sulfide, BGS)",transparent dielectric,main/BaGa4S7/nk/Kato-alpha.yml,S - Sulfides and sulfates,,,,False,,,,8.82,,0.633,,,,2.256344203513176,2.3058578198593955,2.3423289899630557,Kato et al 2021: n(α) 0.633–8.82 µm,Kato-α,False,False,False,,main,False
,,,BaGa4S7,"BaGa4S7 (Barium gallium sulfide, BGS)",transparent dielectric,main/BaGa4S7/nk/Kato-beta.yml,S - Sulfides and sulfates,,,,False,,,,8.82,,0.633,,,,2.274525766254468,2.326566996569759,2.365036228241834,Kato et al 2021: n(β) 0.633–8.82 µm,Kato-β,False,False,False,,main,False
,,,BaGa4S7,"BaGa4S7 (Barium gallium sulfide, BGS)",transparent dielectric,main/BaGa4S7/nk/Kato-gamma.yml,S - Sulfides and sulfates,,,,False,,,,8.82,,0.633,,,,2.2960553407369124,2.34879079048815,2.387730008735256,Kato et al 2021: n(γ) 0.633–8.82 µm,Kato-γ,False,False,False,,main,False
,,,CS2,CS2 (Carbon disulfide),transparent dielectric,main/CS2/nk/Kedenburg.yml,S - Sulfides and sulfates,,,,False,,,,1.6,,0.5,,,,nan,1.6058468801478174,1.6470452212713962,Kedenburg et al. 2012: n 0.5–1.6 µm,Kedenburg,False,False,False,,main,False
,,,CS2,CS2 (Carbon disulfide),transparent dielectric,main/CS2/nk/Chang.yml,S - Sulfides and sulfates,,,,False,,,,2.0,,0.4,,,,1.5798326783007675,1.6029880158886323,1.6815947331894274,Chang et al. 2024: n 0.4–2.0 µm,Chang,False,False,False,,main,False
,,,CS2,CS2 (Carbon disulfide),error,main/CS2/nk/Chemnitz.yml,S - Sulfides and sulfates,,,non-finite,,,,,,,,,,,,,,Chemnitz et al. 2017: n 0.3–12 µm,Chemnitz,,,,,main,
,,,CS2,CS2 (Carbon disulfide),transparent dielectric,main/CS2/nk/Ghosal.yml,S - Sulfides and sulfates,,,,False,,,,11.0,,7.3,,,,1.74,nan,nan,Ghosal et al. 1993: n 7.3–11 µm,Ghosal,False,False,False,,main,False
,,,CdS,CdS (Cadmium sulfide),transparent dielectric,main/CdS/nk/Bieniewski-o.yml,Experimental data,,,,False,,,,1.4,,0.51,,,,nan,2.385883474130148,2.8256586813080222,Bieniewski and Czyzak 1963: n(o) 0.51–1.4 µm,Bieniewski-o,False,False,False,,main,False
,,,CdS,CdS (Cadmium sulfide),transparent dielectric,main/CdS/nk/Bieniewski-e.yml,Experimental data,,,,False,,,,1.4,,0.51,,,,nan,2.391525583394179,2.7657257091924086,Bieniewski and Czyzak 1963: n(e) 0.51–1.4 µm,Bieniewski-e,False,False,False,,main,False
,,,CdS,CdS (Cadmium sulfide),transparent dielectric,main/CdS/nk/Treharne.yml,Experimental data,,,,True,3.5163683369370837e-10,,,1.4979382,,0.30141754,,2.4143926163391933,,nan,2.3076498482397505,2.5089787857818764,"Treharne et al. 2011: Thin film; n,k 0.3–1.5 µm",Treharne,False,False,False,,main,False
,,,CdS,CdS (Cadmium sulfide),other,main/CdS/nk/Ninomiya-o.yml,Models and simulations,,,,True,0.04951065134099616,,,1.0332,,0.21752,,2.3001835249042144,,nan,nan,nan,"Ninomiya and Adachi 1995: n,k(o) 0.218–1.03 µm",Ninomiya-o,False,False,False,,main,False
,,,CdS,CdS (Cadmium sulfide),other,main/CdS/nk/Ninomiya-e.yml,Models and simulations,8.005143217149417,0.22008328168872263,,True,0.07792780076628351,,,1.0332,,0.21752,,2.3199681992337164,1,nan,nan,nan,"Ninomiya and Adachi 1995: n,k(e) 0.218–1.03 µm",Ninomiya-e,False,False,False,,main,False
,,,CdGa2S4,CdGa2S4 (Cadmium gallium sulfide),transparent dielectric,main/CdGa2S4/nk/Kato-o.yml,S - Sulfides and sulfates,,,,False,,,,7.519,,0.49,,,,2.359702071919405,2.411116554819263,2.516833359490703,Kato et al. 2017: n(o) 0.490–7.52 µm,Kato-o,False,False,False,,main,False
,,,CdGa2S4,CdGa2S4 (Cadmium gallium sulfide),transparent dielectric,main/CdGa2S4/nk/Kato-e.yml,S - Sulfides and sulfates,,,,False,,,,7.519,,0.49,,,,2.3548742078006346,2.407129181985716,2.516769277126791,Kato et al. 2017: n(e) 0.490–7.52 µm,Kato-e,False,False,False,,main,False
,,,CuGaS2,CuGaS2 (Copper gallium sulfide),transparent dielectric,main/CuGaS2/nk/Boyd-20-o.yml,S - Sulfides and sulfates,,,,False,,,,11.5,,0.55,,,,2.5043968643849186,2.5900924469736917,2.7613285596807264,Boyd et al. 1971: n(o) 0.55–11.5 µm; 20 °C,Boyd-20-o,False,False,False,,main,False
,,,CuGaS2,CuGaS2 (Copper gallium sulfide),transparent dielectric,main/CuGaS2/nk/Boyd-20-e.yml,S - Sulfides and sulfates,,,,False,,,,11.5,,0.55,,,,2.4982884027335217,2.5850382530496967,2.7784801466594176,Boyd et al. 1971: n(e) 0.55–11.5 µm; 20 °C,Boyd-20-e,False,False,False,,main,False
,,,CuGaS2,CuGaS2 (Copper gallium sulfide),transparent dielectric,main/CuGaS2/nk/Boyd-120-o.yml,S - Sulfides and sulfates,,,,False,,,,11.5,,0.55,,,,2.509723105713403,2.5957908389648523,2.7744073730761842,Boyd et al. 1971: n(o) 0.55–11.5 µm; 120 °C,Boyd-120-o,False,False,False,,main,False
,,,CuGaS2,CuGaS2 (Copper gallium sulfide),transparent dielectric,main/CuGaS2/nk/Boyd-120-e.yml,S - Sulfides and sulfates,,,,False,,,,11.5,,0.55,,,,2.503980036801873,2.59110916533885,2.795494491914451,Boyd et al. 1971: n(e) 0.55–11.5 µm; 120 °C,Boyd-120-e,False,False,False,,main,False
,,,EuS,EuS (Europium sulfide),other,main/EuS/nk/Meretska.yml,Thin film,,,,True,0.062,,,1.7,,0.2,,2.153,,nan,nan,nan,"Meretska et al. 2022: thin film; n,k 0.190–1.700 µm",Meretska,False,False,False,,main,False
,,,GaS,GaS (Gallium sulfide),transparent dielectric,main/GaS/nk/Kato-o.yml,Bulk,,,,False,,,,10.591,,0.633,,,,2.5875398500673343,2.658865053264819,2.7151659538272668,Kato and Umemura 2011: n(o) 0.633–10.6 µm,Kato-o,False,False,False,,main,False
,,,GaS,GaS (Gallium sulfide),transparent dielectric,main/GaS/nk/Kato-e.yml,Bulk,,,,False,,,,10.591,,0.633,,,,2.2406734553406262,2.3069492136033913,2.360253450660867,Kato and Umemura 2011: n(e) 0.633–10.6 µm,Kato-e,False,False,False,,main,False
,,,GaS,GaS (Gallium sulfide),transparent dielectric,main/GaS/nk/Zotev-o.yml,Multilayer flakes,,,,True,0.0,,,1.0,,0.36,,2.69023,,nan,2.6128882633947006,2.9648627589209955,"Zotev et al. 2023: n,k(o) 0.36–1.0 µm",Zotev-o,False,False,False,,main,False
,,,GaS,GaS (Gallium sulfide),transparent dielectric,main/GaS/nk/Zotev-e.yml,Multilayer flakes,,,,True,0.0,,,1.0,,0.36,,2.39079,,nan,2.3446284682811425,2.5433658563822177,"Zotev et al. 2023: n,k(e) 0.36–1.0 µm",Zotev-e,False,False,False,,main,False
,,,GeS2,GeS2 (Germanium disulfide),transparent dielectric,main/GeS2/nk/Slavich-alpha.yml,Experimental data,,,,True,0.0,,,1.7,,0.25,,2.30657,,nan,2.269380935528748,2.478882987834345,"Slavich et al. 1989: n,k(α) 0.250–1.70 µm",Slavich-α,False,False,False,,main,False
,,,GeS2,GeS2 (Germanium disulfide),transparent dielectric,main/GeS2/nk/Slavich-beta.yml,Experimental data,,,,True,0.0,,,1.7,,0.25,,2.39514,,nan,2.353690935528748,2.5859508450524933,"Slavich et al. 1989: n,k(β) 0.250–1.70 µm",Slavich-β,False,False,False,,main,False
,,,GeS2,GeS2 (Germanium disulfide),transparent dielectric,main/GeS2/nk/Slavich-gamma.yml,Experimental data,,,,False,,,,1.7,,0.25,,,,nan,1.9488953959352255,2.0723911041767344,Slavich et al. 1989: n(γ) 0.250–1.70 µm,Slavich-γ,False,False,False,,main,False
,,,GeS2,GeS2 (Germanium disulfide),other,main/GeS2/nk/Slavich-abinitio-alpha.yml,Ab initio calculations,,,,True,0.016078160676532772,,,2.04216,,0.29945,,2.3342607822410146,,nan,nan,nan,"Slavich et al. 1989: n,k(α) 0.299–2.04 µm",Slavich-abinitio-α,False,False,False,,main,False
,,,GeS2,GeS2 (Germanium disulfide),other,main/GeS2/nk/Slavich-abinitio-beta.yml,Ab initio calculations,,,,True,0.017092241014799156,,,2.04216,,0.29945,,2.427207885835095,,nan,nan,nan,"Slavich et al. 1989: n,k(β) 0.299–2.04 µm",Slavich-abinitio-β,False,False,False,,main,False
,,,GeS2,GeS2 (Germanium disulfide),other,main/GeS2/nk/Slavich-abinitio-gamma.yml,Ab initio calculations,,,,True,0.009270443974630022,,,2.04216,,0.29945,,2.0154097674418607,,nan,nan,nan,"Slavich et al. 1989: n,k(γ) 0.299–2.04 µm",Slavich-abinitio-γ,False,False,False,,main,False
,,,HgS,HgS (Mercury sulfide),transparent dielectric,main/HgS/nk/Bond-o.yml,S - Sulfides and sulfates,,,,False,,,,11.0,,0.62,,,,2.6511742031166867,2.7678790292385567,2.900343317745466,Bond et al. 1967: α-HgS; n(o) 0.62–11 µm,Bond-o,False,False,False,,main,False
,,,HgS,HgS (Mercury sulfide),transparent dielectric,main/HgS/nk/Bond-e.yml,S - Sulfides and sulfates,,,,False,,,,11.0,,0.62,,,,2.918676906204948,3.0769178688325183,3.2521504394036707,Bond et al. 1967: α-HgS; n(e) 0.62–11 µm,Bond-e,False,False,False,,main,False
,,,HgGa2S4,HgGa2S4 (Mercury gallium sulfide),transparent dielectric,main/HgGa2S4/nk/Kato-o.yml,S - Sulfides and sulfates,,,,False,,,,10.591,,0.6328,,,,2.4487112498403576,2.5222920186162088,2.58982084878328,Kato et al. 2016: n(o) 0.633–10.6 µm,Kato-o,False,False,False,,main,False
,,,HgGa2S4,HgGa2S4 (Mercury gallium sulfide),transparent dielectric,main/HgGa2S4/nk/Kato-e.yml,S - Sulfides and sulfates,,,,False,,,,10.591,,0.6328,,,,2.406606463152682,2.4738854586569285,2.53539903923404,Kato et al. 2016: n(e) 0.633–10.6 µm,Kato-e,False,False,False,,main,False
,,,LiGaS2,"LiGaS2 (Lithium gallium sulfide, LGS)",transparent dielectric,main/LiGaS2/nk/Kato-alpha.yml,S - Sulfides and sulfates,,,,False,,,,10.591,,1.025,,,,2.0812370357696697,2.1024411648410952,nan,Kato et al. 2017: n(α) 1.025–10.591 µm,Kato-α,False,False,False,,main,False
,,,LiGaS2,"LiGaS2 (Lithium gallium sulfide, LGS)",transparent dielectric,main/LiGaS2/nk/Kato-beta.yml,S - Sulfides and sulfates,,,,False,,,,10.591,,1.025,,,,2.1226278519188035,2.145261794734865,nan,Kato et al. 2017: n(β) 1.025–10.591 µm,Kato-β,False,False,False,,main,False
,,,LiGaS2,"LiGaS2 (Lithium gallium sulfide, LGS)",transparent dielectric,main/LiGaS2/nk/Kato-gamma.yml,S - Sulfides and sulfates,,,,False,,,,10.591,,1.025,,,,2.1244205438944816,2.1476203968816243,nan,Kato et al. 2017: n(γ) 1.025–10.591 µm,Kato-γ,False,False,False,,main,False
,,,MoS2,MoS2 (Molybdenum disulfide),absorber (visible),main/MoS2/nk/Beal.yml,Bulk,14.46536950748593,0.26542418073528845,,True,1.3443362068965508,,,1.236,,0.2,,4.813758620689654,1,nan,4.720269544248378,5.019229737559885,"Beal and Huges 1979: bulk; n,k 0.081–1.24 µm",Beal,False,False,False,,main,False
,,,MoS2,MoS2 (Molybdenum disulfide),ENZ,main/MoS2/nk/Ermolaev-o.yml,Bulk,17.010759699338315,0.36557835016349016,,True,1.36686,,,3.3,,0.29,,4.92921,2,nan,nan,nan,"Ermolaev et al. 2020: bulk; n(o),k 0.290–3.30 µm",Ermolaev-o,False,False,False,,main,False
,,,MoS2,MoS2 (Molybdenum disulfide),transparent dielectric,main/MoS2/nk/Ermolaev-e.yml,Bulk,,,,False,,,,1.7,,0.36,,,,nan,2.6541142940338482,3.1339947731958953,Ermolaev et al. 2021: bulk; n(e) 0.360–1.70 µm,Ermolaev-e,False,False,False,,main,False
,,,MoS2,MoS2 (Molybdenum disulfide),absorber (visible),main/MoS2/nk/Song-bulk.yml,Bulk,14.437810947559292,0.28773357223193907,,True,1.475877,,,1.69,,0.2,,4.681097,3,nan,nan,nan,"Song et al. 2019: bulk; n,k 0.193–1.69 µm",Song-bulk,False,False,False,,main,False
,,,MoS2,MoS2 (Molybdenum disulfide),absorber (visible),main/MoS2/nk/Yim-2nm.yml,Thin film,,,,True,1.6038071659555357,,,0.886647,,0.382448,,3.0968224217549922,,nan,nan,nan,"Yim et al. 2014: 2-nm film; n,k 0.38–0.90 µm",Yim-2nm,False,False,False,,main,False
,,,MoS2,MoS2 (Molybdenum disulfide),absorber (visible),main/MoS2/nk/Yim-3nm.yml,Thin film,,,,True,1.4371520960955082,,,0.887428,,0.382417,,3.437365303784207,,nan,nan,nan,"Yim et al. 2014: 3-nm film; n,k 0.38–0.90 µm",Yim-3nm,False,False,False,,main,False
0.1706659509923243,,0.4098015189941097,MoS2,MoS2 (Molybdenum disulfide),ENZ,main/MoS2/nk/Yim-20nm.yml,Thin film,19.452143673661904,0.40782215960287643,,True,1.222245030257989,0.382938,0.382938,0.884671,0.382938,0.382938,,4.04538975614527,1,nan,nan,nan,"Yim et al. 2014: 20-nm film; n,k 0.38–0.90 µm",Yim-20nm,False,False,True,,main,False
,,,MoS2,MoS2 (Molybdenum disulfide),absorber (visible),main/MoS2/nk/Islam-o.yml,Thin film,,,,True,0.54318,,,1.7,,0.2,,3.44124,,nan,nan,nan,"Islam et al. 2021: 33.5-nm film; n(o),k 0.190–1.70 µm",Islam-o,False,False,False,,main,False
,,,MoS2,MoS2 (Molybdenum disulfide),transparent dielectric,main/MoS2/nk/Islam-e.yml,Thin film,,,,False,,,,1.7,,0.954,,,,nan,2.96523,nan,Islam et al. 2021: 33.5-nm film; n(e) 0.954–1.70 µm,Islam-e,False,False,False,,main,False
,,,MoS2,MoS2 (Molybdenum disulfide),ENZ,main/MoS2/nk/Munkhbat-o.yml,Multilayer flakes,16.052301641871992,0.3709543946642024,,True,1.068436,,,1.69,,0.3,,4.662681,2,nan,4.327197968521269,nan,"Munkhbat et al. 2022: multilayer flakes; n(o),k 0.30–1.69 µm",Munkhbat-o,False,False,False,,main,False
,,,MoS2,MoS2 (Molybdenum disulfide),transparent dielectric,main/MoS2/nk/Munkhbat-e.yml,Multilayer flakes,,,,False,,,,1.69,,0.3,,,,nan,2.7377118631548667,2.739662331234297,Munkhbat et al. 2022: multilayer flakes; n(e) 0.30–1.69 µm,Munkhbat-e,False,False,False,,main,False
0.18136557028896255,,0.45876983237860985,MoS2,MoS2 (Molybdenum disulfide),ENZ,main/MoS2/nk/Zotev-o.yml,Multilayer flakes,18.03502503333163,0.38874356671881366,,True,1.486,0.36,0.36,1.0,0.36,0.36,,4.603,1,nan,4.130509269848005,nan,"Zotev et al. 2023: n,k(o) 0.36–1.0 µm",Zotev-o,False,False,True,,main,False
,,,MoS2,MoS2 (Molybdenum disulfide),transparent dielectric,main/MoS2/nk/Zotev-e.yml,Multilayer flakes,,,,True,0.0,,,1.0,,0.36,,2.79356,,nan,2.6488003024002067,3.2035229883947207,"Zotev et al. 2023: n,k(e) 0.36–1.0 µm",Zotev-e,False,False,False,,main,False
0.26327484185229705,,1.1751862808196036,MoS2,MoS2 (Molybdenum disulfide),ENZ,main/MoS2/nk/Ermolaev-1L.yml,2D structures,21.44974206710935,0.3101087184573648,,True,1.08029,0.3815125408774477,0.3861914305123415,3.3,0.36557835016349016,0.29,,4.73192,3,3.597918876193056,4.133227861514218,4.742968945894837,"Ermolaev et al. 2020: monolayer (1L) film; n,k 0.290–3.30 µm",Ermolaev-1L,False,False,True,,main,False
0.3940384683538799,,2.711988140466017,MoS2,MoS2 (Molybdenum disulfide),ENZ,main/MoS2/nk/Ullberg.yml,2D structures,16.69764981500572,0.30893014494948895,,True,1.4940242864381876,0.3746594480660859,0.3816061751479826,1.49978465,0.35132675311615,0.23996787,,4.288264083820366,3,nan,4.160014866610987,4.238018958331983,"Ullberg et al. 2025: monolayer (1L) film; n,k 0.24–1.5 µm",Ullberg,False,False,True,,main,False
,,,MoS2,MoS2 (Molybdenum disulfide),absorber (visible),main/MoS2/nk/Islam-1L.yml,2D structures,9.57679865127006,0.20654097370876903,,True,1.18042,,,1.7,,0.2,,3.31569,7,nan,3.2784942296115034,3.7053165451052306,"Islam et al. 2021: monolayer (1L) film; n,k 0.190–1.70 µm",Islam-1L,False,False,False,,main,False
0.9462627856383224,,4.201198616751256,MoS2,MoS2 (Molybdenum disulfide),absorber (visible),main/MoS2/nk/Islam-fewL.yml,2D structures,2.697607577877326,0.20324417517300175,,True,0.96739,0.38067511236518964,0.38478065189508853,1.7,0.37661337819491203,0.2,,2.60124,7,nan,nan,nan,"Islam et al. 2021: few-layer (2.15 nm) film; n,k 0.190–1.70 µm",Islam-fewL,False,False,True,,main,False
,,,MoS2,MoS2 (Molybdenum disulfide),ENZ,main/MoS2/nk/Hsu-1L.yml,2D structures,16.74403953778742,0.39850421106830863,,True,1.5263260869565216,,,0.85697,,0.39697,,4.596678260869564,1,nan,5.4762,5.164691404408844,"Hsu et al. 2019: monolayer (1L) film; n,k 0.40–0.86 µm",Hsu-1L,False,False,False,,main,False
,,,MoS2,MoS2 (Molybdenum disulfide),absorber (visible),main/MoS2/nk/Hsu-2L.yml,2D structures,,,,True,1.5081826086956518,,,0.85697,,0.39697,,4.420178260869564,,nan,5.357626247390905,5.26426685890729,"Hsu et al. 2019: 2-layer (2L) film; n,k 0.40–0.86 µm",Hsu-2L,False,False,False,,main,False
,,,MoS2,MoS2 (Molybdenum disulfide),absorber (visible),main/MoS2/nk/Hsu-3L.yml,2D structures,,,,True,1.0714130434782605,,,0.85697,,0.39697,,4.463326086956521,,nan,4.712062337086939,5.382618703794378,"Hsu et al. 2019: 3-layer (3L) film; n,k 0.40–0.86 µm",Hsu-3L,False,False,False,,main,False
0.4207835596295452,,2.771338550781318,MoS2,MoS2 (Molybdenum disulfide),ENZ,main/MoS2/nk/Song-1L.yml,2D structures,15.4725544511803,0.3003129988127306,,True,1.274927,0.3820382457863419,0.38408716212382427,1.69,0.36408291523066955,0.2,,4.040158,3,nan,nan,nan,"Song et al. 2019: monolayer (1L) film; n,k 0.193–1.69 µm",Song-1L,False,False,True,,main,False
,,,MoS2,MoS2 (Molybdenum disulfide),absorber (visible),main/MoS2/nk/Song-3L.yml,2D structures,9.330596485078399,0.2684059868626691,,True,1.234696,,,1.69,,0.2,,3.824551,1,nan,nan,nan,"Song et al. 2019: 3-layer (3L) film; n,k 0.193–1.69 µm",Song-3L,False,False,False,,main,False
,,,MoS2,MoS2 (Molybdenum disulfide),absorber (visible),main/MoS2/nk/Song-4L.yml,2D structures,9.09104461894962,0.2742104460570842,,True,1.186179,,,1.69,,0.2,,3.721027,3,nan,nan,nan,"Song et al. 2019: 4-layer (4L) film; n,k 0.193–1.69 µm",Song-4L,False,False,False,,main,False
,,,MoS2,MoS2 (Molybdenum disulfide),absorber (visible),main/MoS2/nk/Song-6L.yml,2D structures,15.651036728094537,0.2846719257285518,,True,1.315388,,,1.69,,0.2,,4.750177,3,nan,nan,nan,"Song et al. 2019: 6-layer (6L) film; n,k 0.193–1.69 µm",Song-6L,False,False,False,,main,False
,,,MoS2,MoS2 (Molybdenum disulfide),absorber (visible),main/MoS2/nk/Song-8L.yml,2D structures,14.41122326042691,0.2816428568602281,,True,1.230328,,,1.69,,0.2,,4.65767,3,nan,nan,nan,"Song et al. 2019: 8-layer (8L) film; n,k 0.193–1.69 µm",Song-8L,False,False,False,,main,False
,,,MoS2,MoS2 (Molybdenum disulfide),absorber (visible),main/MoS2/nk/Song-10L.yml,2D structures,9.422466420682232,0.25442671299391445,,True,0.994502,,,1.69,,0.2,,4.122602,1,nan,nan,nan,"Song et al. 2019: 10-layer (10L) film; n,k 0.193–1.69 µm",Song-10L,False,False,False,,main,False
,,,MoS2,MoS2 (Molybdenum disulfide),absorber (visible),main/MoS2/nk/Song-13L.yml,2D structures,13.425476779072804,0.2727476680258478,,True,1.101867,,,1.69,,0.2,,4.580656,1,nan,nan,nan,"Song et al. 2019: 13-layer (13L) film; n,k 0.193–1.69 µm",Song-13L,False,False,False,,main,False
0.2135329079494785,,0.7928215296059038,MoS2,MoS2 (Molybdenum disulfide),ENZ,main/MoS2/nk/Jung.yml,2D structures,27.19479954539752,0.41086958992225886,,True,1.3730630555555563,0.38456868133141253,0.38456868133141253,0.89341,0.3821145564553301,0.3813,,4.2834722916666665,1,nan,nan,nan,"Jung et al. 2019: monolayer (1L) film; n,k 0.38–0.89 µm",Jung,False,False,True,,main,False
,,,MoS2,MoS2 (Molybdenum disulfide),ENZ,main/MoS2/nk/Zhang.yml,2D structures,10.2396,0.4,,True,1.153,,,0.75,,0.4,,3.983,3,nan,nan,nan,"Zhang et al. 2015: monolayer (1L) film; n,k 0.40–0.75 µm",Zhang,False,False,False,,main,False
,,,NiPS3,NiPS3 ( Nickel phosphorus trisulfide),absorber (visible),main/NiPS3/nk/Zotev.yml,Multilayer flakes,,,,True,0.602,,,1.0,,0.36,,3.488,,nan,3.103697951135582,3.1378596841960125,"Zotev et al. 2023: n,k 0.36–1.0 µm",Zotev,False,False,False,,main,False
,,,PbS,PbS (Lead sulfide),transparent dielectric,main/PbS/nk/Zemel.yml,S - Sulfides and sulfates,,,,False,,,,10.0,,3.5,,,,4.1984017431143075,nan,nan,Zemel et al. 1965: n 3.5–10 µm,Zemel,False,False,False,,main,False
,,,PtS2,PtS2 (Platinum disulfide),absorber (visible),main/PtS2/nk/Ermolaev.yml,S - Sulfides and sulfates,9.909658095471586,0.27192755412986036,,True,0.92787,,,3.3,,0.245,,3.66636,3,nan,nan,nan,"Ermolaev et al. 2021: 5 nm film; n,k 0.245–3.30 µm",Ermolaev,False,False,False,,main,False
,,,ReS2,ReS2 (Rhenium disulfide),absorber (visible),main/ReS2/nk/Munkhbat-alpha.yml,Multilayer flakes,,,,True,1.150649,,,1.69,,0.3,,4.509281,,nan,4.100531190898699,nan,"Munkhbat et al. 2022: multilayer flakes; n(α),k(α) 0.30–1.69 µm",Munkhbat-α,False,False,False,,main,False
,,,ReS2,ReS2 (Rhenium disulfide),absorber (visible),main/ReS2/nk/Munkhbat-beta.yml,Multilayer flakes,,,,True,0.6339892,,,1.69,,0.3,,4.292988,,nan,3.864874094602163,nan,"Munkhbat et al. 2022: multilayer flakes; n(β),k(β) 0.30–1.69 µm",Munkhbat-β,False,False,False,,main,False
,,,ReS2,ReS2 (Rhenium disulfide),transparent dielectric,main/ReS2/nk/Munkhbat-gamma.yml,Multilayer flakes,,,,False,,,,1.69,,0.3,,,,nan,2.6896493154866623,2.8230452470899503,Munkhbat et al. 2022: multilayer flakes; n(γ) 0.30–1.69 µm,Munkhbat-γ,False,False,False,,main,False
,,,SnS2,SnS2 (Tin disulfide),transparent dielectric,main/SnS2/nk/Ermolaev.yml,S - Sulfides and sulfates,,,,True,0.00207,,,3.3,,0.3,,2.86737,,2.650100661501325,2.7407637627494017,2.8557910368158073,"Ermolaev et al. 2022: thin film; n 0.300–3.30 µm, k 0.300–0.629 µm",Ermolaev,False,False,False,,main,False
,,,TaS2,TaS2 (Tantalum disulfide),metal,main/TaS2/nk/Munkhbat-o.yml,Multilayer flakes,2.530383595015582,1.1053203682984778,,True,0.3698697,,,1.69,,0.3,,2.932852,1,nan,nan,nan,"Munkhbat et al. 2022: multilayer flakes; n,k(o) 0.30–1.69 µm",Munkhbat-o,False,False,False,,main,True
,,,TaS2,TaS2 (Tantalum disulfide),absorber (visible),main/TaS2/nk/Munkhbat-e.yml,Multilayer flakes,,,,True,0.3762643,,,1.69,,0.3,,2.07253,,nan,nan,nan,"Munkhbat et al. 2022: multilayer flakes; n,k(e) 0.30–1.69 µm",Munkhbat-e,False,False,False,,main,False
,,,WS2,WS2 (Tungsten disulfide),absorber (visible),main/WS2/nk/Vyshnevyy-o.yml,Bulk,,,,True,0.51995,,,1.7,,0.36,,4.39337,,nan,4.0622502308209745,nan,"Vyshnevyy et al. 2023: n,k(o) 0.36–1.70 µm",Vyshnevyy-o,False,False,False,,main,False
,,,WS2,WS2 (Tungsten disulfide),transparent dielectric,main/WS2/nk/Vyshnevyy-e.yml,Bulk,,,,True,0.0,,,1.7,,0.36,,2.67013,,nan,2.5399544719813094,3.149609983647382,"Vyshnevyy et al. 2023: n,k(e) 0.36–1.70 µm",Vyshnevyy-e,False,False,False,,main,False
,,,WS2,WS2 (Tungsten disulfide),absorber (visible),main/WS2/nk/Jung.yml,2D structures,,,,True,0.9246628124999976,,,0.89352,,0.38135,,3.8855511458333343,,nan,nan,nan,"Jung et al. 2019: monolayer film; n,k 0.38–0.89 µm",Jung,False,False,False,,main,False
,,,WS2,WS2 (Tungsten disulfide),ENZ,main/WS2/nk/Ermolaev.yml,2D structures,15.647948593017185,0.3822854628702089,,True,1.526,,,1.7,,0.365,,2.634,1,nan,2.8416644309509156,nan,"Ermolaev et al. 2020: monolayer film; n,k 0.365–1.70 µm",Ermolaev,False,False,False,,main,False
,,,WS2,WS2 (Tungsten disulfide),absorber (visible),main/WS2/nk/Hsu-1L.yml,2D structures,,,,True,0.8440650000000001,,,0.8502,,0.397,,3.4836,,nan,3.8447319772281965,4.73441922442931,"Hsu et al. 2019: monolayer (1L) film; n,k 0.40–0.85 µm",Hsu-1L,False,False,False,,main,False
,,,WS2,WS2 (Tungsten disulfide),absorber (visible),main/WS2/nk/Hsu-2L.yml,2D structures,,,,True,0.5212239130434779,,,0.85023,,0.39697,,4.044578260869566,,nan,nan,nan,"Hsu et al. 2019: 2-layer (2L) film; n,k 0.40–0.85 µm",Hsu-2L,False,False,False,,main,False
,,,WS2,WS2 (Tungsten disulfide),absorber (visible),main/WS2/nk/Hsu-3L.yml,2D structures,,,,True,0.5353139130434779,,,0.85023,,0.39697,,3.9845260869565227,,nan,2.9588565158331672,3.9624759504626628,"Hsu et al. 2019: 3-layer (3L) film; n,k 0.40–0.85 µm",Hsu-3L,False,False,False,,main,False
,,,WS2,WS2 (Tungsten disulfide),absorber (visible),main/WS2/nk/Munkhbat-o.yml,Multilayer flakes,,,,True,0.49081,,,1.69,,0.3,,4.35898,,nan,4.123468868282057,4.330678741448401,"Munkhbat et al. 2022: multilayer flakes; n(o),k 0.30–1.69 µm",Munkhbat-o,False,False,False,,main,False
,,,WS2,WS2 (Tungsten disulfide),transparent dielectric,main/WS2/nk/Munkhbat-e.yml,Multilayer flakes,,,,False,,,,1.69,,0.3,,,,nan,2.5110430309157907,2.7937719863085126,Munkhbat et al. 2022: multilayer flakes; n(e) 0.30–1.69 µm,Munkhbat-e,False,False,False,,main,False
,,,WS2,WS2 (Tungsten disulfide),transparent dielectric,main/WS2/nk/Zotev-o.yml,Multilayer flakes,,,,True,0.233,,,1.0,,0.36,,3.869,,nan,3.965848975567791,4.1662355734883905,"Zotev et al. 2023: n,k(o) 0.36–1.0 µm",Zotev-o,False,False,False,,main,False
,,,WS2,WS2 (Tungsten disulfide),transparent dielectric,main/WS2/nk/Zotev-e.yml,Multilayer flakes,,,,True,0.0,,,1.0,,0.36,,2.84803,,nan,2.8383824487783897,2.8753896399964725,"Zotev et al. 2023: n,k(e) 0.36–1.0 µm",Zotev-e,False,False,False,,main,False
,,,ZnS,ZnS (Zinc sulfide),transparent dielectric,main/ZnS/nk/Debenham.yml,Crystal,,,,False,,,,13.0,,0.405,,,,2.2652715823454583,2.3124702199430724,2.543431997073722,Debenham 1984: Cubic ZnS; n 0.405–13 µm,Debenham,False,False,False,,main,False
,11.271242012703135,,ZnS,ZnS (Zinc sulfide),phonon polariton,main/ZnS/nk/Querry.yml,Crystal,0.4234752694368913,28.207892899955077,,True,0.002,,,30.0,,0.22,30.0,2.355,1,2.2849783173016247,2.288060342140952,2.402004698642843,"Querry 1987: n,k 0.220–167 µm",Querry,False,True,False,"(28.557538289568935, 30.0)",main,False
,,,ZnS,ZnS (Zinc sulfide),transparent dielectric,main/ZnS/nk/Bond.yml,Crystal,,,,False,,,,2.4,,0.45,,,,2.2652692812449318,2.314253281189804,2.4709,Bond 1965: n 0.45–2.4 µm,Bond,False,False,False,,main,False
,,,ZnS,ZnS (Zinc sulfide),transparent dielectric,main/ZnS/nk/Amotchkina.yml,Thin film,,,,True,0.000499,,,1.0,,0.4,,2.3631297354674397,,nan,2.3168626738921514,2.4207529339395073,"Amotchkina et al, 2020: n 0.4–14 µm, k 0.4–1.0 µm",Amotchkina,False,False,False,,main,False
,,,ZnS,ZnS (Zinc sulfide),other,main/ZnS/nk/Ozaki.yml,Models and simulations,,,,True,0.03649425882352941,,,1.0332,,0.2214,,2.381584705882353,,nan,nan,nan,"Ozaki and Adachi 1993: Cubic ZnS; n,k 0.221–1.03 µm",Ozaki,False,False,False,,main,False
,17.415449878323635,,CaSO4,CaSO4 (Calcium sulfate),phonon polariton,main/CaSO4/nk/Querry-alpha.yml,S - Sulfides and sulfates,0.11831247608262935,8.061695871628558,,True,,,,30.0,,2.5,8.579728781441506,,5,1.559,nan,nan,"Querry 1987: n,k(α) 2.50–55.6 µm",Querry-α,False,True,False,"(8.112059458434011, 30.0)",main,False
,16.928729312129327,,CaSO4,CaSO4 (Calcium sulfate),phonon polariton,main/CaSO4/nk/Querry-beta.yml,S - Sulfides and sulfates,0.08653799488905431,8.26504590296725,,True,,,,30.0,,2.5,9.018021752946543,,4,1.553,nan,nan,"Querry 1987: n,k(β) 2.50–55.6 µm",Querry-β,False,True,False,"(8.316679872223032, 16.70621452509023)",main,False
,13.89401460767497,,CaSO4,CaSO4 (Calcium sulfate),phonon polariton,main/CaSO4/nk/Querry-gamma.yml,S - Sulfides and sulfates,0.08161549941817149,8.213732502354494,,True,,,,30.0,,2.5,8.741535066030258,,4,1.521,nan,nan,"Querry 1987: n,k(γ) 2.50–55.6 µm",Querry-γ,False,True,False,"(8.26504590296725, 16.49941795816191)",main,False
,,,AlSb,AlSb (Aluminium antimonide),ENZ,main/AlSb/nk/Zollner.yml,Experimental data,25.719791467714643,0.31299003308729056,,True,0.005349152542372885,,,0.8856,,0.2138,,3.9742033898305085,1,nan,3.5690873955641784,3.658238416883268,"Zollner et al. 1989: n,k 0.214–0.886 µm",Zollner,False,False,False,,main,False
,,,AlSb,AlSb (Aluminium antimonide),ENZ,main/AlSb/nk/Adachi.yml,Models and simulations,26.151086511158457,0.31151127150153063,,True,0.17384192419825073,,,12.398,,0.20664,,3.996110495626822,1,nan,nan,nan,"Adachi 1990: n,k 0.207–12.4 µm",Adachi,False,False,False,,main,False
,,,AlSb,AlSb (Aluminium antimonide),ENZ,main/AlSb/nk/Djurisic.yml,Models and simulations,26.21602911255792,0.31151127150153063,,True,0.08670100583090379,,,12.398,,0.20664,,4.041312244897959,1,3.3652976898848155,3.483036778935644,nan,"Djurišić et al. 2000: n,k 0.207–12.4 µm",Djurisic,False,False,False,,main,False
,,,GaSb,GaSb (Gallium antimonide),ENZ,main/GaSb/nk/Aspnes.yml,Experimental data,24.830995262546672,0.3124089105352807,,True,1.6646949152542379,,,0.8266,,0.2066,,4.87877627118644,1,nan,nan,nan,"Aspnes and Studna 1983: n,k 0.207–0.827 µm",Aspnes,False,False,False,,main,False
,,,GaSb,GaSb (Gallium antimonide),ENZ,other/semiconductor alloys/AlSb-GaSb/nk/Ferrini-0.yml,Experimental data,24.25086710806677,0.31606155741938924,,True,1.717,,,2.48,,0.207,,4.819,1,3.8803039593942503,nan,nan,"Ferrini et al. 1998: n,k 0.207–2.48 µm",Ferrini,False,False,False,,main,False
,,,GaSb,GaSb (Gallium antimonide),ENZ,main/GaSb/nk/Adachi.yml,Models and simulations,25.05351500524069,0.30833106369682195,,True,2.0667750291715286,,,12.398,,0.20664,,5.427429638273045,1,nan,nan,nan,"Adachi 1989: n,k 0.207–12.4 µm",Adachi,False,False,False,,main,False
,,,GaSb,GaSb (Gallium antimonide),ENZ,main/GaSb/nk/Djurisic.yml,Models and simulations,24.42255480557486,0.3136395917010774,,True,1.8362203761755485,,,2.4797,,0.20664,,4.876664576802508,1,nan,nan,nan,"Djurišić et al. 2000: n,k 0.207–2.48 µm",Djurisic,False,False,False,,main,False
,,,InSb,InSb (Indium antimonide),ENZ,main/InSb/nk/Aspnes.yml,Experimental data,21.10878037050747,0.32458201704099154,,True,1.7709762711864407,,,0.8266,,0.2066,,4.154874576271187,1,nan,nan,nan,"Aspnes and Studna 1983: n,k 0.207–0.827 µm",Aspnes,False,False,False,,main,False
,,,InSb,InSb (Indium antimonide),ENZ,main/InSb/nk/Adachi.yml,Models and simulations,20.404915594769218,0.31151127150153063,,True,1.8791800466744457,,,12.398,,0.20664,,4.503956126021004,1,nan,nan,nan,"Adachi 1989: n,k 0.207–12.4 µm",Adachi,False,False,False,,main,False
,,,InSb,InSb (Indium antimonide),ENZ,main/InSb/nk/Djurisic.yml,Models and simulations,21.981879249229532,0.32669064235130885,,True,1.7004868965517241,,,1.2398,,0.20664,,4.112542068965517,1,nan,nan,nan,"Djurišić et al. 2000: n,k 0.207–0.827 µm",Djurisic,False,False,False,,main,False
,,,Sc,Sc (Scandium),error,main/Sc/nk/Larruquert.yml,Sc - Scandium and scandates,,,range outside 0.2-30 um,,,,,,,,,,,,,,"Larruquert et al. 2004: n,k 0.00124–0.190 µm",Larruquert,,,,,main,
,,,Se,Se (Selenium),transparent dielectric,main/Se/nk/Campel-o.yml,Bulk,,,,False,,,,10.6,,1.06,,,,2.70354331615498,2.79,nan,Campel and Johnson 1969: n(o) 1.06–10.6 µm,Campel-o,False,False,False,,main,False
,,,Se,Se (Selenium),transparent dielectric,main/Se/nk/Campel-e.yml,Bulk,,,,False,,,,10.6,,1.06,,,,3.5295447669599165,3.608,nan,Campel and Johnson 1969: n(e) 1.06–10.6 µm,Campel-e,False,False,False,,main,False
,,,Se,Se (Selenium),transparent dielectric,main/Se/nk/Ciesielski.yml,Thin film,,,,True,0.029508290155440438,,,2.0,,0.2,,1.4526067357512953,,1.3264,1.3660464850486171,1.4029290938565777,"Ciesielski et al. 2018: 25-nm film; n,k 0.2–2 µm",Ciesielski,False,False,False,,main,False
,,,AgGaSe2,"AgGaSe2 (Silver gallium selenide, AGSe)",transparent dielectric,main/AgGaSe2/nk/Kato-o.yml,Se - Selenium and selenides,,,,False,,,,18.0,,0.81,,,,2.637444043140843,2.77727173877307,nan,Kato et al. 2021: n(o) 0.81–18 µm,Kato-o,False,False,False,,main,False
,,,AgGaSe2,"AgGaSe2 (Silver gallium selenide, AGSe)",transparent dielectric,main/AgGaSe2/nk/Kato-e.yml,Se - Selenium and selenides,,,,False,,,,18.0,,0.81,,,,2.6063974851305587,2.777436184689734,nan,Kato et al. 2021: n(e) 0.81–18 µm,Kato-e,False,False,False,,main,False
,,,AgGaSe2,"AgGaSe2 (Silver gallium selenide, AGSe)",transparent dielectric,main/AgGaSe2/nk/Harasaki-o.yml,Se - Selenium and selenides,,,,False,,,,16.0,,0.81,,,,2.6376787874103975,2.7772740923324672,nan,Harasaki and Kato 1997: n(o) 0.81–16 µm,Harasaki-o,False,False,False,,main,False
,,,AgGaSe2,"AgGaSe2 (Silver gallium selenide, AGSe)",transparent dielectric,main/AgGaSe2/nk/Harasaki-e.yml,Se - Selenium and selenides,,,,False,,,,16.0,,0.81,,,,2.60678438367618,2.7774434633536114,nan,Harasaki and Kato 1997: n(e) 0.81–16 µm,Harasaki-e,False,False,False,,main,False
,,,AgGaSe2,"AgGaSe2 (Silver gallium selenide, AGSe)",transparent dielectric,main/AgGaSe2/nk/Boyd-o.yml,Se - Selenium and selenides,,,,False,,,,13.5,,0.725,,,,2.9658912682899876,3.097530220213648,3.1489498135991534,Boyd et al. 1972: n(o) 0.725–13.5 µm,Boyd-o,False,False,False,,main,False
,,,AgGaSe2,"AgGaSe2 (Silver gallium selenide, AGSe)",transparent dielectric,main/AgGaSe2/nk/Boyd-e.yml,Se - Selenium and selenides,,,,False,,,,13.5,,0.725,,,,2.605644080149359,2.7908466256236233,2.88719016033437,Boyd et al. 1972: n(e) 0.725–13.5 µm,Boyd-e,False,False,False,,main,False
,,,As2Se3,As2Se3 (Arsenic triselenide),other,main/As2Se3/nk/Joseph-400nm.yml,Thin film,,,,True,0.16146875000000002,,,1.688,,0.2458,,3.140295,,nan,nan,nan,"Joseph et al. 2021: 400-nm film; n,k 0.246–1.69 µm",Joseph-400nm,False,False,False,,main,False
1.7069221089801636,,171.80442410667396,As2Se3,As2Se3 (Arsenic triselenide),ENZ,main/As2Se3/nk/Joseph-700nm.yml,Thin film,23.749442651372966,0.49269877274717044,,True,1.0962831250000005,0.3513792555979337,0.3513792555979337,1.688,0.3513792555979337,0.2458,,3.164499375,1,nan,nan,nan,"Joseph et al. 2020: 700-nm film; n,k 0.246–1.69 µm",Joseph-700nm,False,False,True,,main,False
,,,BaGa2GeSe6,BaGa2GeSe6 (BGGSe),transparent dielectric,main/BaGa2GeSe6/nk/Kato-o.yml,Se - Selenium and selenides,,,,False,,,,10.6,,0.778,,,,2.4970031316355583,2.5768025842855993,2.583768483406005,Kato et al. 2018: n(o) 0.778–10.6 µm,Kato-o,False,False,False,,main,False
,,,BaGa2GeSe6,BaGa2GeSe6 (BGGSe),transparent dielectric,main/BaGa2GeSe6/nk/Kato-e.yml,Se - Selenium and selenides,,,,False,,,,10.6,,0.778,,,,2.574848301998273,2.673028739369027,2.6825516539290257,Kato et al. 2018: n(e) 0.778–10.6 µm,Kato-e,False,False,False,,main,False
,,,BaGa4Se7,"BaGa4Se7 (Barium gallium selenide, BGSe)",transparent dielectric,main/BaGa4Se7/nk/Badikov-alpha.yml,Se - Selenium and selenides,,,,False,,,,10.4,,0.48,,,,2.445298218554892,2.5302916205503174,2.747330361997189,Badikov et al 2010: n(α) 0.480–10.4 µm,Badikov-α,False,False,False,,main,False
,,,BaGa4Se7,"BaGa4Se7 (Barium gallium selenide, BGSe)",transparent dielectric,main/BaGa4Se7/nk/Badikov-beta.yml,Se - Selenium and selenides,,,,False,,,,10.4,,0.48,,,,2.461886416984975,2.5463997531506473,2.764137978817979,Badikov et al 2010: n(β) 0.480–10.4 µm,Badikov-β,False,False,False,,main,False
,,,BaGa4Se7,"BaGa4Se7 (Barium gallium selenide, BGSe)",transparent dielectric,main/BaGa4Se7/nk/Badikov-gamma.yml,Se - Selenium and selenides,,,,False,,,,10.4,,0.48,,,,2.513589881085359,2.6088280233573204,2.8765815866726427,Badikov et al 2010: n(γ) 0.480–10.4 µm,Badikov-γ,False,False,False,,main,False
,,,BaGa4Se7,"BaGa4Se7 (Barium gallium selenide, BGSe)",transparent dielectric,main/BaGa4Se7/nk/Kato-alpha.yml,Se - Selenium and selenides,,,,False,,,,10.591,,0.901,,,,2.445763657884026,2.502433606652344,nan,Kato et al 2017: n(α) 0.901–10.6 µm,Kato-α,False,False,False,,main,False
,,,BaGa4Se7,"BaGa4Se7 (Barium gallium selenide, BGSe)",transparent dielectric,main/BaGa4Se7/nk/Kato-beta.yml,Se - Selenium and selenides,,,,False,,,,10.591,,0.901,,,,2.460668938552972,2.517961460495579,nan,Kato et al 2017: n(β) 0.901–10.6 µm,Kato-β,False,False,False,,main,False
,,,BaGa4Se7,"BaGa4Se7 (Barium gallium selenide, BGSe)",transparent dielectric,main/BaGa4Se7/nk/Kato-gamma.yml,Se - Selenium and selenides,,,,False,,,,10.591,,0.901,,,,2.513629890024172,2.5846319978978256,nan,Kato et al 2017: n(γ) 0.901–10.6 µm,Kato-γ,False,False,False,,main,False
0.7136435149717724,,9.500486041829424,Bi2Se3,Bi2Se3 (Bismuth selenide),ENZ,main/Bi2Se3/nk/Ermolaev.yml,Thin film,34.04088701179829,0.5049711259829451,,True,3.57983,0.35030966426655596,0.35030966426655596,3.3,0.35030966426655596,0.29,,5.08702,1,nan,nan,nan,"Ermolaev et al. 2023: CVD film; n,k 0.290–3.30 µm",Ermolaev,False,False,True,,main,False
,,,Bi2Se3,Bi2Se3 (Bismuth selenide),ENZ,main/Bi2Se3/nk/Fang-2L.yml,2D structures,14.043935455702288,0.3966134941019547,,True,1.994108,,,1.69,,0.2,,4.184392,1,nan,nan,nan,"Fang et al. 2020: 2-layer (2L) film; n,k 0.193–1.69 µm",Fang-2L,False,False,False,,main,False
0.3895839834947377,,1.8187169417647298,Bi2Se3,Bi2Se3 (Bismuth selenide),ENZ,main/Bi2Se3/nk/Fang-4L.yml,2D structures,23.947378211751694,0.49386517309945793,,True,3.178741,0.3507031412797735,0.3507031412797735,1.69,0.3507031412797735,0.2,,4.654954,1,nan,nan,nan,"Fang et al. 2020: 4-layer (4L) film; n,k 0.193–1.69 µm",Fang-4L,False,False,True,,main,False
0.5238171998130083,,3.246641891218542,Bi2Se3,Bi2Se3 (Bismuth selenide),ENZ,main/Bi2Se3/nk/Fang-6L.yml,2D structures,29.997162126057482,0.5322671814374326,,True,3.709332,0.3507031412797735,0.3507031412797735,1.69,0.3507031412797735,0.2,,4.783751,1,nan,nan,nan,"Fang et al. 2020: 6-layer (6L) film; n,k 0.193–1.69 µm",Fang-6L,False,False,True,,main,False
0.5995700673845545,,3.7715680224275827,Bi2Se3,Bi2Se3 (Bismuth selenide),ENZ,main/Bi2Se3/nk/Fang-8L.yml,2D structures,31.68739858180328,0.5585167877409587,,True,3.876334,0.3507031412797735,0.3507031412797735,1.69,0.3507031412797735,0.2,,4.588799,1,nan,nan,nan,"Fang et al. 2020: 8-layer (8L) film; n,k 0.193–1.69 µm",Fang-8L,False,False,True,,main,False
0.5597578534062208,,3.5269097398638,Bi2Se3,Bi2Se3 (Bismuth selenide),ENZ,main/Bi2Se3/nk/Fang-10L.yml,2D structures,32.408159156191374,0.5525738560315794,,True,3.91624,0.3507031412797735,0.3507031412797735,1.69,0.3507031412797735,0.2,,4.734616,1,nan,nan,nan,"Fang et al. 2020: 10-layer (10L) film; n,k 0.193–1.69 µm",Fang-10L,False,False,True,,main,False
,,,CdSe,CdSe (Cadmium selenide),transparent dielectric,main/CdSe/nk/Lisitsa-o.yml,Experimental data,,,,False,,,,22.0,,1.01,,,,2.4686091495684606,2.548998358754404,nan,Lisitsa et al. 1969: n(o) 1.01–22.0 µm,Lisitsa-o,False,False,False,,main,False
,,,CdSe,CdSe (Cadmium selenide),transparent dielectric,main/CdSe/nk/Lisitsa-e.yml,Experimental data,,,,False,,,,22.0,,1.01,,,,2.4883207809109535,2.5685952323366767,nan,Lisitsa et al. 1969: n(e) 1.01–22.0 µm,Lisitsa-e,False,False,False,,main,False
,,,CdSe,CdSe (Cadmium selenide),transparent dielectric,main/CdSe/nk/Bond-o.yml,Experimental data,,,,False,,,,4.0,,0.8,,,,2.4680642471501835,2.6448,2.6448,Bond et al. 1965: n(o) 0.80–4.0 µm,Bond-o,False,False,False,,main,False
,,,CdSe,CdSe (Cadmium selenide),transparent dielectric,main/CdSe/nk/Bond-e.yml,Experimental data,,,,False,,,,4.0,,0.8,,,,2.4871880038989014,2.6607,2.6607,Bond et al. 1965: n(e) 0.80–4.0 µm,Bond-e,False,False,False,,main,False
,,,CdSe,CdSe (Cadmium selenide),absorber (visible),main/CdSe/nk/Ninomiya-o.yml,Models and simulations,,,,True,0.35861537815126054,,,1.0332,,0.23393,,2.58773487394958,,nan,nan,nan,"Ninomiya and Adachi 1995: n,k(o) 0.234–1.03 µm",Ninomiya-o,False,False,False,,main,False
,,,CdSe,CdSe (Cadmium selenide),absorber (visible),main/CdSe/nk/Ninomiya-e.yml,Models and simulations,9.56925933871694,0.24828731465743936,,True,0.33831924369747907,,,1.0332,,0.23393,,2.611619327731092,1,nan,nan,nan,"Ninomiya and Adachi 1995: n,k(e) 0.234–1.03 µm",Ninomiya-e,False,False,False,,main,False
,,,CdSe,CdSe (Cadmium selenide),absorber (visible),main/CdSe/nk/Ninomiya-cubic.yml,Models and simulations,8.3435058,0.20664,,True,0.35880648854961844,,,0.82656,,0.20664,,2.6732083969465648,1,nan,nan,nan,"Ninomiya and Adachi 1995: Cubic; n,k 0.207–0.827 µm",Ninomiya-cubic,False,False,False,,main,False
,,,GaSe,GaSe (Gallium selenide),transparent dielectric,main/GaSe/nk/Chen-n-o.yml,Se - Selenium and selenides,,,,False,,,,30.0,,3.0,,,,2.72071456818249,nan,nan,Chen et al. 2009: n(o) 3–1500 µm,Chen-n-o,False,False,False,,main,False
,,,GaSe,GaSe (Gallium selenide),transparent dielectric,main/GaSe/nk/Chen-n-e.yml,Se - Selenium and selenides,,,,False,,,,30.0,,3.0,,,,2.407967192101514,nan,nan,Chen et al. 2009: n(e) 3–1500 µm,Chen-n-e,False,False,False,,main,False
,,,GaSe,GaSe (Gallium selenide),transparent dielectric,main/GaSe/nk/Chen-nk-o.yml,Se - Selenium and selenides,,,,True,,,,30.0,,2.9979,,,,2.7207,nan,nan,"Chen et al. 2009: n,k(o) 3–1500 µm",Chen-nk-o,False,False,False,,main,False
,,,GaSe,GaSe (Gallium selenide),transparent dielectric,main/GaSe/nk/Chen-nk-e.yml,Se - Selenium and selenides,,,,True,,,,30.0,,2.9979,,,,2.408,nan,nan,"Chen et al. 2009: n,k(e) 3–1500 µm",Chen-nk-e,False,False,False,,main,False
,,,GaSe,GaSe (Gallium selenide),transparent dielectric,main/GaSe/nk/Kato-o.yml,Se - Selenium and selenides,,,,False,,,,30.0,,0.8,,,,2.744674635101271,2.858952037468434,2.858952037468434,Kato et al. 2013: n(o) 0.8–162 µm,Kato-o,False,False,False,,main,False
,,,GaSe,GaSe (Gallium selenide),transparent dielectric,main/GaSe/nk/Kato-e.yml,Se - Selenium and selenides,,,,False,,,,30.0,,0.8,,,,2.416956079953314,2.52583835863504,2.52583835863504,Kato et al. 2013: n(e) 0.8–162 µm,Kato-e,False,False,False,,main,False
,,,HfSe2,HfSe2 (Hafnium diselenide),absorber (visible),main/HfSe2/nk/Zotev-o.yml,Multilayer flakes,,,,True,0.328,,,1.0,,0.36,,4.516,,nan,3.516622438919477,3.9760202692170767,"Zotev et al. 2023: n,k(o) 0.36–1.0 µm",Zotev-o,False,False,False,,main,False
,,,HfSe2,HfSe2 (Hafnium diselenide),transparent dielectric,main/HfSe2/nk/Zotev-e.yml,Multilayer flakes,,,,True,0.0,,,1.0,,0.36,,3.9478,,nan,3.897962804864935,4.088946107669244,"Zotev et al. 2023: n,k(e) 0.36–1.0 µm",Zotev-e,False,False,False,,main,False
,,,In2Se3,In2Se3 (Indium selenide),other,main/In2Se3/nk/Zotev.yml,Multilayer flakes,,,,True,0.26,,,1.0,,0.36,,3.415,,nan,nan,nan,"Zotev et al. 2023: n,k 0.36–1.0 µm",Zotev,False,False,False,,main,False
,,,MnPSe3,MnPSe3 (Manganese phosphorus selenide),transparent dielectric,main/MnPSe3/nk/Zotev.yml,Multilayer flakes,,,,True,0.019,,,1.0,,0.36,,2.919,,nan,2.8158112194597384,2.8988394478781134,"Zotev et al. 2023: n,k 0.36–1.0 µm",Zotev,False,False,False,,main,False
,,,MoSe2,MoSe2 (Molybdenum diselenide),ENZ,main/MoSe2/nk/Beal.yml,Bulk,13.627937766278297,0.30535283701242566,,True,1.385732142857143,,,1.161,,0.2,,4.8894553571428565,1,nan,4.7286275700014775,nan,"Beal and Huges 1979: n,k 0.044–1.16 µm",Beal,False,False,False,,main,False
,,,MoSe2,MoSe2 (Molybdenum diselenide),absorber (visible),main/MoSe2/nk/Pruszynska-Karbownik-o.yml,Bulk,14.306114294443809,0.29871097648471706,,True,1.305,,,1.69,,0.2,,4.965,1,nan,nan,nan,"Pruszynska-Karbownik et al. 2026: n,k(o) 0.193–1.69 µm",Pruszynska-Karbownik-o,False,False,False,,main,False
,,,MoSe2,MoSe2 (Molybdenum diselenide),transparent dielectric,main/MoSe2/nk/Pruszynska-Karbownik-e.yml,Bulk,,,,False,,,,1.69,,0.2,,,,nan,2.856,3.0311209278495403,Pruszynska-Karbownik et al. 2026: n(e) 0.193–1.69 µm,Pruszynska-Karbownik-e,False,False,False,,main,False
,,,MoSe2,MoSe2 (Molybdenum diselenide),absorber (visible),main/MoSe2/nk/Hsu-1L.yml,2D structures,,,,True,1.041221739130435,,,0.85698,,0.39697,,5.348365217391304,,nan,5.630816377691608,nan,"Hsu et al. 2019: monolayer (1L) film; n,k 0.40–0.86 µm",Hsu-1L,False,False,False,,main,False
,,,MoSe2,MoSe2 (Molybdenum diselenide),absorber (visible),main/MoSe2/nk/Hsu-2L.yml,2D structures,,,,True,1.100608695652174,,,0.85697,,0.39697,,4.806565217391304,,nan,nan,nan,"Hsu et al. 2019: 2-layer (2L) film; n,k 0.40–0.86 µm",Hsu-2L,False,False,False,,main,False
,,,MoSe2,MoSe2 (Molybdenum diselenide),absorber (visible),main/MoSe2/nk/Hsu-3L.yml,2D structures,,,,True,0.9519534782608696,,,0.85697,,0.39697,,4.41764347826087,,nan,4.951729905304003,nan,"Hsu et al. 2019: 3-layer (3L) film; n,k 0.40–0.86 µm",Hsu-3L,False,False,False,,main,False
,,,MoSe2,MoSe2 (Molybdenum diselenide),absorber (visible),main/MoSe2/nk/Munkhbat-o.yml,Multilayer flakes,,,,True,1.267602,,,1.69,,0.3,,5.048911,,nan,4.469095339015022,nan,"Munkhbat et al. 2022: multilayer flakes; n,k(o) 0.30–1.69 µm",Munkhbat-o,False,False,False,,main,False
,,,MoSe2,MoSe2 (Molybdenum diselenide),transparent dielectric,main/MoSe2/nk/Munkhbat-e.yml,Multilayer flakes,,,,False,,,,1.69,,0.3,,,,nan,2.817017294300794,3.0070654443516527,Munkhbat et al. 2022: multilayer flakes; n(e) 0.30–1.69 µm,Munkhbat-e,False,False,False,,main,False
0.49861027344702974,,3.3669431560434515,MoSe2,MoSe2 (Molybdenum diselenide),ENZ,main/MoSe2/nk/Zotev-o.yml,Multilayer flakes,24.318250137803055,0.39780609167152986,,True,1.607,0.36,0.36,1.0,0.36,0.36,,4.933,1,nan,nan,nan,"Zotev et al. 2023: n,k(o) 0.36–1.0 µm",Zotev-o,False,False,True,,main,False
,,,MoSe2,MoSe2 (Molybdenum diselenide),transparent dielectric,main/MoSe2/nk/Zotev-e.yml,Multilayer flakes,,,,True,0.0,,,1.0,,0.36,,3.12169,,nan,3.080660356086545,3.2378781371606062,"Zotev et al. 2023: n,k(e) 0.36–1.0 µm",Zotev-e,False,False,False,,main,False
,,,NbSe2,NbSe2 (Niobium diselenide),metal,main/NbSe2/nk/Munkhbat-o.yml,Multilayer flakes,3.6147265253310428,1.384625392546194,,True,1.002982,,,1.69,,0.3,,3.384407,1,nan,nan,nan,"Munkhbat et al. 2022: multilayer flakes; n,k(o) 0.30–1.69 µm",Munkhbat-o,False,False,False,,main,True
,,,NbSe2,NbSe2 (Niobium diselenide),metal,main/NbSe2/nk/Munkhbat-e.yml,Multilayer flakes,2.8257246893952876,1.4396829151305433,,True,0.05488579,,,1.69,,0.3,,2.356492,1,nan,nan,nan,"Munkhbat et al. 2022: multilayer flakes; n,k(e) 0.30–1.69 µm",Munkhbat-e,False,False,False,,main,True
,,,PbSe,PbSe (Lead selenide),transparent dielectric,main/PbSe/nk/Zemel.yml,Experimental data,,,,False,,,,10.0,,5.0,,,,4.879824295028202,nan,nan,Zemel et al. 1965: n 5–10 µm,Zemel,False,False,False,,main,False
0.809567128411421,,7.823750446445693,PbSe,PbSe (Lead selenide),ENZ,main/PbSe/nk/Suzuki.yml,Models and simulations,32.438742305763235,0.4489569132060885,,True,2.077491935483871,0.3503203524912993,0.3503203524912993,1.0781,0.3503203524912993,0.2296,,4.95001935483871,1,nan,nan,nan,"Suzuki et al. 1995: n,k 0.230–1.08 µm",Suzuki,False,False,True,,main,False
,,,PdSe2,PdSe2 (Palladium diselenide),absorber (visible),main/PdSe2/nk/Ermolaev.yml,Se - Selenium and selenides,6.247320688206026,0.29029306629112145,,True,2.01571,,,10.0,,0.2,,4.01663,2,nan,nan,nan,"Ermolaev et al. 2022: 4.5 nm film; n,k 0.200–10.0 µm",Ermolaev,False,False,False,,main,False
,,,PtSe2,PtSe2 (Platinum diselenide),ENZ,main/PtSe2/nk/Ermolaev.yml,Se - Selenium and selenides,4.439941011303576,0.31181182219548514,,True,1.97855,,,3.3,,0.245,,3.30094,2,nan,nan,nan,"Ermolaev et al. 2021: 300 nm film; n,k 0.245–3.30 µm",Ermolaev,False,False,False,,main,False
,,,PtSe2,PtSe2 (Platinum diselenide),absorber (visible),main/PtSe2/nk/Tharrault-1L.yml,Se - Selenium and selenides,,,,True,2.262229740932643,,,0.93927,,0.41605,,7.8941689119171015,,nan,nan,nan,"Tharrault et al. 2025: 1L film; n,k 0.416–0.939 µm",Tharrault-1L,False,False,False,,main,False
,,,PtSe2,PtSe2 (Platinum diselenide),ENZ,main/PtSe2/nk/Tharrault-2L.yml,Se - Selenium and selenides,5.2160958162752715,1.284768631061844,,True,3.014015664939548,,,1.55038,,0.41605,,5.417554490500866,1,nan,nan,nan,"Tharrault et al. 2025: 2L film; n,k 0.416–1.55 µm",Tharrault-2L,False,False,False,,main,False
,,,PtSe2,PtSe2 (Platinum diselenide),absorber (visible),main/PtSe2/nk/Tharrault-3L.yml,Se - Selenium and selenides,,,,True,2.9778060416666663,,,1.53999,,0.41536,,4.760101493055556,,nan,nan,nan,"Tharrault et al. 2025: 3L film; n,k 0.416–1.54 µm",Tharrault-3L,False,False,False,,main,False
,,,PtSe2,PtSe2 (Platinum diselenide),absorber (visible),main/PtSe2/nk/Tharrault-4L.yml,Se - Selenium and selenides,,,,True,3.0242744214162345,,,1.55038,,0.41605,,4.55000091537133,,nan,nan,nan,"Tharrault et al. 2025: 4L film; n,k 0.416–1.55 µm",Tharrault-4L,False,False,False,,main,False
,,,PtSe2,PtSe2 (Platinum diselenide),absorber (visible),main/PtSe2/nk/Tharrault-5L.yml,Se - Selenium and selenides,,,,True,2.965481347150259,,,1.55038,,0.41605,,4.531526614853195,,nan,nan,nan,"Tharrault et al. 2025: 5L film; n,k 0.416–1.55 µm",Tharrault-5L,False,False,False,,main,False
,,,PtSe2,PtSe2 (Platinum diselenide),absorber (visible),main/PtSe2/nk/Tharrault-6L.yml,Se - Selenium and selenides,,,,True,2.845290399305555,,,1.53999,,0.41536,,4.440849097222222,,nan,nan,nan,"Tharrault et al. 2025: 6L film; n,k 0.416–1.54 µm",Tharrault-6L,False,False,False,,main,False
,,,PtSe2,PtSe2 (Platinum diselenide),absorber (visible),main/PtSe2/nk/Tharrault-7L.yml,Se - Selenium and selenides,,,,True,2.988404611398964,,,1.55038,,0.41605,,4.411100708117443,,nan,nan,nan,"Tharrault et al. 2025: 7L film; n,k 0.416–1.55 µm",Tharrault-7L,False,False,False,,main,False
,,,PtSe2,PtSe2 (Platinum diselenide),absorber (visible),main/PtSe2/nk/Tharrault-8L.yml,Se - Selenium and selenides,,,,True,2.791143871527778,,,1.53999,,0.41536,,4.603954670138888,,nan,nan,nan,"Tharrault et al. 2025: 8L film; n,k 0.416–1.54 µm",Tharrault-8L,False,False,False,,main,False
,,,PtSe2,PtSe2 (Platinum diselenide),absorber (visible),main/PtSe2/nk/Tharrault-10L.yml,Se - Selenium and selenides,,,,True,2.893729119170984,,,1.55038,,0.41605,,4.503850829015544,,nan,nan,nan,"Tharrault et al. 2025: 10L film; n,k 0.416–1.55 µm",Tharrault-10L,False,False,False,,main,False
,,,PtSe2,PtSe2 (Platinum diselenide),absorber (visible),main/PtSe2/nk/Tharrault-12L.yml,Se - Selenium and selenides,,,,True,3.015369982668977,,,1.54632,,0.41578,,4.272214974003466,,nan,nan,nan,"Tharrault et al. 2025: 12L film; n,k 0.416–1.55 µm",Tharrault-12L,False,False,False,,main,False
,,,SnSe,SnSe (Tin selenide),transparent dielectric,main/SnSe/nk/Guo-alpha.yml,Se - Selenium and selenides,,,,True,0.0,,,1.69,,0.2,,1.259699,,nan,1.250402915579209,1.2870609575294822,"Guo et al. 2022: n,k(α) 0.193–1.69 µm",Guo-α,False,False,False,,main,False
,,,SnSe,SnSe (Tin selenide),absorber (visible),main/SnSe/nk/Guo-beta.yml,Se - Selenium and selenides,,,,True,1.553663,,,1.69,,0.2,,2.495544,,nan,nan,nan,"Guo et al. 2022: n,k(β) 0.193–1.69 µm",Guo-β,False,False,False,,main,False
,,,SnSe,SnSe (Tin selenide),absorber (visible),main/SnSe/nk/Guo-gamma.yml,Se - Selenium and selenides,1.6359566273946515,0.22739492880872866,,True,1.885291,,,1.69,,0.2,,2.661846,2,nan,nan,nan,"Guo et al. 2022: n,k(γ) 0.193–1.69 µm",Guo-γ,False,False,False,,main,False
,,,SnSe2,SnSe2 (Tin diselenide),absorber (visible),main/SnSe2/nk/Ermolaev.yml,Se - Selenium and selenides,,,,True,0.34795,,,3.3,,0.3,,3.5609,,2.9608839690079485,3.0026237201778563,nan,"Ermolaev et al. 2022: thin film; n 0.300–3.30 µm, k 0.300–1.68 µm",Ermolaev,False,False,False,,main,False
,,,TaSe2,TaSe2 (Tantalum diselenide),metal,main/TaSe2/nk/Munkhbat-o.yml,Multilayer flakes,3.457320668687664,1.2158605339662556,,True,0.5595287,,,1.69,,0.3,,3.267766,1,nan,nan,nan,"Munkhbat et al. 2022: multilayer flakes; n,k(o) 0.30–1.69 µm",Munkhbat-o,False,False,False,,main,True
,,,TaSe2,TaSe2 (Tantalum diselenide),other,main/TaSe2/nk/Munkhbat-e.yml,Multilayer flakes,,,,True,0.261054,,,1.69,,0.3,,2.443758,,nan,nan,nan,"Munkhbat et al. 2022: multilayer flakes; n,k(e) 0.30–1.69 µm",Munkhbat-e,False,False,False,,main,False
,,,Tl3AsSe3,"Tl3AsSe3 (Thallium arsenic selenide, TAS)",transparent dielectric,main/Tl3AsSe3/nk/Ewbank-o.yml,Se - Selenium and selenides,,,,False,,,,12.0,,2.0,,,,3.425771749644835,3.425771749644835,nan,Ewbank et al. 1980: n(o) 2–12 µm,Ewbank-o,False,False,False,,main,False
,,,Tl3AsSe3,"Tl3AsSe3 (Thallium arsenic selenide, TAS)",transparent dielectric,main/Tl3AsSe3/nk/Ewbank-e.yml,Se - Selenium and selenides,,,,False,,,,12.0,,2.0,,,,3.233759832298336,3.233759832298336,nan,Ewbank et al. 1980: n(e) 2–12 µm,Ewbank-e,False,False,False,,main,False
,,,WSe2,WSe2 (Tungsten diselenide),absorber (visible),main/WSe2/nk/Hsu-1L.yml,2D structures,,,,True,0.9589026086956525,,,0.85023,,0.39697,,5.50124347826087,,nan,nan,nan,"Hsu et al. 2019: monolayer (1L) film; n,k 0.40–0.85 µm",Hsu-1L,False,False,False,,main,False
,,,WSe2,WSe2 (Tungsten diselenide),absorber (visible),main/WSe2/nk/Hsu-2L.yml,2D structures,,,,True,0.8087326086956524,,,0.85023,,0.39697,,5.111108695652174,,nan,5.139454709166918,5.624911269577268,"Hsu et al. 2019: 2-layer (2L) film; n,k 0.40–0.85 µm",Hsu-2L,False,False,False,,main,False
,,,WSe2,WSe2 (Tungsten diselenide),absorber (visible),main/WSe2/nk/Hsu-3L.yml,2D structures,,,,True,0.6579473913043481,,,0.85024,,0.39697,,5.23144347826087,,nan,5.115905993362198,5.271791614715352,"Hsu et al. 2019: 3-layer (3L) film; n,k 0.40–0.85 µm",Hsu-3L,False,False,False,,main,False
,,,WSe2,WSe2 (Tungsten diselenide),other,main/WSe2/nk/Jin.yml,2D structures,,,,True,,,,30.0,,29.979,,,,nan,nan,nan,"Jin et al. 2025: monolayer (1L) film; n,k 30–60 µm",Jin,False,False,False,,main,False
0.27858522360261684,,0.9148201335777296,WSe2,WSe2 (Tungsten diselenide),ENZ,main/WSe2/nk/Ermolaev.yml,2D structures,5.274702822448565,0.306269792306193,,True,0.23359,0.3564993667702852,0.3611702868476703,1.7,0.35036530566676466,0.301,,3.9506,2,nan,nan,nan,"Ermolaev et al. 2021: monolayer (1L) film; n,k 0.30–1.70 µm",Ermolaev,False,False,True,,main,False
,,,WSe2,WSe2 (Tungsten diselenide),absorber (visible),main/WSe2/nk/Jung.yml,2D structures,,,,True,0.9957220833333333,,,0.89352,,0.38135,,4.362735729166666,,nan,nan,nan,"Jung et al. 2019: monolayer (1L) film; n,k 0.38–0.89 µm",Jung,False,False,False,,main,False
0.2964732965553813,,1.3743031252918623,WSe2,WSe2 (Tungsten diselenide),ENZ,main/WSe2/nk/Gu-1L.yml,2D structures,29.266989648618914,0.4206490639633206,,True,1.3991,0.3507031412797735,0.3507031412797735,1.69,0.3507031412797735,0.2,,4.820933,1,nan,nan,nan,"Gu et al. 2019: monolayer (1L) film; n,k 0.193–1.69 µm",Gu-1L,False,False,True,,main,False
,,,WSe2,WSe2 (Tungsten diselenide),absorber (visible),main/WSe2/nk/Gu-2L.yml,2D structures,13.669497547918898,0.28619865496543034,,True,1.083199,,,1.69,,0.2,,4.818471,1,nan,nan,nan,"Gu et al. 2019: 2-layer (2L) film; n,k 0.193–1.69 µm",Gu-2L,False,False,False,,main,False
,,,WSe2,WSe2 (Tungsten diselenide),absorber (visible),main/WSe2/nk/Gu-3L.yml,2D structures,13.572279348480848,0.2908281467428484,,True,1.124,,,1.69,,0.2,,4.667143,1,nan,nan,nan,"Gu et al. 2019: 3-layer (3L) film; n,k 0.193–1.69 µm",Gu-3L,False,False,False,,main,False
,,,WSe2,WSe2 (Tungsten diselenide),absorber (visible),main/WSe2/nk/Gu-4L.yml,2D structures,15.134762778714721,0.2908281467428484,,True,1.268616,,,1.69,,0.2,,4.932596,1,nan,nan,nan,"Gu et al. 2019: 4-layer (4L) film; n,k 0.193–1.69 µm",Gu-4L,False,False,False,,main,False
,,,WSe2,WSe2 (Tungsten diselenide),ENZ,main/WSe2/nk/Gu-5L.yml,2D structures,16.628495360372526,0.3035428650539611,,True,1.525979,,,1.69,,0.2,,5.199661,1,nan,nan,nan,"Gu et al. 2019: 5-layer (5L) film; n,k 0.193–1.69 µm",Gu-5L,False,False,False,,main,False
,,,WSe2,WSe2 (Tungsten diselenide),absorber (visible),main/WSe2/nk/Munkhbat-o.yml,Multilayer flakes,,,,True,0.9681088,,,1.69,,0.3,,5.130847,,nan,4.372089200318902,nan,"Munkhbat et al. 2022: multilayer flakes; n(o),k 0.30–1.69 µm",Munkhbat-o,False,False,False,,main,False
,,,WSe2,WSe2 (Tungsten diselenide),transparent dielectric,main/WSe2/nk/Munkhbat-e.yml,Multilayer flakes,,,,False,,,,1.69,,0.3,,,,nan,2.7665439988493166,3.250404594703036,Munkhbat et al. 2022: multilayer flakes; n(e) 0.30–1.69 µm,Munkhbat-e,False,False,False,,main,False
,,,WSe2,WSe2 (Tungsten diselenide),absorber (visible),main/WSe2/nk/Zotev-o.yml,Multilayer flakes,,,,True,0.969,,,1.0,,0.36,,5.024,,nan,nan,nan,"Zotev et al. 2023: n,k(o) 0.36–1.0 µm",Zotev-o,False,False,False,,main,False
,,,WSe2,WSe2 (Tungsten diselenide),transparent dielectric,main/WSe2/nk/Zotev-e.yml,Multilayer flakes,,,,True,0.0,,,1.0,,0.36,,2.96327,,nan,2.9574654692670337,2.9797595312799707,"Zotev et al. 2023: n,k(e) 0.36–1.0 µm",Zotev-e,False,False,False,,main,False
,,,WSe2,WSe2 (Tungsten diselenide),absorber (visible),main/WSe2/nk/Ushkov-o.yml,Nanoparticles,,,,True,0.97509,,,1.7,,0.36,,5.05234,,nan,4.188654859559328,nan,"Ushkov et al. 2025: n,k(o) 0.36–1.7 µm",Ushkov-o,False,False,False,,main,False
,,,WSe2,WSe2 (Tungsten diselenide),transparent dielectric,main/WSe2/nk/Ushkov-e.yml,Nanoparticles,,,,True,0.0,,,1.7,,0.36,,2.84498,,nan,2.75965161317454,3.0329280074653475,Ushkov et al. 2025: n(e) 0.36–1.7 µm,Ushkov-e,False,False,False,,main,False
,,,ZnSe,ZnSe (Zinc selenide),transparent dielectric,main/ZnSe/nk/Marple.yml,Experimental data,,,,False,,,,2.5,,0.48,,,,2.4402437980344533,2.5110536622516215,2.780070225725589,Marple 1964: n 0.48–2.5 µm,Marple,False,False,False,,main,False
,,,ZnSe,ZnSe (Zinc selenide),transparent dielectric,main/ZnSe/nk/Amotchkina.yml,Experimental data,,,,True,7.89e-07,,,0.888,,0.4,,2.6201275625024603,,nan,2.5242713130022816,2.8677988939376773,"Amotchkina et al, 2020: n 0.400–13.9 µm, k 0.4-0.888  µm",Amotchkina,False,False,False,,main,False
,,,ZnSe,ZnSe (Zinc selenide),transparent dielectric,main/ZnSe/nk/Querry.yml,Experimental data,,,,True,5e-07,,,21.7391,,0.5,,2.56,,2.4306508403788487,2.4813485700925906,2.693,"Querry 1987: n,k 0.500–21.7 µm",Querry,False,False,False,,main,False
,,,ZnSe,ZnSe (Zinc selenide),transparent dielectric,main/ZnSe/nk/Connolly.yml,Experimental data,,,,False,,,,18.2,,0.54,,,,2.4461316861893194,2.5234294540522435,2.6754070553573754,Connolly et al. 1979: n 0.54–18.2 µm,Connolly,False,False,False,,main,False
,,,ZnSe,ZnSe (Zinc selenide),other,main/ZnSe/nk/Adachi.yml,Models and simulations,,,,True,0.06138124886877829,,,0.82656,,0.23393,,2.5812981900452487,,nan,nan,nan,"Adachi and Taguchi 1991: n,k 0.234–0.827 µm",Adachi,False,False,False,,main,False
,,,ZrSe2,ZrSe2 (Zirconium diselenide),ENZ,main/ZrSe2/nk/Zotev-o.yml,Multilayer flakes,5.153987769957559,0.42085835470503263,,True,1.984,,,1.0,,0.36,,3.362,2,nan,nan,nan,"Zotev et al. 2023: n,k(o) 0.36–1.0 µm",Zotev-o,False,False,False,,main,False
,,,ZrSe2,ZrSe2 (Zirconium diselenide),transparent dielectric,main/ZrSe2/nk/Zotev-e.yml,Multilayer flakes,,,,True,0.0,,,1.0,,0.36,,2.25396,,nan,2.2509169795113557,2.2626132133321577,"Zotev et al. 2023: n,k(e) 0.36–1.0 µm",Zotev-e,False,False,False,,main,False
,,,Si,Si (Silicon),other,main/Si/nk/Aspnes.yml,Crystalline silicon,45.264086242259076,0.29346618760989146,,True,0.027396610169491537,,,0.8266,,0.2066,,3.9484983050847458,1,nan,nan,nan,"Aspnes and Studna 1983: n,k 0.21–0.83 µm",Aspnes,False,False,False,,main,False
,,,Si,Si (Silicon),transparent dielectric,main/Si/nk/Wang-25C.yml,Crystalline silicon,,,,True,0.021397285666666665,,,1.3053,,0.4,,3.93767339,,nan,3.5383710600631115,nan,"Wang et al. 2025: n,k 0.400–1.31 µm; 25 °C",Wang-25C,True,False,False,,main,False
,,,Si,Si (Silicon),transparent dielectric,main/Si/nk/Wang-35C.yml,Crystalline silicon,,,,True,0.022180682666666666,,,1.3053,,0.4,,3.9416744733333333,,nan,3.539215372359646,nan,"Wang et al. 2025: n,k 0.400–1.31 µm; 35 °C",Wang-35C,True,False,False,,main,False
,,,Si,Si (Silicon),transparent dielectric,main/Si/nk/Wang-45C.yml,Crystalline silicon,,,,True,0.023103036666666667,,,1.3053,,0.4,,3.946015276666667,,nan,3.545568673688855,nan,"Wang et al. 2025: n,k 0.400–1.31 µm; 45 °C",Wang-45C,True,False,False,,main,False
,,,Si,Si (Silicon),transparent dielectric,main/Si/nk/Wang-55C.yml,Crystalline silicon,,,,True,0.023982867,,,1.3053,,0.4,,3.9485709333333334,,nan,3.5552013079985594,nan,"Wang et al. 2025: n,k 0.400–1.31 µm; 55 °C",Wang-55C,True,False,False,,main,False
,,,Si,Si (Silicon),transparent dielectric,main/Si/nk/Wang-65C.yml,Crystalline silicon,,,,True,0.024647322000000003,,,1.3053,,0.4,,3.9530552233333336,,nan,3.555989040070282,nan,"Wang et al. 2025: n,k 0.400–1.31 µm; 65 °C",Wang-65C,True,False,False,,main,False
,,,Si,Si (Silicon),transparent dielectric,main/Si/nk/Franta-10K.yml,Crystalline silicon,47.525035548192996,0.28786708959463353,,True,0.012440215517478911,,,30.0,,0.2,,3.884637294641413,1,3.4242688179960954,3.578071683878903,nan,"Franta et al. 2017: n,k 0.0310–310 µm; 10 K",Franta-10K,False,False,False,,main,False
,,,Si,Si (Silicon),transparent dielectric,main/Si/nk/Franta-50K.yml,Crystalline silicon,47.670448322764436,0.28786708959463353,,True,0.012444776312844998,,,30.0,,0.2,,3.884092849934717,1,3.424561198660675,3.5781713806964768,nan,"Franta et al. 2017: n,k 0.0310–310 µm; 50 K",Franta-50K,False,False,False,,main,False
,,,Si,Si (Silicon),transparent dielectric,main/Si/nk/Franta-100K.yml,Crystalline silicon,47.42733782097661,0.28786708959463353,,True,0.01268045765117391,,,30.0,,0.2,,3.8880577605653692,1,3.4271157742865355,3.5811667189513523,nan,"Franta et al. 2017: n,k 0.0310–310 µm; 100 K",Franta-100K,False,False,False,,main,False
,,,Si,Si (Silicon),transparent dielectric,main/Si/nk/Franta-150K.yml,Crystalline silicon,48.2547464786045,0.29150491372696363,,True,0.013579670565007388,,,30.0,,0.2,,3.8971760575976737,1,3.4318039301601164,3.5819889224750012,nan,"Franta et al. 2017: n,k 0.0310–310 µm; 150 K",Franta-150K,False,False,False,,main,False
,,,Si,Si (Silicon),transparent dielectric,main/Si/nk/Franta-200K.yml,Crystalline silicon,46.75478743776851,0.29150491372696363,,True,0.015261581494675432,,,30.0,,0.2,,3.908987982010174,1,3.438100678169703,3.5797314763127965,nan,"Franta et al. 2017: n,k 0.0310–310 µm; 200 K",Franta-200K,False,False,False,,main,False
,,,Si,Si (Silicon),transparent dielectric,main/Si/nk/Franta-250K.yml,Crystalline silicon,45.71949736573474,0.29150491372696363,,True,0.017723742131701737,,,30.0,,0.2,,3.924505717621087,1,3.4455509446562522,3.5844077501979394,nan,"Franta et al. 2017: n,k 0.0310–310 µm; 250 K",Franta-250K,False,False,False,,main,False
,,,Si,Si (Silicon),transparent dielectric,main/Si/nk/Franta-20C.yml,Crystalline silicon,46.033687395246425,0.29150491372696363,,True,0.020416325844114777,,,30.0,,0.2,,3.939957812295848,1,3.452634130197551,3.58404266071312,nan,"Franta et al. 2017: n,k 0.0310–310 µm; 20 °C",Franta-20C,True,False,False,,main,False
,,,Si,Si (Silicon),transparent dielectric,main/Si/nk/Franta-25C.yml,Crystalline silicon,45.847760239298836,0.29150491372696363,,True,0.0207535302366113,,,30.0,,0.2,,3.9419931684454346,1,3.4534879514426087,3.585193951388297,nan,"Franta et al. 2017: n,k 0.0310–310 µm; 25 °C",Franta-25C,True,False,False,,main,False
,,,Si,Si (Silicon),transparent dielectric,main/Si/nk/Franta-300K.yml,Crystalline silicon,45.77033634721809,0.29150491372696363,,True,0.020879168669815432,,,30.0,,0.2,,3.9427405065328913,1,3.453803665526978,3.585618549811162,nan,"Franta et al. 2017: n,k 0.0310–310 µm; 300 K",Franta-300K,False,False,False,,main,False
,,,Si,Si (Silicon),transparent dielectric,main/Si/nk/Franta-350K.yml,Crystalline silicon,44.031778724597054,0.29150491372696363,,True,0.024296725297781083,,,30.0,,0.2,,3.959142445483065,1,3.4626396305272893,3.5919495244692112,nan,"Franta et al. 2017: n,k 0.0310–310 µm; 350 K",Franta-350K,False,False,False,,main,False
,,,Si,Si (Silicon),transparent dielectric,main/Si/nk/Franta-400K.yml,Crystalline silicon,43.86740313714626,0.2951887096459138,,True,0.027725301274485647,,,30.0,,0.2,,3.974106063174587,1,3.47197527820669,3.5940390168682583,nan,"Franta et al. 2017: n,k 0.0310–310 µm; 400 K",Franta-400K,False,False,False,,main,False
,,,Si,Si (Silicon),transparent dielectric,main/Si/nk/Franta-450K.yml,Crystalline silicon,42.31589544499558,0.2951887096459138,,True,0.03206885311118651,,,30.0,,0.2,,3.9927730407909783,1,3.4816629610786936,3.597195525453928,nan,"Franta et al. 2017: n,k 0.0310–310 µm; 450 K",Franta-450K,False,False,False,,main,False
,,,Si,Si (Silicon),transparent dielectric,main/Si/nk/Franta-500K.yml,Crystalline silicon,40.82002913087057,0.2951887096459138,,True,0.03759407588268586,,,30.0,,0.2,,4.015342581111043,1,3.491714823096613,3.6056850942235394,nan,"Franta et al. 2017: n,k 0.0310–310 µm; 500 K",Franta-500K,False,False,False,,main,False
,,,Si,Si (Silicon),transparent dielectric,main/Si/nk/Shkondin.yml,Crystalline silicon,,,,True,,,,20.0,,2.0,,,,3.470410256205505,3.4698672176,nan,"Shkondin et al. 2017: n,k 2–20 µm",Shkondin,False,False,False,,main,False
,,,Si,Si (Silicon),transparent dielectric,main/Si/nk/Schinke.yml,Crystalline silicon,44.26449329023031,0.29556121053014006,,True,0.018521,,,1.45,,0.25,,3.931,1,nan,3.582466222355124,nan,"Schinke et al. 2015: n,k 0.25–1.45 µm",Schinke,False,False,False,,main,False
,,,Si,Si (Silicon),transparent dielectric,main/Si/nk/Green-2008.yml,Crystalline silicon,44.196505155459334,0.29556121053014006,,True,0.019934,,,1.45,,0.25,,3.94,1,nan,3.5859774815700827,nan,"Green 2008: n,k 0.25–1.45 µm",Green-2008,False,False,False,,main,False
,,,Si,Si (Silicon),transparent dielectric,main/Si/nk/Chandler-Horowitz.yml,Crystalline silicon,,,,True,,,,22.222,,6.25,,,,3.4203623317433185,nan,nan,"Chandler-Horowitz and Amirtharaj 2005: n 2.5–22.2 µm, k 6.25–23.3 µm",Chandler-Horowitz,False,False,False,,main,False
,,,Si,Si (Silicon),other,main/Si/nk/Sik-25C.yml,Crystalline silicon,46.06233809282042,0.29444940075202475,,True,0.07336666666666665,,,0.6199,,0.2883,,3.9554000000000005,1,nan,nan,nan,"Šik et al. 1998: n,k 0.29–0.62 µm; 25 °C",Sik-25C,True,False,False,,main,False
,,,Si,Si (Silicon),other,main/Si/nk/Sik-250C.yml,Crystalline silicon,42.98351936341333,0.2990039187252406,,True,0.09630000000000002,,,0.6199,,0.2883,,4.0492,1,nan,nan,nan,"Šik et al. 1998: n,k 0.29–0.62 µm; 250 °C",Sik-250C,True,False,False,,main,False
,,,Si,Si (Silicon),ENZ,main/Si/nk/Sik-500C.yml,Crystalline silicon,39.69855112784438,0.3047962622763737,,True,0.1572666666666667,,,0.6199,,0.2883,,4.153066666666667,1,nan,nan,nan,"Šik et al. 1998: n,k 0.29–0.62 µm; 500 °C",Sik-500C,True,False,False,,main,False
,,,Si,Si (Silicon),ENZ,main/Si/nk/Sik-700C.yml,Crystalline silicon,37.237021068098635,0.3101052494382598,,True,0.17363333333333336,,,0.6199,,0.2883,,4.241833333333333,1,nan,nan,nan,"Šik et al. 1998: n,k 0.29–0.62 µm; 700 °C",Sik-700C,True,False,False,,main,False
,,,Si,Si (Silicon),ENZ,main/Si/nk/Sik-850C.yml,Crystalline silicon,35.55052962463329,0.3124943867941165,,True,0.2343666666666667,,,0.6199,,0.2883,,4.343733333333334,1,nan,nan,nan,"Šik et al. 1998: n,k 0.29–0.62 µm; 850 °C",Sik-850C,True,False,False,,main,False
,,,Si,Si (Silicon),other,main/Si/nk/Green-1995.yml,Crystalline silicon,44.28172230922191,0.29434682527564066,,True,0.02,,,1.0,,0.25,,3.939,1,nan,nan,nan,"Green and Keevers 1995: n 0.25–1.45 µm, k 0.25–1.00 µm",Green-1995,False,False,False,,main,False
,,,Si,Si (Silicon),error,main/Si/nk/Daub.yml,Crystalline silicon,,,ValueError('/home/claude/rii/data/main/Si/nk/Daub.yml: no refractive-index data',,,,,,,,,,,,,,Daub 1995: k 0.94–1.42 µm,Daub,,,,,main,
,,,Si,Si (Silicon),transparent dielectric,main/Si/nk/Vuye-20C.yml,Crystalline silicon,45.876327064249764,0.294113425450128,,True,0.002394520547945209,,,0.8266,,0.2638,,3.9389630136986304,1,nan,nan,3.8764012194214317,"Vuye et al. 1993: n,k 0.26–0.83 µm; 20 °C",Vuye-20C,True,False,False,,main,False
,,,Si,Si (Silicon),transparent dielectric,main/Si/nk/Vuye-100C.yml,Crystalline silicon,46.07836996329413,0.29580204227576806,,True,0.0033424657534246514,,,0.8266,,0.2638,,3.9663904109589043,1,nan,3.6981879939687436,nan,"Vuye et al. 1993: n,k 0.26–0.83 µm; 100 °C",Vuye-100C,True,False,False,,main,False
,,,Si,Si (Silicon),transparent dielectric,main/Si/nk/Vuye-150C.yml,Crystalline silicon,45.76084880906988,0.2966499828384764,,True,0.0033424657534246514,,,0.8266,,0.2638,,3.9896452054794524,1,nan,3.7253416123051353,3.7478817433099763,"Vuye et al. 1993: n,k 0.26–0.83 µm; 150 °C",Vuye-150C,True,False,False,,main,False
,,,Si,Si (Silicon),other,main/Si/nk/Vuye-200C.yml,Crystalline silicon,44.99070632847069,0.29750035409162995,,True,0.004342465753424652,,,0.8266,,0.2638,,4.003567123287672,1,nan,nan,nan,"Vuye et al. 1993: n,k 0.26–0.83 µm; 200 °C",Vuye-200C,True,False,False,,main,False
,,,Si,Si (Silicon),transparent dielectric,main/Si/nk/Vuye-250C.yml,Crystalline silicon,44.809857685474555,0.29750035409162995,,True,0.006657534246575348,,,0.8266,,0.2638,,4.0187260273972605,1,nan,3.7501770153814187,3.7608906561497886,"Vuye et al. 1993: n,k 0.26–0.83 µm; 250 °C",Vuye-250C,True,False,False,,main,False
,,,Si,Si (Silicon),transparent dielectric,main/Si/nk/Vuye-300C.yml,Crystalline silicon,44.34577285966802,0.29835316300300047,,True,0.009972602739726045,,,0.8266,,0.2638,,4.0282041095890415,1,nan,3.751637037794626,3.8040957679469236,"Vuye et al. 1993: n,k 0.26–0.83 µm; 300 °C",Vuye-300C,True,False,False,,main,False
,,,Si,Si (Silicon),other,main/Si/nk/Vuye-350C.yml,Crystalline silicon,43.765996978443454,0.29835316300300047,,True,0.012315068493150696,,,0.8266,,0.2638,,4.041732876712329,1,nan,nan,nan,"Vuye et al. 1993: n,k 0.26–0.83 µm; 350 °C",Vuye-350C,True,False,False,,main,False
,,,Si,Si (Silicon),ENZ,main/Si/nk/Vuye-400C.yml,Crystalline silicon,43.410942404197,0.30006612177140335,,True,0.014972602739726046,,,0.8266,,0.2638,,4.062041095890411,1,nan,3.788259313843277,3.840055449256253,"Vuye et al. 1993: n,k 0.26–0.83 µm; 400 °C",Vuye-400C,True,False,False,,main,False
,,,Si,Si (Silicon),ENZ,main/Si/nk/Vuye-450C.yml,Crystalline silicon,42.50936924949805,0.30092628566407625,,True,0.02065753424657535,,,0.8266,,0.2638,,4.0872383561643835,1,nan,nan,nan,"Vuye et al. 1993: n,k 0.26–0.83 µm; 450 °C",Vuye-450C,True,False,False,,main,False
,,,Si,Si (Silicon),other,main/Si/nk/Jellison.yml,Crystalline silicon,46.29467241522637,0.29281640630672273,,True,0.019,,,0.84,,0.234,,3.937,1,nan,nan,nan,"Jellison 1992: n,k 0.234–0.840 µm",Jellison,False,False,False,,main,False
,,,Si,Si (Silicon),transparent dielectric,main/Si/nk/Edwards.yml,Crystalline silicon,,,,False,,,,25.0,,2.4373,,,,3.4433614523817826,nan,nan,Edwards and Ochoa 1980: n 2.5–25 µm,Edwards,False,False,False,,main,False
,,,Si,Si (Silicon),transparent dielectric,main/Si/nk/Li-100K.yml,Crystalline silicon,,,,False,,,,14.0,,1.2,,,,3.4239870572752635,3.4845,nan,Li 1980: n 1.2–14 µm; 100 K,Li-100K,False,False,False,,main,False
,,,Si,Si (Silicon),transparent dielectric,main/Si/nk/Li-150K.yml,Crystalline silicon,,,,False,,,,14.0,,1.2,,,,3.429686697755132,3.4915,nan,Li 1980: n 1.2–14 µm; 150 K,Li-150K,False,False,False,,main,False
,,,Si,Si (Silicon),transparent dielectric,main/Si/nk/Li-200K.yml,Crystalline silicon,,,,False,,,,14.0,,1.2,,,,3.4362865179950663,3.4995,nan,Li 1980: n 1.2–14 µm; 200 K,Li-200K,False,False,False,,main,False
,,,Si,Si (Silicon),transparent dielectric,main/Si/nk/Li-250K.yml,Crystalline silicon,,,,False,,,,14.0,,1.2,,,,3.443886158474935,3.5084,nan,Li 1980: n 1.2–14 µm; 250 K,Li-250K,False,False,False,,main,False
,,,Si,Si (Silicon),transparent dielectric,main/Si/nk/Li-293K.yml,Crystalline silicon,,,,False,,,,14.0,,1.2,,,,3.450985798954803,3.5167,nan,Li 1980: n 1.2–14 µm; 293 K,Li-293K,False,False,False,,main,False
,,,Si,Si (Silicon),transparent dielectric,main/Si/nk/Li-350K.yml,Crystalline silicon,,,,False,,,,14.0,,1.2,,,,3.461185619194737,3.5284,nan,Li 1980: n 1.2–14 µm; 350 K,Li-350K,False,False,False,,main,False
,,,Si,Si (Silicon),transparent dielectric,main/Si/nk/Li-400K.yml,Crystalline silicon,,,,False,,,,14.0,,1.2,,,,3.470785259674606,3.5393,nan,Li 1980: n 1.2–14 µm; 400 K,Li-400K,False,False,False,,main,False
,,,Si,Si (Silicon),transparent dielectric,main/Si/nk/Li-450K.yml,Crystalline silicon,,,,False,,,,14.0,,1.2,,,,3.48088507991454,3.5508,nan,Li 1980: n 1.2–14 µm; 450 K,Li-450K,False,False,False,,main,False
,,,Si,Si (Silicon),transparent dielectric,main/Si/nk/Li-500K.yml,Crystalline silicon,,,,False,,,,14.0,,1.2,,,,3.4914847203944084,3.5627,nan,Li 1980: n 1.2–14 µm; 500 K,Li-500K,False,False,False,,main,False
,,,Si,Si (Silicon),transparent dielectric,main/Si/nk/Li-550K.yml,Crystalline silicon,,,,False,,,,14.0,,1.2,,,,3.5022845406343426,3.5749,nan,Li 1980: n 1.2–14 µm; 550 K,Li-550K,False,False,False,,main,False
,,,Si,Si (Silicon),transparent dielectric,main/Si/nk/Li-600K.yml,Crystalline silicon,,,,False,,,,14.0,,1.2,,,,3.5134840013541453,3.5873,nan,Li 1980: n 1.2–14 µm; 600 K,Li-600K,False,False,False,,main,False
,,,Si,Si (Silicon),transparent dielectric,main/Si/nk/Li-650K.yml,Crystalline silicon,,,,False,,,,14.0,,1.2,,,,3.5246838215940794,3.5999,nan,Li 1980: n 1.2–14 µm; 650 K,Li-650K,False,False,False,,main,False
,,,Si,Si (Silicon),transparent dielectric,main/Si/nk/Li-700K.yml,Crystalline silicon,,,,False,,,,14.0,,1.2,,,,3.535983641834014,3.6126,nan,Li 1980: n 1.2–14 µm; 700 K,Li-700K,False,False,False,,main,False
,,,Si,Si (Silicon),transparent dielectric,main/Si/nk/Li-750K.yml,Crystalline silicon,,,,False,,,,14.0,,1.2,,,,3.5472832823138822,3.6252,nan,Li 1980: n 1.2–14 µm; 750 K,Li-750K,False,False,False,,main,False
,,,Si,Si (Silicon),transparent dielectric,main/Si/nk/Salzberg.yml,Crystalline silicon,,,,False,,,,11.04,,1.357,,,,3.4526164275400437,3.497513422824721,nan,Salzberg and Villa 1957: n 1.36–11 µm,Salzberg,False,False,False,,main,False
,,,Si,Si (Silicon),ENZ,main/Si/nk/Pierce.yml,Amorphous silicon (a-Si),18.360284994019096,0.31755340664271436,,True,0.541943161634103,,,2.066,,0.2,,4.275950266429841,1,3.442019591344324,3.6796482720336967,nan,"Pierce and Spicer 1972: n,k 0.0103–2.07 µm",Pierce,False,False,False,,main,False
,,,Si,Si (Silicon),ENZ,main/Si/nk/Karaman-20C.yml,Amorphous silicon (a-Si),29.01770267413249,0.31243952988312906,,True,0.33709,,,2.5,,0.21,,4.682428,1,3.736921681735943,4.088701693818628,nan,"Karaman et al. 2025: n,k 0.21–2.5 µm; 20 °C",Karaman-20C,True,False,False,,main,False
,,,Si,Si (Silicon),ENZ,main/Si/nk/Karaman-70C.yml,Amorphous silicon (a-Si),28.944694278205095,0.31243952988312906,,True,0.350948,,,2.5,,0.21,,4.690828,1,3.7429691677387105,4.093185746538288,nan,"Karaman et al. 2025: n,k 0.21–2.5 µm; 70 °C",Karaman-70C,True,False,False,,main,False
,,,Si,Si (Silicon),ENZ,main/Si/nk/Karaman-120C.yml,Amorphous silicon (a-Si),28.741148025375704,0.31243952988312906,,True,0.371077,,,2.5,,0.21,,4.70753,1,3.752715653741478,4.096675021798037,nan,"Karaman et al. 2025: n,k 0.21–2.5 µm; 120 °C",Karaman-120C,True,False,False,,main,False
,,,Si,Si (Silicon),ENZ,main/Si/nk/Karaman-170C.yml,Amorphous silicon (a-Si),28.879963623559124,0.31243952988312906,,True,0.389583,,,2.5,,0.21,,4.722676,1,3.765147511244938,4.101645776501786,nan,"Karaman et al. 2025: n,k 0.21–2.5 µm; 170 °C",Karaman-170C,True,False,False,,main,False
,,,Si,Si (Silicon),ENZ,main/Si/nk/Karaman-220C.yml,Amorphous silicon (a-Si),28.61586607541488,0.31243952988312906,,True,0.415901,,,2.5,,0.21,,4.742471,1,3.7774777402490893,4.103183293172815,nan,"Karaman et al. 2025: n,k 0.21–2.5 µm; 220 °C",Karaman-220C,True,False,False,,main,False
,,,Si,Si (Silicon),transparent dielectric,main/Si/nk/Franta.yml,Amorphous silicon (a-Si),25.013061580964905,0.29999233439431144,,True,0.13864179982502192,,,26.9153,,0.2,,4.409826405074366,1,3.5872070732797035,3.745441329565861,nan,"Franta et al. 2013: n,k 0.138–26.9 µm",Franta,False,False,False,,main,False
,,,Bi12SiO20,"Bi12SiO20 (Bismuth silicate, BSO)",transparent dielectric,main/Bi12SiO20/nk/Gospodinov.yml,"Si - Silicon, silicides and silicates",,,,False,,,,0.7,,0.48,,,,nan,nan,2.661477400693858,Gospodinov et al. 1988: n 0.48–0.70 µm,Gospodinov,False,False,False,,main,False
1.299828667249927,,47.72613550988403,Sn,Sn (Tin),metal,main/Sn/nk/Golovashkin-293K.yml,Sn - Tin,,,,True,nan,0.73,0.7997187780887891,12.0,0.73,0.73,,nan,,nan,nan,nan,"Golovashkin and Motulevich 1964: n,k 0.73–12 µm; 293 K",Golovashkin-293K,False,False,True,,main,True
1.2662452219462117,,46.74530116972235,Sn,Sn (Tin),metal,main/Sn/nk/Golovashkin-78K.yml,Sn - Tin,,,,True,nan,0.7997187780887891,0.7997187780887891,12.0,0.73,0.73,,nan,,nan,nan,nan,"Golovashkin and Motulevich 1964: n,k 0.73–12 µm; 78 K",Golovashkin-78K,False,False,True,,main,True
1.0979558699230392,,54.19718785555406,Sn,Sn (Tin),metal,main/Sn/nk/Golovashkin-4.2K.yml,Sn - Tin,,,,True,,0.93,0.93,12.0,0.93,0.93,,,,nan,nan,nan,"Golovashkin and Motulevich 1964: n,k 0.73–12 µm; 4.2 K",Golovashkin-4.2K,False,False,True,,main,True
,,,Sr,Sr (Strontium),other,main/Sr/nk/Rodriguez-de Marcos.yml,Sr - Strontium,1.494080965456468,0.21098402136934127,,True,,,,0.212037407,,0.2,,,1,nan,nan,nan,"Rodríguez-de Marcos et al. 2012: n,k 0.00101–0.212 µm",Rodriguez-de_Marcos,False,False,False,,main,False
4.695296056708516,,394.73705698901847,Ta,Ta (Tantalum),metal,main/Ta/nk/Werner.yml,Experimental data,,,,True,5.361324236353077,0.9995348937816277,0.9995348937816277,2.479684,0.35068219523596905,0.2,,1.080438092334495,,nan,nan,nan,"Werner et al. 2009: n,k 0.0176–2.48 µm",Werner,False,False,True,,main,True
2.368124319908373,,53.60250659290083,Ta,Ta (Tantalum),metal,main/Ta/nk/Ordal.yml,Experimental data,,,,True,nan,0.9956927660754135,0.9956927660754135,30.0,0.667,0.667,,nan,,nan,nan,nan,"Ordal et al. 1988: n,k 0.667–125 µm",Ordal,False,False,True,,main,True
,,,Ta,Ta (Tantalum),error,main/Ta/nk/Windt.yml,Experimental data,,,range outside 0.2-30 um,,,,,,,,,,,,,,"Windt et al. 1988: n,k 0.0024–0.122 µm",Windt,,,,,main,
3.446033619975113,,117.37445089987901,Ta,Ta (Tantalum),metal,main/Ta/nk/Werner-DFT.yml,Models and simulations,19.299485390276015,0.23864781279127192,,True,2.213788382694541,0.9995348937816277,0.9995348937816277,2.479684,0.6071792261873779,0.2,,1.8061234436701517,2,nan,nan,nan,"Werner et al. 2009: DFT calculations; n,k 0.0176–2.48 µm",Werner-DFT,False,False,True,,main,True
,,,KTaO3,KTaO3 (Potassium tantalate),transparent dielectric,main/KTaO3/nk/Fujii.yml,Ta - Tantalum and Tantalates,,,,False,,,,1.06,,0.4,,,,nan,2.1937800285822644,2.3834208746297088,Fujii and Sakudo 1976: n 0.4–1.06 µm,Fujii,False,False,False,,main,False
,,,LiTaO3,LiTaO3 (Lithium tantalate),transparent dielectric,main/LiTaO3/nk/Bond-o.yml,Ta - Tantalum and Tantalates,,,,False,,,,4.0,,0.45,,,,2.1064167538158696,2.15345914278545,2.242,Bond et al. 1965: n(o) 0.45–4.0 µm,Bond-o,False,False,False,,main,False
,,,LiTaO3,LiTaO3 (Lithium tantalate),transparent dielectric,main/LiTaO3/nk/Bond-e.yml,Ta - Tantalum and Tantalates,,,,False,,,,4.0,,0.45,,,,2.1113006795891915,2.1574550849614673,2.2468,Bond et al. 1965: n(e) 0.45–4.0 µm,Bond-e,False,False,False,,main,False
,,,Te,Te (Tellurium),transparent dielectric,main/Te/nk/Sherman-o.yml,Crystal,,,,False,,,,30.0,,8.5,,,,4.804401436535731,nan,nan,Sherman et al. 1970: n(o) 8.5–30.3 µm,Sherman-o,False,False,False,,main,False
,,,Te,Te (Tellurium),transparent dielectric,main/Te/nk/Sherman-e.yml,Crystal,,,,False,,,,30.0,,8.5,,,,6.263445062160838,nan,nan,Sherman et al. 1970: n(e) 8.5–30.3 µm,Sherman-e,False,False,False,,main,False
,,,Te,Te (Tellurium),transparent dielectric,main/Te/nk/Caldwell-o.yml,Crystal,,,,False,,,,14.0,,4.0,,,,4.928713381554928,nan,nan,Caldwell and Fan 1959: n(o) 4.0–14 µm,Caldwell-o,False,False,False,,main,False
,,,Te,Te (Tellurium),transparent dielectric,main/Te/nk/Caldwell-e.yml,Crystal,,,,False,,,,14.0,,4.0,,,,6.372164791531396,nan,nan,Caldwell and Fan 1959: n(e) 4.0–14 µm,Caldwell-e,False,False,False,,main,False
0.3116136224406849,,0.7224059073884059,Te,Te (Tellurium),absorber (visible),main/Te/nk/Ciesielski.yml,Thin film,3.397209715057343,0.24618158277792052,,True,2.666062176165803,0.3500561927860203,0.3500561927860203,2.0,0.3500561927860203,0.2,,3.997906735751295,2,nan,nan,nan,"Ciesielski et al. 2018: 30-nm film; n,k 0.2–2 µm",Ciesielski,False,False,True,,main,False
0.7677530697207734,,3.167605880652862,Te,Te (Tellurium),ENZ,main/Te/nk/Guo-o.yml,Tellurium (2D Te),18.1063525997063,0.6662057740727739,,True,3.13091,0.4,0.4793105564636281,0.9,0.4,0.4,,2.38639,1,nan,nan,nan,"Guo et al. 2022: n,k(o) 0.400–0.900 µm",Guo-o,False,False,True,,main,False
1.3240128163717892,,9.020649593210631,Te,Te (Tellurium),metal,main/Te/nk/Guo-e.yml,Tellurium (2D Te),25.581669676725145,0.8365013441292969,,True,3.78764,0.4,0.5104809568343323,0.9,0.4,0.4,,1.9539,1,nan,nan,nan,"Guo et al. 2022: n,k(e) 0.400–0.900 µm",Guo-e,False,False,True,,main,True
0.7367972791297445,,7.283217692906058,Bi2Te3,Bi2Te3 (Bismuth telluride),metal,main/Bi2Te3/nk/Ermolaev.yml,Thin film,50.27466007010221,0.8353327105840342,,True,4.33963,0.45,0.45,1.5,0.45,0.45,,2.72024,1,nan,nan,nan,"Ermolaev et al. 2024: CVD flakes; n,k 0.450–1.50 µm",Ermolaev,False,False,True,,main,True
,,,CdTe,CdTe (Cadmium telluride),transparent dielectric,main/CdTe/nk/Marple.yml,Experimental data,,,,False,,,,2.5,,0.86,,,,2.713613983373829,2.951080446717415,nan,Marple 1964: n 0.86–2.5 µm,Marple,False,False,False,,main,False
,,,CdTe,CdTe (Cadmium telluride),absorber (visible),main/CdTe/nk/Treharne.yml,Experimental data,,,,True,0.3076674611074551,,,1.4979382,,0.30141754,,2.954917518670678,,nan,2.7807461357194,nan,"Treharne et al. 2011: n,k 0.3–1.5 µm",Treharne,False,False,False,,main,False
,,,CdTe,CdTe (Cadmium telluride),transparent dielectric,main/CdTe/nk/DeBell-300K.yml,Experimental data,,,,False,,,,22.0,,6.0,,,,2.68197832964915,nan,nan,DeBell et al. 1979: n 6–22 µm; 300 K,DeBell-300K,False,False,False,,main,False
,,,CdTe,CdTe (Cadmium telluride),transparent dielectric,main/CdTe/nk/DeBell-80K.yml,Experimental data,,,,False,,,,22.0,,6.0,,,,2.6592600217243425,nan,nan,DeBell et al. 1979: n 6–22 µm; 80 K,DeBell-80K,False,False,False,,main,False
,,,CdTe,CdTe (Cadmium telluride),transparent dielectric,main/CdTe/nk/DeBell-20K.yml,Experimental data,,,,False,,,,22.0,,6.0,,,,2.656083845308662,nan,nan,DeBell et al. 1979: n 6–22 µm; 20 K,DeBell-20K,False,False,False,,main,False
,,,CdTe,CdTe (Cadmium telluride),absorber (visible),main/CdTe/nk/Adachi.yml,Models and simulations,11.284874256085079,0.24021793413410117,,True,0.34711969348659005,,,1.1271,,0.2214,,3.0141823754789274,1,nan,nan,nan,"Adachi et al. 1993: n,k 0.221–1.13 µm",Adachi,False,False,False,,main,False
0.46699381828109904,,1.9266423055335955,Ge2Sb2Te5,"Ge2Sb2Te5 (Germanium antimony telluride, GST)",ENZ,main/Ge2Sb2Te5/nk/Frantz-crystal.yml,Crystal,24.602551022889433,0.585104673013846,,True,3.5307735849056603,0.35028,0.35028,30.0,0.35028,0.35028,,3.6112830188679244,1,nan,nan,nan,"Frantz et al. 2024: n,k 0.350–32.4 µm",Frantz-crystal,True,False,True,,main,False
,,,Ge2Sb2Te5,"Ge2Sb2Te5 (Germanium antimony telluride, GST)",absorber (visible),main/Ge2Sb2Te5/nk/Frantz-amorphous.yml,Amorphous,,,,True,1.7991320754716982,,,29.628,,0.35028,,3.9256415094339623,,3.8973432051998693,4.021745261303535,nan,"Frantz et al. 2024: n,k 0.350–29.6 µm",Frantz-amorphous,True,False,False,,main,False
,,,MoTe2,MoTe2 (Molybdenum ditelluride),absorber (visible),main/MoTe2/nk/Beal.yml,Bulk,9.740675440340826,0.27327019630425814,,True,1.5271896551724138,,,1.216,,0.2,,3.8798965517241375,1,nan,nan,nan,"Beal and Huges 1979: n,k 0.069–1.22 µm",Beal,False,False,False,,main,False
,,,MoTe2,MoTe2 (Molybdenum ditelluride),ENZ,main/MoTe2/nk/Munkhbat-o.yml,Multilayer flakes,15.699968416496384,0.3215341733118665,,True,1.901212,,,1.69,,0.3,,4.374367,1,nan,4.994377389607907,nan,"Munkhbat et al. 2022: multilayer flakes; n(o),k 0.30–1.69 µm",Munkhbat-o,False,False,False,,main,False
,,,MoTe2,MoTe2 (Molybdenum ditelluride),transparent dielectric,main/MoTe2/nk/Munkhbat-e.yml,Multilayer flakes,,,,False,,,,1.69,,0.3,,,,nan,3.3387474838229276,3.5036930547100837,Munkhbat et al. 2022: multilayer flakes; n(e) 0.30–1.69 µm,Munkhbat-e,False,False,False,,main,False
,,,PbTe,PbTe (Lead telluride),transparent dielectric,main/PbTe/nk/Weiting-300K.yml,Te - Tellurium and tellurides,,,,False,,,,12.51,,4.099,,,,5.981343973804244,nan,nan,Weiting and Yixun 1990: n 4.10–12.5 µm; 300 K,Weiting-300K,False,False,False,,main,False
,,,PbTe,PbTe (Lead telluride),transparent dielectric,main/PbTe/nk/Weiting-130K.yml,Te - Tellurium and tellurides,,,,False,,,,12.51,,5.189,,,,6.310621924039574,nan,nan,Weiting and Yixun 1990: n 5.19–12.5 µm; 130 K,Weiting-130K,False,False,False,,main,False
,,,PbTe,PbTe (Lead telluride),transparent dielectric,main/PbTe/nk/Weiting-80K.yml,Te - Tellurium and tellurides,,,,False,,,,12.51,,5.189,,,,6.444045909633494,nan,nan,Weiting and Yixun 1990: n 5.19–12.5 µm; 80 K,Weiting-80K,False,False,False,,main,False
,,,WTe2,WTe2 (Tungsten ditelluride),absorber (visible),main/WTe2/nk/Munkhbat-alpha.yml,Multilayer flakes,,,,True,1.352898,,,1.69,,0.3,,3.428958,,nan,nan,nan,"Munkhbat et al. 2022: multilayer flakes; n(α),k(α) 0.30–1.69 µm",Munkhbat-α,False,False,False,,main,False
,,,WTe2,WTe2 (Tungsten ditelluride),absorber (visible),main/WTe2/nk/Munkhbat-beta.yml,Multilayer flakes,,,,True,1.419541,,,1.69,,0.3,,3.15522,,nan,nan,nan,"Munkhbat et al. 2022: multilayer flakes; n(β),k(β) 0.30–1.69 µm",Munkhbat-β,False,False,False,,main,False
,,,WTe2,WTe2 (Tungsten ditelluride),transparent dielectric,main/WTe2/nk/Munkhbat-gamma.yml,Multilayer flakes,,,,False,,,,1.69,,0.3,,,,nan,2.4553161050663306,2.5434543298190224,Munkhbat et al. 2022: multilayer flakes; n(γ) 0.30–1.69 µm,Munkhbat-γ,False,False,False,,main,False
,,,ZnTe,ZnTe (Zinc telluride),transparent dielectric,main/ZnTe/nk/Marple.yml,Experimental data,,,,False,,,,2.5,,0.58,,,,2.7184554881008167,2.852516380753708,3.078743664458009,Marple 1964: n 0.58–2.5 µm,Marple,False,False,False,,main,False
,,,ZnTe,ZnTe (Zinc telluride),transparent dielectric,main/ZnTe/nk/Li.yml,Experimental data,,,,False,,,,30.0,,0.55,,,,2.7185833633536913,2.8504943510149103,3.153440791511049,Li 1984: n 0.55–30 µm;,Li,False,False,False,,main,False
,,,ZnTe,ZnTe (Zinc telluride),other,main/ZnTe/nk/Sato.yml,Models and simulations,14.966365040750818,0.23651252589172134,,True,0.07046551046025105,,,0.82656,,0.2214,,3.0743987447698746,1,nan,nan,nan,"Sato and Adachi 1993: n,k 0.221–0.827 µm",Sato,False,False,False,,main,False
0.5574657391304232,,2.484831192033986,ZrTe5,ZrTe5 (Zirconium pentatelluride),metal,main/ZrTe5/nk/Guo-alpha.yml,Te - Tellurium and tellurides,5.016247167191229,0.315250329036595,,True,1.71693,0.7369206990912455,0.7759467180987822,1.3,0.6401760912027046,0.2,,1.33345,2,nan,nan,nan,"Guo et al. 2021: n,k(α) 0.193–1.30 µm",Guo-α,False,False,True,,main,True
,,,ZrTe5,ZrTe5 (Zirconium pentatelluride),other,main/ZrTe5/nk/Guo-beta.yml,Te - Tellurium and tellurides,,,,True,0.08229,,,1.3,,0.2,,1.31639,,nan,nan,nan,"Guo et al. 2021: n,k(β) 0.193–1.30 µm",Guo-β,False,False,False,,main,False
0.35309957989841495,,1.3291788889212857,ZrTe5,ZrTe5 (Zirconium pentatelluride),metal,main/ZrTe5/nk/Guo-gamma.yml,Te - Tellurium and tellurides,5.654526429296729,0.3561454056341526,,True,1.89028,0.7579577823261768,0.7795954171151347,1.3,0.6836325395442818,0.2,,1.75192,4,nan,nan,nan,"Guo et al. 2021: n,k(γ) 0.193–1.30 µm",Guo-γ,False,False,True,,main,True
0.48074987975886935,,2.4834989687138656,Ti,Ti (Titanium),metal,main/Ti/nk/Johnson.yml,Experimental data,,,,True,3.652,0.3513187519015399,0.7034212796043836,1.937,0.3513187519015399,0.2,,2.636,,nan,nan,nan,"Johnson and Christy 1974: n,k 0.188–1.94 µm",Johnson,False,False,True,,main,True
,,,Ti,Ti (Titanium),absorber (visible),main/Ti/nk/Palm.yml,Experimental data,2.717378616301737,0.24503681819734258,,True,2.206578054207113,,,1.684528687,,0.226076263,,1.9708710294534706,2,nan,nan,nan,"Palm et al. 2018: n,k 0.226–1.68 µm",Palm,False,False,False,,main,False
11.43421006449183,,596.304000159147,Ti,Ti (Titanium),metal,main/Ti/nk/Werner.yml,Experimental data,,,,True,4.753422986353077,0.7109246412617208,0.993247986702793,2.479684,0.35068219523596905,0.2,,0.2614670659117306,,nan,nan,nan,"Werner et al. 2009: n,k 0.01759–2.480 µm",Werner,False,False,True,,main,True
0.2485501690332506,,0.8879233664516867,Ti,Ti (Titanium),metal,main/Ti/nk/Ordal.yml,Experimental data,21.182521049176813,0.8879963975055191,,True,nan,0.667,0.667,30.0,0.667,0.667,,nan,2,nan,nan,nan,"Ordal et al. 1988: n,k 0.667–200 µm",Ordal,False,False,True,,main,True
,,,Ti,Ti (Titanium),error,main/Ti/nk/Windt.yml,Experimental data,,,range outside 0.2-30 um,,,,,,,,,,,,,,"Windt et al. 1988: n,k 0.0024–0.122 µm",Windt,,,,,main,
0.35005402444866274,,1.1515243419595176,Ti,Ti (Titanium),metal,main/Ti/nk/Mash.yml,Experimental data,,,,True,3.02,0.41983790438843493,0.4625140756536543,10.0,0.4,0.4,,2.3899999999999997,,nan,nan,nan,"Mash and Motulevich 1973: n,k 0.4–10 µm",Mash,False,False,True,,main,True
2.2614441990985163,,13.363710527210257,Ti,Ti (Titanium),metal,main/Ti/nk/Rakic-BB.yml,Models and simulations,,,,True,3.0800513365318714,0.3513782978384058,0.3513782978384058,30.0,0.3513782978384058,0.24797,,1.9860979437971213,,nan,nan,nan,"Rakić et al. 1998: Brendel-Bormann model; n,k 0.248–31.0 µm",Rakic-BB,False,False,True,,main,True
1.183307527186168,,5.3066634651091515,Ti,Ti (Titanium),metal,main/Ti/nk/Rakic-LD.yml,Models and simulations,,,,True,3.09711384083045,0.3513782978384058,0.37765397844734383,30.0,0.3513782978384058,0.24797,,1.9513948096885811,,nan,nan,nan,"Rakić et al. 1998: Lorentz-Drude model; n,k 0.248–31.0 µm",Rakic-LD,False,False,True,,main,True
0.3186163796182377,,1.5963571382987647,Ti,Ti (Titanium),ENZ,main/Ti/nk/Werner-DFT.yml,Models and simulations,34.73485234626651,0.7383549090170868,,True,3.899153726771196,0.35068219523596905,0.35068219523596905,2.479684,0.35068219523596905,0.2,,3.357755708478513,1,nan,nan,nan,"Werner et al. 2009: DFT calculations; n,k 0.0176–2.48 µm",Werner-DFT,False,False,True,,main,False
,,,BaTiO3,BaTiO3 (Barium titanate),transparent dielectric,main/BaTiO3/nk/Wemple-o.yml,Bulk,,,,False,,,,0.7,,0.4,,,,nan,nan,2.6599275738888277,Wemple et al. 1968: n(o) 0.4–0.7 µm,Wemple-o,False,False,False,,main,False
,,,BaTiO3,BaTiO3 (Barium titanate),transparent dielectric,main/BaTiO3/nk/Wemple-e.yml,Bulk,,,,False,,,,0.7,,0.4,,,,nan,nan,2.5750354042100065,Wemple et al. 1968: n(e) 0.4–0.7 µm,Wemple-e,False,False,False,,main,False
,,,BaTiO3,BaTiO3 (Barium titanate),transparent dielectric,main/BaTiO3/nk/Johnston-unclamped.yml,Bulk,,,,False,,,,1.0,,0.4,,,,nan,2.3688865834724417,2.695484976591399,Johnston 1971: Unclamped measurements; n 0.4–1.0 µm,Johnston-x,False,False,False,,main,False
,,,BaTiO3,BaTiO3 (Barium titanate),other,main/BaTiO3/nk/Johnston-clamped.yml,Bulk,,,,True,0.17192,,,1.0,,0.4,,2.4053,,nan,nan,nan,"Johnston 1971: Clamped measurements; n,k 0.4–1.0 µm",Johnston-x-clamped,False,False,False,,main,False
,,,BaTiO3,BaTiO3 (Barium titanate),transparent dielectric,main/BaTiO3/nk/Wohlecke-a-300K.yml,Thin film,,,,False,,,,1.0,,0.3,,,,nan,1.951811787396234,2.0531348939767473,Wöhlecke et al. 1977: Amorphous; n 0.3–1.0 µm; 300 K,Wohlecke-a-300K,True,False,False,,main,False
,,,BaTiO3,BaTiO3 (Barium titanate),transparent dielectric,main/BaTiO3/nk/Wohlecke-a-500K.yml,Thin film,,,,False,,,,1.0,,0.3,,,,nan,1.9448861708325234,2.0455996790187383,Wöhlecke et al. 1977: Amorphous; n 0.3–1.0 µm; 500K,Wohlecke-a-500K,True,False,False,,main,False
,,,BaTiO3,BaTiO3 (Barium titanate),transparent dielectric,main/BaTiO3/nk/Wohlecke-mx.yml,Thin film,,,,False,,,,1.0,,0.3,,,,nan,2.0181646919603726,2.147871921225375,Wöhlecke et al. 1977: Microcrystalline; n 0.3–1.0 µm,Wohlecke-mx,True,False,False,,main,False
,,,BaTiO3,BaTiO3 (Barium titanate),transparent dielectric,main/BaTiO3/nk/Timpu.yml,Thin film,,,,False,,,,0.8,,0.35,,,,nan,2.2274,2.5059186328644243,Timpu et al. 2019: n 0.4–0.8 µm,Timpu,False,False,False,,main,False
,,,Bi4Ti3O12,"Bi4Ti3O12 (Bismuth titanate, BTO)",transparent dielectric,main/Bi4Ti3O12/nk/Simon-a.yml,Ti - Titanium and titanates,,,,False,,,,0.7,,0.45,,,,nan,nan,2.8138901123372246,Simon et al. 1997: n(a); 0.45–0.70 µm,Simon-a,True,False,False,,main,False
,,,Bi4Ti3O12,"Bi4Ti3O12 (Bismuth titanate, BTO)",transparent dielectric,main/Bi4Ti3O12/nk/Simon-b.yml,Ti - Titanium and titanates,,,,False,,,,0.7,,0.45,,,,nan,nan,2.9504722204371325,Simon et al. 1997: n(b); 0.45–0.70 µm,Simon-b,False,False,False,,main,False
,,,PbTiO3,PbTiO3 (Lead titanate),transparent dielectric,main/PbTiO3/nk/Singh-o.yml,Ti - Titanium and titanates,,,,False,,,,1.15,,0.45,,,,nan,2.611495408148575,2.8521072632089464,Singh et al. 1972: n(o) 0.45–1.15 µm,Singh-o,False,False,False,,main,False
,,,PbTiO3,PbTiO3 (Lead titanate),transparent dielectric,main/PbTiO3/nk/Singh-e.yml,Ti - Titanium and titanates,,,,False,,,,1.15,,0.45,,,,nan,2.6061540206544516,2.827460873558318,Singh et al. 1972: n(e) 0.45–1.15 µm,Singh-e,False,False,False,,main,False
,,,SrTiO3,"SrTiO3 (Strontium titanate, STO)",transparent dielectric,main/SrTiO3/nk/Bond.yml,Bulk,,,,False,,,,3.8,,0.43,,,,2.2675181481364937,2.341979550531668,2.580263664836334,Bond 1965: n 0.43–3.8 µm,Bond,False,False,False,,main,False
,,,SrTiO3,"SrTiO3 (Strontium titanate, STO)",transparent dielectric,main/SrTiO3/nk/Wohlecke-a.yml,Thin film,,,,False,,,,1.0,,0.3,,,,nan,1.9763179535924893,2.089884136538874,Wöhlecke et al. 1977: Amorphous; n 0.3–1.0 µm,Wohlecke-a,True,False,False,,main,False
,,,SrTiO3,"SrTiO3 (Strontium titanate, STO)",transparent dielectric,main/SrTiO3/nk/Wohlecke-mx.yml,Thin film,,,,False,,,,1.0,,0.3,,,,nan,2.0248421962843626,2.159757807280861,Wöhlecke et al. 1977: Microcrystalline; n 0.3–1.0 µm,Wohlecke-mx,True,False,False,,main,False
0.24260367319359372,,0.5046287763479818,Tm,Tm (Thulium),other,main/Tm/nk/Vidal-Dasilva.yml,Tm - Thulium,4.458047275110325,0.25915334605353624,,True,nan,0.42660693979098985,0.44870520842116685,0.480311785,0.42660693979098985,0.2,,nan,1,nan,nan,nan,"Vidal-Dasilva et al. 2009: n,k 0.000775–0.480 µm",Vidal-Dasilva,False,False,True,,main,False
0.2944796786563754,,1.4375147260514998,V,V (Vanadium),metal,main/V/nk/Johnson.yml,Experimental data,24.18802544060699,0.4263142706582929,,True,3.0102857142857142,0.3513187519015399,0.3513187519015399,1.937,0.3513187519015399,0.2,,3.680857142857143,2,nan,nan,nan,"Johnson and Christy 1974: n,k 0.188–1.937 µm",Johnson,False,False,True,,main,True
,,,V,V (Vanadium),ENZ,main/V/nk/Palm.yml,Experimental data,8.4305973213312,0.39517405336432715,,True,2.186228656648458,,,1.684528687,,0.301107483,,2.760436584436867,1,nan,nan,nan,"Palm et al. 2018: n,k 0.301–1.68 µm",Palm,False,False,False,,main,False
18.721524349661742,,1572.4871996054858,V,V (Vanadium),metal,main/V/nk/Werner.yml,Experimental data,,,,True,5.036742996515679,0.9995348937816277,0.9995348937816277,2.479684,0.35068219523596905,0.2,,0.5071775914634148,,nan,nan,nan,"Werner et al. 2009: n,k 0.0176–2.48 µm",Werner,False,False,True,,main,True
1.1162951150180118,,15.941841729214627,V,V (Vanadium),metal,main/V/nk/Werner-DFT.yml,Models and simulations,31.9801366133542,0.3978497111281727,,True,3.0712440331010455,0.9995348937816277,0.9995348937816277,2.479684,0.35068219523596905,0.2,,3.840346692799071,2,nan,nan,nan,"Werner et al. 2009: DFT calculations; n,k 0.0176–2.48 µm",Werner-DFT,False,False,True,,main,True
,,,YVO4,YVO4 (Yttrium orthovanadate),transparent dielectric,main/YVO4/nk/Birnbaum-o.yml,V - Vanadium and vanadates,,,,False,,,,3.39,,0.488,,,,1.945534705963292,1.9716749440041323,2.0294216863314487,Birnbaum and DeShazer 1976: n(o) 0.488–3.39 µm,Birnbaum-o,False,False,False,,main,False
,,,YVO4,YVO4 (Yttrium orthovanadate),transparent dielectric,main/YVO4/nk/Birnbaum-e.yml,V - Vanadium and vanadates,,,,False,,,,3.39,,0.488,,,,2.1498586701302838,2.1868394545392977,2.2699825994146527,Birnbaum and DeShazer 1976: n(e) 0.488–3.39 µm,Birnbaum-e,False,False,False,,main,False
,,,YVO4,YVO4 (Yttrium orthovanadate),transparent dielectric,main/YVO4/nk/Shi-o-20C.yml,V - Vanadium and vanadates,,,,False,,,,1.34,,0.48,,,,nan,1.9725253344537315,2.039167796420738,Shi et al. 2001: n(o) 0.48–1.34 µm; 20 °C,Shi-o-20C,True,False,False,,main,False
,,,YVO4,YVO4 (Yttrium orthovanadate),transparent dielectric,main/YVO4/nk/Shi-e-20C.yml,V - Vanadium and vanadates,,,,False,,,,1.34,,0.48,,,,nan,2.1866677291905616,2.2828619585388537,Shi et al. 2001: n(e) 0.48–1.34 µm; 20 °C,Shi-e-20C,True,False,False,,main,False
,,,YVO4,YVO4 (Yttrium orthovanadate),transparent dielectric,main/YVO4/nk/Shi-o-50C.yml,V - Vanadium and vanadates,,,,False,,,,1.34,,0.48,,,,nan,1.973054040506705,2.040024894107067,Shi et al. 2001: n(o) 0.48–1.34 µm; 50 °C,Shi-o-50C,True,False,False,,main,False
,,,YVO4,YVO4 (Yttrium orthovanadate),transparent dielectric,main/YVO4/nk/Shi-e-50C.yml,V - Vanadium and vanadates,,,,False,,,,1.34,,0.48,,,,nan,2.186993023060737,2.2835913679236106,Shi et al. 2001: n(e) 0.48–1.34 µm; 50 °C,Shi-e-50C,True,False,False,,main,False
,,,YVO4,YVO4 (Yttrium orthovanadate),transparent dielectric,main/YVO4/nk/Shi-o-80C.yml,V - Vanadium and vanadates,,,,False,,,,1.34,,0.48,,,,nan,1.9735770506431924,2.0408822868072156,Shi et al. 2001: n(o) 0.48–1.34 µm; 80 °C,Shi-o-80C,True,False,False,,main,False
,,,YVO4,YVO4 (Yttrium orthovanadate),transparent dielectric,main/YVO4/nk/Shi-e-80C.yml,V - Vanadium and vanadates,,,,False,,,,1.34,,0.48,,,,nan,2.187322817839312,2.284312108083122,Shi et al. 2001: n(e) 0.48–1.34 µm; 80 °C,Shi-e-80C,True,False,False,,main,False
,,,YVO4,YVO4 (Yttrium orthovanadate),transparent dielectric,main/YVO4/nk/Shi-o-110C.yml,V - Vanadium and vanadates,,,,False,,,,1.34,,0.48,,,,nan,1.9740998184150307,2.0417525768839586,Shi et al. 2001: n(o) 0.48–1.34 µm; 110 °C,Shi-o-110C,True,False,False,,main,False
,,,YVO4,YVO4 (Yttrium orthovanadate),transparent dielectric,main/YVO4/nk/Shi-e-110C.yml,V - Vanadium and vanadates,,,,False,,,,1.34,,0.48,,,,nan,2.18764362180837,2.2850441278015303,Shi et al. 2001: n(e) 0.48–1.34 µm; 110 °C,Shi-e-110C,True,False,False,,main,False
,,,YVO4,YVO4 (Yttrium orthovanadate),transparent dielectric,main/YVO4/nk/Shi-o-140C.yml,V - Vanadium and vanadates,,,,False,,,,1.34,,0.48,,,,nan,1.9746145321623436,2.0426101770663783,Shi et al. 2001: n(o) 0.48–1.34 µm; 140 °C,Shi-o-140C,True,False,False,,main,False
,,,YVO4,YVO4 (Yttrium orthovanadate),transparent dielectric,main/YVO4/nk/Shi-e-140C.yml,V - Vanadium and vanadates,,,,False,,,,1.34,,0.48,,,,nan,2.1525636803054082,2.1699766813691284,Shi et al. 2001: n(e) 0.48–1.34 µm; 140 °C,Shi-e-140C,True,False,False,,main,False
4.286516048737132,,359.14833880697967,W,W (Tungsten),metal,main/W/nk/Werner.yml,Experimental data,,,,True,6.0434347662601615,0.7109246412617208,0.8271608372793305,2.479684,0.35068219523596905,0.2,,1.0477019250871085,,nan,nan,nan,"Werner et al. 2009: n,k 0.0176–2.48 µm",Werner,False,False,True,,main,True
0.09548126323650995,,0.19176806890197232,W,W (Tungsten),metal,main/W/nk/Ordal.yml,Experimental data,20.3870659422695,0.9493167058786243,,True,nan,0.9956927660754135,0.9956927660754135,30.0,0.9956927660754135,0.667,,nan,1,nan,nan,nan,"Ordal et al. 1988: n,k 0.667–200 µm",Ordal,False,False,True,,main,True
,,,W,W (Tungsten),error,main/W/nk/Windt.yml,Experimental data,,,range outside 0.2-30 um,,,,,,,,,,,,,,"Windt et al. 1988: n,k 0.0024–0.122 µm",Windt,,,,,main,
0.12927611996283644,,0.3375911571034888,W,W (Tungsten),metal,main/W/nk/Weaver.yml,Experimental data,21.259693759928833,0.2380706541937775,,True,2.8606666666666665,0.9966991750750454,0.9966991750750454,4.11,0.9817108443605891,0.2,,3.5575555555555556,2,nan,nan,nan,"Weaver et al. 1975: n,k 0.0443–4.11 µm",Weaver,False,False,True,,main,True
0.12232651738919108,,0.30340393348995837,W,W (Tungsten),metal,main/W/nk/Rakic-BB.yml,Models and simulations,19.68096912842699,0.9407857218386987,,True,2.7908741659538068,0.9977893756423184,0.9977893756423184,12.398,0.9880543829699658,0.24797,,3.5976402053036782,1,nan,nan,nan,"Rakić et al. 1998: Brendel-Bormann model; n,k 0.248–12.4 µm",Rakic-BB,False,False,True,,main,True
0.13124815119634375,,0.3611871235418255,W,W (Tungsten),metal,main/W/nk/Rakic-LD.yml,Models and simulations,19.73727088310001,0.9316068887784069,,True,2.8640786324786327,0.9977893756423184,0.9977893756423184,12.398,0.9880543829699658,0.24797,,3.5856170940170937,1,nan,nan,nan,"Rakić et al. 1998: Lorentz-Drude model; n,k 0.248–12.4 µm",Rakic-LD,False,False,True,,main,True
0.3538890794965523,,2.997210492432275,W,W (Tungsten),metal,main/W/nk/Werner-DFT.yml,Models and simulations,23.507135514406816,0.24167848590831845,,True,3.088607764227642,0.9995348937816277,0.9995348937816277,2.479684,0.8922224823711188,0.2,,4.007924805458768,2,nan,nan,nan,"Werner et al. 2009: DFT calculations; n,k 0.0176–2.48 µm",Werner-DFT,False,False,True,,main,True
,,,CaWO4,CaWO4 (Calcium tungstate),transparent dielectric,main/CaWO4/nk/Bond-o.yml,W - Tungsten and tungstates,,,,False,,,,4.0,,0.45,,,,1.878309811645875,1.9020509392993894,1.9490006478197934,Bond 1965: n(o) 0.45–4.0 µm,Bond-o,False,False,False,,main,False
,,,CaWO4,CaWO4 (Calcium tungstate),transparent dielectric,main/CaWO4/nk/Bond-e.yml,W - Tungsten and tungstates,,,,False,,,,4.0,,0.45,,,,1.8920326851437916,1.9175955527928243,1.9677810277580394,Bond 1965: n(e) 0.45–4.0 µm,Bond-e,False,False,False,,main,False
,,,ZnWO4,ZnWO4 (Zinc tungstate),transparent dielectric,main/ZnWO4/nk/Bond-alpha.yml,W - Tungsten and tungstates,,,,False,,,,4.0,,0.42,,,,2.104541013284731,2.1430726048746553,2.2587,Bond et al. 1965: n(α) 0.42–4.0 µm,Bond-α,False,False,False,,main,False
,,,ZnWO4,ZnWO4 (Zinc tungstate),transparent dielectric,main/ZnWO4/nk/Bond-beta.yml,W - Tungsten and tungstates,,,,False,,,,3.6,,0.42,,,,2.118167759029676,2.1588825581300672,2.2788,Bond et al. 1965: n(β) 0.42–3.6 µm,Bond-β,False,False,False,,main,False
,,,ZnWO4,ZnWO4 (Zinc tungstate),transparent dielectric,main/ZnWO4/nk/Bond-gamma.yml,W - Tungsten and tungstates,,,,False,,,,3.6,,0.42,,,,2.2454581738763366,2.2968496171177697,2.4497,Bond et al. 1965: n(γ) 0.42–3.6 µm,Bond-γ,False,False,False,,main,False
,,,Xe,Xe (Xenon),transparent dielectric,main/Xe/nk/Bideau-Mehu.yml,Gas,,,,False,,,,0.6234,,0.2,,,,nan,nan,1.000716818647345,Bideau-Mehu et al. 1981: n 0.140–0.623 µm,Bideau-Mehu,False,False,False,,main,False
,,,Xe,Xe (Xenon),transparent dielectric,main/Xe/nk/Borzsonyi.yml,Gas,,,,False,,,,1.0,,0.4,,,,nan,1.0006850846324937,1.0007198377025215,Börzsönyi et al. 2008: n 0.4–1.0 µm,Borzsonyi,False,False,False,,main,False
,,,Xe,Xe (Xenon),transparent dielectric,main/Xe/nk/Koch.yml,Gas,,,,False,,,,0.623437,,0.230209,,,,nan,nan,1.0007288828777874,Koch 1949: n 0.230–0.623 µm,Koch,False,False,False,,main,False
,,,Xe,Xe (Xenon),transparent dielectric,main/Xe/nk/Cuthbertson.yml,Gas,,,,False,,,,0.6708,,0.48,,,,nan,nan,1.0007127448746975,Cuthbertson and Cuthbertson 1910: n 0.480–0.671 µm,Cuthbertson,False,False,False,,main,False
,,,Xe,Xe (Xenon),transparent dielectric,main/Xe/nk/Sinnock-liquid-178K.yml,Liquid,,,,False,,,,0.6439,,0.3612,,,,nan,nan,1.388295344972228,Sinnock and Smith 1969: Liquid at 178 K; n 0.361–0.644 µm,Sinnock-liquid-178K,False,False,False,,main,False
,,,Xe,Xe (Xenon),transparent dielectric,main/Xe/nk/Sinnock-liquid-174K.yml,Liquid,,,,False,,,,0.6439,,0.3612,,,,nan,nan,1.392295344972228,Sinnock and Smith 1969: Liquid at 174 K; n 0.361–0.644 µm,Sinnock-liquid-174K,False,False,False,,main,False
,,,Xe,Xe (Xenon),transparent dielectric,main/Xe/nk/Sinnock-liquid-170K.yml,Liquid,,,,False,,,,0.6439,,0.3612,,,,nan,nan,1.3964809039242887,Sinnock and Smith 1969: Liquid at 170 K; n 0.361–0.644 µm,Sinnock-liquid-170K,False,False,False,,main,False
,,,Xe,Xe (Xenon),transparent dielectric,main/Xe/nk/Sinnock-liquid-166K.yml,Liquid,,,,False,,,,0.6439,,0.3612,,,,nan,nan,1.400395344972228,Sinnock and Smith 1969: Liquid at 166 K; n 0.361–0.644 µm,Sinnock-liquid-166K,False,False,False,,main,False
,,,Xe,Xe (Xenon),transparent dielectric,main/Xe/nk/Sinnock-liquid-161.35K.yml,Liquid,,,,False,,,,0.6439,,0.3612,,,,nan,nan,1.4049953449722279,Sinnock and Smith 1969: Liquid at 161.35 K; n 0.361–0.644 µm,Sinnock-liquid-161.35K,False,False,False,,main,False
,,,Xe,Xe (Xenon),transparent dielectric,main/Xe/nk/Grace-liquid-178K.yml,Liquid,,,,False,,,,0.66,,0.2,,,,nan,nan,1.3644024602407916,Grace et al. 2017: Liquid at 178 K; n 0.157–0.660 µm,Grace-liquid-178K,False,False,False,,main,False
,,,Xe,Xe (Xenon),transparent dielectric,main/Xe/nk/Grace-liquid-161.35K.yml,Liquid,,,,False,,,,0.66,,0.2,,,,nan,nan,1.3915243825638466,Grace et al. 2017: Liquid at 161.35 K; n 0.157–0.660 µm,Grace-liquid-161.35K,False,False,False,,main,False
,,,Xe,Xe (Xenon),transparent dielectric,main/Xe/nk/Sinnock-solid-161.35K.yml,Solid,,,,False,,,,0.6439,,0.3612,,,,nan,nan,1.4662419301227678,Sinnock and Smith 1969: Solid at 161.35 K; n 0.361–0.644 µm,Sinnock-solid-161.35K,False,False,False,,main,False
,,,Xe,Xe (Xenon),transparent dielectric,main/Xe/nk/Sinnock-solid-150K.yml,Solid,,,,False,,,,0.6439,,0.3612,,,,nan,nan,1.4720419301227678,Sinnock and Smith 1969: Solid at 150 K; n 0.361–0.644 µm,Sinnock-solid-150K,False,False,False,,main,False
,,,Xe,Xe (Xenon),transparent dielectric,main/Xe/nk/Sinnock-solid-140K.yml,Solid,,,,False,,,,0.6439,,0.3612,,,,nan,nan,1.4769419301227678,Sinnock and Smith 1969: Solid at 140 K; n 0.361–0.644 µm,Sinnock-solid-140K,False,False,False,,main,False
,,,Xe,Xe (Xenon),transparent dielectric,main/Xe/nk/Sinnock-solid-130K.yml,Solid,,,,False,,,,0.6439,,0.3612,,,,nan,nan,1.481641930122768,Sinnock and Smith 1969: Solid at 130 K; n 0.361–0.644 µm,Sinnock-solid-130K,False,False,False,,main,False
,,,Xe,Xe (Xenon),transparent dielectric,main/Xe/nk/Sinnock-solid-120K.yml,Solid,,,,False,,,,0.6439,,0.3612,,,,nan,nan,1.4860419301227679,Sinnock and Smith 1969: Solid at 120 K; n 0.361–0.644 µm,Sinnock-solid-120K,False,False,False,,main,False
,,,Xe,Xe (Xenon),transparent dielectric,main/Xe/nk/Sinnock-solid-110K.yml,Solid,,,,False,,,,0.6439,,0.3612,,,,nan,nan,1.4901274890748286,Sinnock and Smith 1969: Solid at 110 K; n 0.361–0.644 µm,Sinnock-solid-110K,False,False,False,,main,False
,,,Xe,Xe (Xenon),transparent dielectric,main/Xe/nk/Sinnock-solid-100K.yml,Solid,,,,False,,,,0.6439,,0.3612,,,,nan,nan,1.4939274890748286,Sinnock and Smith 1969: Solid at 100 K; n 0.361–0.644 µm,Sinnock-solid-100K,False,False,False,,main,False
,,,Xe,Xe (Xenon),transparent dielectric,main/Xe/nk/Sinnock-solid-90K.yml,Solid,,,,False,,,,0.6439,,0.3612,,,,nan,nan,1.4974274890748287,Sinnock and Smith 1969: Solid at 90 K; n 0.361–0.644 µm,Sinnock-solid-90K,False,False,False,,main,False
,,,Xe,Xe (Xenon),transparent dielectric,main/Xe/nk/Sinnock-solid-80K.yml,Solid,,,,False,,,,0.6439,,0.3612,,,,nan,nan,1.5007274890748288,Sinnock and Smith 1969: Solid at 80 K; n 0.361–0.644 µm,Sinnock-solid-80K,False,False,False,,main,False
,,,Xe,Xe (Xenon),transparent dielectric,main/Xe/nk/Grace-solid-161.35K.yml,Solid,,,,False,,,,0.66,,0.2,,,,nan,nan,1.4467428332042789,Grace et al. 2017: Solid at 161.35 K; n 0.157–0.660 µm,Grace-solid-161.35K,False,False,False,,main,False
,,,Xe,Xe (Xenon),transparent dielectric,main/Xe/nk/Grace-solid-80K.yml,Solid,,,,False,,,,0.66,,0.2,,,,nan,nan,1.5142666801442546,Grace et al. 2017: Solid at 80 K; n 0.157–0.660 µm,Grace-solid-80K,False,False,False,,main,False
,,,Yb,Yb (Ytterbium),other,main/Yb/nk/Larruquert.yml,Yb - Ytterbium,,,,True,,,,0.206606976,,0.2,,,,nan,nan,nan,"Larruquert et al. 2003: n,k 0.000730–0.207 µm",Larruquert,False,False,False,,main,False
2.933828460901528,,106.94690230490245,Zn,Zn (Zinc),metal,main/Zn/nk/Werner.yml,Experimental data,,,,True,5.430379056329849,0.4132003171829475,0.9995348937816277,2.479684,0.35068219523596905,0.2,,1.076774050522648,,nan,nan,nan,"Werner et al. 2009: n,k 0.0176–2.48 µm",Werner,False,False,True,,main,True
,,,Zn,Zn (Zinc),metal,main/Zn/nk/Querry.yml,Experimental data,37.300657226851875,1.0786899380675838,,True,2.849,,,30.0,,0.36,,13.58,1,nan,nan,nan,"Querry 1987: n,k 0.360–55.6 µm",Querry,False,False,False,,main,True
,,,Zn,Zn (Zinc),metal,main/Zn/nk/Motulevich.yml,Experimental data,,,,True,,,,10.0,,1.23,,,,nan,nan,nan,"Motulevich and Shubin 1969: n,k 1.3–10 µm",Motulevich,False,False,False,,main,True
3.4666377941814024,,59.89343482536612,Zn,Zn (Zinc),metal,main/Zn/nk/Werner-DFT.yml,Models and simulations,58.466641045114955,0.9208194733265623,,True,6.868610479094077,0.35068219523596905,0.49616757062245115,2.479684,0.35068219523596905,0.2,,2.689619862078977,2,nan,nan,nan,"Werner et al. 2009: DFT calculations; n,k 0.0176–2.48 µm",Werner-DFT,False,False,True,,main,True
,,,Zr,Zr (Zirconium),error,main/Zr/nk/Windt.yml,Zr - Zirconium,,,range outside 0.2-30 um,,,,,,,,,,,,,,"Windt et al. 1988: n,k 0.0024–0.122 µm",Windt,,,,,main,
,,,Zr,Zr (Zirconium),absorber (visible),main/Zr/nk/Palm.yml,Zr - Zirconium,,,,True,1.615696316046762,,,1.684528687,,0.226076263,,2.403364326298474,,nan,nan,nan,"Palm et al. 2018: n,k 0.226–1.68 µm",Palm,False,False,False,,main,False
0.4152113736191877,,1.6646690423749084,Zr,Zr (Zirconium),absorber (visible),main/Zr/nk/Querry.yml,Zr - Zirconium,1.8924628147252303,0.23111235755256745,,True,3.503,0.3782927667640751,0.47805773598023593,30.0,0.35133976535002154,0.22,,2.857,3,nan,nan,nan,"Querry 1987: n,k 0.220–55.6 µm",Querry,False,False,True,,main,False
,,,methane,CH4 (Methane),transparent dielectric,organic/CH4 - methane/nk/Rollefson.yml,Gas,,,,False,,,,14.8,,1.68,,,,1.0004660389041902,1.0004365,nan,Rollefson and Havens 1940: Gas at 0 °C; n 1.68–14.8 µm,Rollefson,False,False,False,,organic,False
,,,methane,CH4 (Methane),transparent dielectric,organic/CH4 - methane/nk/Loria.yml,Gas,,,,False,,,,0.6585,,0.529,,,,nan,nan,1.000448009846913,Loria 1909: Gas at 0 °C; n 0.529–0.659 µm,Loria,False,False,False,,organic,False
,,,methane,CH4 (Methane),transparent dielectric,organic/CH4 - methane/nk/Martonchik-liquid-111K.yml,Liquid,,,,True,1.4424245689654576e-08,,,30.0,,0.2,,1.272926724137931,,nan,1.27,1.2798447681502292,"Martonchik and Orton 1994: Liquid at 111 K; n,k 0.002–71.4 µm",Martonchik-liquid-111K,False,False,False,,organic,False
,,,methane,CH4 (Methane),transparent dielectric,organic/CH4 - methane/nk/Martonchik-liquid-90K.yml,Liquid,,,,True,1.5377607758620056e-08,,,30.0,,0.2,,1.291926724137931,,nan,1.289,1.2998225921716906,"Martonchik and Orton 1994: Liquid at 90 K; n,k 0.002–71.4 µm",Martonchik-liquid-90K,False,False,False,,organic,False
,,,methane,CH4 (Methane),transparent dielectric,organic/CH4 - methane/nk/Martonchik-solid-90K.yml,Solid,,,,True,0.0,,,30.0,,0.2,,1.3216666666666668,,nan,1.3172003685326066,1.3259120241971407,"Martonchik and Orton 1994: Solid at 90 K; n,k 0.002–100 µm",Martonchik-solid-90K,False,False,False,,organic,False
,,,methane,CH4 (Methane),transparent dielectric,organic/CH4 - methane/nk/Martonchik-solid-30K.yml,Solid,,,,True,0.0,,,30.0,,0.2,,1.3316666666666668,,nan,1.3272003685326066,1.3359120241971407,"Martonchik and Orton 1994: Solid at 30 K; n,k 0.002–100 µm",Martonchik-solid-30K,False,False,False,,organic,False
,,,ethane,C2H6 (Ethane),transparent dielectric,organic/C2H6 - ethane/nk/Loria.yml,Alkanes,,,,False,,,,0.6677,,0.523,,,,nan,nan,1.000757943475829,Loria 1909: Gas at 0 °C; n 0.523–0.668 µm,Loria,False,False,False,,organic,False
,,,pentane,C5H12 (Pentane),transparent dielectric,organic/C5H12 - pentane/nk/Kerl-293K.yml,Alkanes,,,,False,,,,0.644,,0.326,,,,nan,nan,1.3696407863472708,Kerl and Varchmin 1995: n-Pentane; 293 K; n 0.326–0.644 µm,Kerl-293K,False,False,False,,organic,False
,,,pentane,C5H12 (Pentane),transparent dielectric,organic/C5H12 - pentane/nk/Kerl-313K.yml,Alkanes,,,,False,,,,0.644,,0.326,,,,nan,nan,1.3572249529196017,Kerl and Varchmin 1995: n-Pentane; 313 K; n 0.326–0.644 µm,Kerl-313K,False,False,False,,organic,False
,,,pentane,C5H12 (Pentane),transparent dielectric,organic/C5H12 - pentane/nk/Kerl-333K.yml,Alkanes,,,,False,,,,0.644,,0.326,,,,nan,nan,1.344809119491933,Kerl and Varchmin 1995: n-Pentane; 333 K; n 0.326–0.644 µm,Kerl-333K,False,False,False,,organic,False
,,,pentane,C5H12 (Pentane),transparent dielectric,organic/C5H12 - pentane/nk/Anderson.yml,Alkanes,,,,True,,,,14.925,,2.0,,,,1.3626130487108914,1.343,nan,"Anderson 2000: iso-Pentane; n,k 2.0–14.9 µm",Anderson,False,False,False,,organic,False
,,,hexane,C6H14 (Hexane),transparent dielectric,organic/C6H14 - hexane/nk/Kozma.yml,Alkanes,,,,False,,,,0.6407,,0.23,,,,nan,nan,1.3885126005727828,Kozma et al. 2005: n-Hexane; n 0.230–0.641 µm,Kozma,False,False,False,,organic,False
,,,hexane,C6H14 (Hexane),transparent dielectric,organic/C6H14 - hexane/nk/Chang.yml,Alkanes,,,,False,,,,2.0,,0.4,,,,1.366791323397853,1.3709104463095294,1.386458279428329,Chang et al. 2024: n 0.4–2.0 µm,Chang,False,False,False,,organic,False
,,,hexane,C6H14 (Hexane),transparent dielectric,organic/C6H14 - hexane/nk/Kerl-293K.yml,Alkanes,,,,False,,,,0.644,,0.326,,,,nan,nan,1.3660917012029492,Kerl and Varchmin 1995: n-Hexane; 293 K; n 0.326–0.644 µm,Kerl-293K,False,False,False,,organic,False
,,,hexane,C6H14 (Hexane),transparent dielectric,organic/C6H14 - hexane/nk/Kerl-313K.yml,Alkanes,,,,False,,,,0.644,,0.326,,,,nan,nan,1.3764709547662484,Kerl and Varchmin 1995: n-Hexane; 313 K; n 0.326–0.644 µm,Kerl-313K,False,False,False,,organic,False
,,,hexane,C6H14 (Hexane),transparent dielectric,organic/C6H14 - hexane/nk/Kerl-333K.yml,Alkanes,,,,False,,,,0.644,,0.326,,,,nan,nan,1.3648362333249202,Kerl and Varchmin 1995: n-Hexane; 333 K; n 0.326–0.644 µm,Kerl-333K,False,False,False,,organic,False
,,,heptane,C7H16 (Heptane),transparent dielectric,organic/C7H16 - heptane/nk/Kerl-293K.yml,Alkanes,,,,False,,,,0.644,,0.326,,,,nan,nan,1.4009973373016735,Kerl and Varchmin 1995: n-Heptane; 293 K; n 0.326–0.644 µm,Kerl-293K,False,False,False,,organic,False
,,,heptane,C7H16 (Heptane),transparent dielectric,organic/C7H16 - heptane/nk/Kerl-313K.yml,Alkanes,,,,False,,,,0.644,,0.326,,,,nan,nan,1.390307174227739,Kerl and Varchmin 1995: n-Heptane; 313 K; n 0.326–0.644 µm,Kerl-313K,False,False,False,,organic,False
,,,heptane,C7H16 (Heptane),transparent dielectric,organic/C7H16 - heptane/nk/Kerl-333K.yml,Alkanes,,,,False,,,,0.644,,0.326,,,,nan,nan,1.379617036149177,Kerl and Varchmin 1995: n-Heptane; 333 K; n 0.326–0.644 µm,Kerl-333K,False,False,False,,organic,False
,,,octane,C8H18 (Octane),transparent dielectric,organic/C8H18 - octane/nk/Kerl-293K.yml,Alkanes,,,,False,,,,0.644,,0.326,,,,nan,nan,1.4113463245052715,Kerl and Varchmin 1995: n-Octane; 293 K; n 0.326–0.644 µm,Kerl-293K,False,False,False,,organic,False
,,,octane,C8H18 (Octane),transparent dielectric,organic/C8H18 - octane/nk/Kerl-313K.yml,Alkanes,,,,False,,,,0.644,,0.326,,,,nan,nan,1.401158178545077,Kerl and Varchmin 1995: n-Octane; 313 K; n 0.326–0.644 µm,Kerl-313K,False,False,False,,organic,False
,,,octane,C8H18 (Octane),transparent dielectric,organic/C8H18 - octane/nk/Kerl-333K.yml,Alkanes,,,,False,,,,0.644,,0.326,,,,nan,nan,1.3909700075895104,Kerl and Varchmin 1995: n-Octane; 333 K; n 0.326–0.644 µm,Kerl-333K,False,False,False,,organic,False
,,,octane,C8H18 (Octane),transparent dielectric,organic/C8H18 - octane/nk/Myers.yml,Alkanes,,,,True,,,,25.0194,,1.28246,,,,1.3968890480079832,1.38512,nan,"Myers et al. 2018: n-Octane; n,k 1.28–25.0 µm",Myers,False,False,False,,organic,False
,,,octane,C8H18 (Octane),transparent dielectric,organic/C8H18 - octane/nk/Anderson.yml,Alkanes,,,,True,,,,23.0,,2.006,,,,1.3934351192292418,nan,nan,"Anderson 2000: iso-Octane; n,k 2–23 µm",Anderson,False,False,False,,organic,False
,,,bromoform,CHBr3 (Bromoform),transparent dielectric,organic/CHBr3 - bromoform/nk/Ghosal.yml,Haloalkanes,,,,False,,,,13.0,,1.0,,,,1.7196679675610889,1.584,nan,Ghosal et al. 1993: n 1–13 µm,Ghosal,False,False,False,,organic,False
,,,dichloromethane,"CH2Cl2 (Dichloromethane, DCM)",transparent dielectric,organic/CH2Cl2 - dichloromethane/nk/Bertie.yml,Haloalkanes,,,,True,,,,12.5253,,1.5385,,,,1.412868753206828,1.4126,nan,"Bertie et al. 1995: n,k 1.54–12.5 µm",Bertie,False,False,False,,organic,False
,,,dichloromethane,"CH2Cl2 (Dichloromethane, DCM)",transparent dielectric,organic/CH2Cl2 - dichloromethane/nk/Chang.yml,Haloalkanes,,,,False,,,,2.0,,0.4,,,,1.4124972082815423,1.417868438191248,1.4383246247520471,Chang et al. 2024: n 0.4–2.0 µm,Chang,False,False,False,,organic,False
,,,dichloromethane,"CH2Cl2 (Dichloromethane, DCM)",transparent dielectric,organic/CH2Cl2 - dichloromethane/nk/Li.yml,Haloalkanes,,,,False,,,,1.7,,0.2,,,,nan,1.4179653210469394,1.4455391528672499,Li et al. 2022: n 0.2–1.7 µm,Li,False,False,False,,organic,False
,,,chloroform,CHCl3 (Chloroform),transparent dielectric,organic/CHCl3 - chloroform/nk/Kedenburg.yml,Haloalkanes,,,,True,1.25096e-08,,,1.6,,0.5,,1.4435444217382143,,nan,1.4381691490588635,1.4495049992582172,"Kedenburg et al. 2012: n 0.5–1.6 µm, k 0.5–1.75 µm",Kedenburg,False,False,False,,organic,False
,,,chloroform,CHCl3 (Chloroform),transparent dielectric,organic/CHCl3 - chloroform/nk/Chang.yml,Haloalkanes,,,,False,,,,2.0,,0.4,,,,1.4319262519971039,1.4382881260814058,1.462723770326025,Chang et al. 2024: n 0.4–2.0 µm,Chang,False,False,False,,organic,False
,,,carbon_tetrachloride,CCl4 (Carbon tetrachloride),transparent dielectric,organic/CCl4 - carbon tetrachloride/nk/Kedenburg.yml,Haloalkanes,,,,True,5.77732e-09,,,1.5,,0.5,,1.4592424222330467,,nan,1.4535315158072692,1.4651246014744665,"Kedenburg et al. 2012: n 0.5–1.6 µm, k 0.5–1.5 µm",Kedenburg,False,False,False,,organic,False
,,,carbon_tetrachloride,CCl4 (Carbon tetrachloride),transparent dielectric,organic/CCl4 - carbon tetrachloride/nk/Chang.yml,Haloalkanes,,,,False,,,,2.0,,0.4,,,,1.4455370946139319,1.4526116489856078,1.4717450344060494,Chang et al. 2024: n 0.4–2.0 µm,Chang,False,False,False,,organic,False
,,,carbon_tetrachloride,CCl4 (Carbon tetrachloride),transparent dielectric,organic/CCl4 - carbon tetrachloride/nk/Moutzouris.yml,Haloalkanes,,,,False,,,,1.551,,0.45,,,,nan,1.4509576514258693,1.4673578808627088,Moutzouris et al. 2013: n 0.450–1.55 µm,Moutzouris,False,False,False,,organic,False
,,,carbon_tetrachloride,CCl4 (Carbon tetrachloride),transparent dielectric,organic/CCl4 - carbon tetrachloride/nk/Ghosal.yml,Haloalkanes,,,,False,,,,9.0,,1.0,,,,1.4537795633415869,1.457,nan,Ghosal et al. 1993: n 1–9 µm,Ghosal,False,False,False,,organic,False
,,,bromotrichloromethane,CBrCl3 (Bromotrichloromethane),transparent dielectric,organic/CBrCl3 - bromotrichloromethane/nk/Chang.yml,Haloalkanes,,,,False,,,,2.0,,0.4,,,,1.4884137029954247,1.4962746688708572,1.526685701370531,Chang et al. 2024: n 0.4–2.0 µm,Chang,False,False,False,,organic,False
,,,perfluorohexane,C6F14 (Perfluorohexane),transparent dielectric,organic/C6F14 - perfluorohexane/nk/Chang.yml,Haloalkanes,,,,False,,,,2.0,,0.4,,,,1.2467257132109664,1.2491188359257681,1.258081173851678,Chang et al. 2024: n 0.4–2.0 µm,Chang,False,False,False,,organic,False
,,,ethylene,C2H4 (Ethylene),transparent dielectric,organic/C2H4 - ethylene/nk/Loria.yml,Alkenes and haloalkenes,,,,False,,,,0.6677,,0.523,,,,nan,nan,1.0006643348957516,Loria 1909: Gas at 0 °C; n 0.523–0.668 µm,Loria,False,False,False,,organic,False
,,,tetrachloroethylene,"C2Cl4 (Tetrachloroethylene, PCE, PERC)",transparent dielectric,organic/C2Cl4 - tetrachloroethylene/nk/Chang.yml,Alkenes and haloalkenes,,,,False,,,,2.0,,0.4,,,,1.4868267394106935,1.4952083934809497,1.527814905998011,Chang et al. 2024: n 0.4–2.0 µm,Chang,False,False,False,,organic,False
,,,acetylene,C2H2 (Acetylene),transparent dielectric,organic/C2H2 - acetylene/nk/Loria.yml,Alkynes,,,,False,,,,0.6708,,0.5461,,,,nan,nan,1.0005688475531904,Loria 1909: Gas at 0 °C; n 0.529–0.659 µm,Loria,False,False,False,,organic,False
,,,benzene,C6H6 (Benzene),transparent dielectric,organic/C6H6 - benzene/nk/Moutzouris.yml,Cyclic compounds,,,,False,,,,1.551,,0.45,,,,nan,1.4852324492259568,1.5144000139964184,Moutzouris et al. 2013: n 0.450–1.55 µm,Moutzouris,False,False,False,,organic,False
,,,benzene,C6H6 (Benzene),transparent dielectric,organic/C6H6 - benzene/nk/Chang.yml,Cyclic compounds,,,,False,,,,2.0,,0.4,,,,1.478392659328162,1.4886709182654936,1.5295179203970775,Chang et al. 2024: n 0.4–2.0 µm,Chang,False,False,False,,organic,False
,,,benzene,C6H6 (Benzene),transparent dielectric,organic/C6H6 - benzene/nk/Myers.yml,Cyclic compounds,,,,True,,,,25.0194,,1.28246,,,,1.5460368485469327,1.4778,nan,"Myers et al. 2018: n,k 1.28–25.0 µm",Myers,False,False,False,,organic,False
,,,oxathiane,C4H8OS (Oxathiane),transparent dielectric,organic/C4H8OS - oxathiane/nk/Myers.yml,Cyclic compounds,,,,True,,,,25.0194,,1.28246,,,,1.4953680686715267,1.48896,nan,"Myers et al. 2018: 1,4-Oxathiane; n,k 1.28–25.0 µm",Myers,False,False,False,,organic,False
,,,pyridine,C5H5N (Pyridine),transparent dielectric,organic/C5H5N - pyridine/nk/Chang.yml,Cyclic compounds,,,,False,,,,2.0,,0.4,,,,1.487118014128359,1.4970979973200278,1.5365642846105105,Chang et al. 2024: n 0.4–2.0 µm,Chang,False,False,False,,organic,False
,,,cyclohexane,C6H12 (Cyclohexane),transparent dielectric,organic/C6H12 - cyclohexane/nk/Rheims.yml,Cyclic compounds,,,,False,,,,0.83,,0.4765,,,,nan,1.4213055217784505,1.4324776705181006,Rheims et al. 1997: n 0.477–0.83 µm,Rheims,False,False,False,,organic,False
,,,cyclohexane,C6H12 (Cyclohexane),transparent dielectric,organic/C6H12 - cyclohexane/nk/Chang.yml,Cyclic compounds,,,,False,,,,2.0,,0.4,,,,1.4145336679483287,1.4206962224366793,1.4376093936298104,Chang et al. 2024: n 0.4–2.0 µm,Chang,False,False,False,,organic,False
,,,cyclohexane,C6H12 (Cyclohexane),transparent dielectric,organic/C6H12 - cyclohexane/nk/Kozma.yml,Cyclic compounds,,,,False,,,,0.6407,,0.23,,,,nan,nan,1.4390617453590442,Kozma et al. 2005: n 0.230–0.641 µm,Kozma,False,False,False,,organic,False
,,,cyclohexane,C6H12 (Cyclohexane),transparent dielectric,organic/C6H12 - cyclohexane/nk/Kerl-293K.yml,Cyclic compounds,,,,False,,,,0.644,,0.326,,,,nan,nan,1.4404512936826712,Kerl and Varchmin 1995: 293 K; n 0.326–0.644 µm,Kerl-293K,False,False,False,,organic,False
,,,cyclohexane,C6H12 (Cyclohexane),transparent dielectric,organic/C6H12 - cyclohexane/nk/Kerl-313K.yml,Cyclic compounds,,,,False,,,,0.644,,0.326,,,,nan,nan,1.4281516175003535,Kerl and Varchmin 1995: 313 K; n 0.326–0.644 µm,Kerl-313K,False,False,False,,organic,False
,,,cyclohexane,C6H12 (Cyclohexane),transparent dielectric,organic/C6H12 - cyclohexane/nk/Kerl-333K.yml,Cyclic compounds,,,,False,,,,0.644,,0.326,,,,nan,nan,1.4158519413180355,Kerl and Varchmin 1995: 333 K; n 0.326–0.644 µm,Kerl-333K,False,False,False,,organic,False
,,,toluene,C7H8 (Toluene),transparent dielectric,organic/C7H8 - toluene/nk/Kedenburg.yml,Cyclic compounds,,,,True,1.356e-08,,,1.6,,0.5,,1.4958290706601611,,nan,1.4863017959394713,1.5057494988868696,"Kedenburg et al. 2012: n 0.5–1.6 µm, k 0.5–1.75 µm",Kedenburg,False,False,False,,organic,False
,,,toluene,C7H8 (Toluene),transparent dielectric,organic/C7H8 - toluene/nk/Chang.yml,Cyclic compounds,,,,False,,,,2.0,,0.4,,,,1.4752221264498122,1.4848425363355782,1.5228354825278292,Chang et al. 2024: n 0.4–2.0 µm,Chang,False,False,False,,organic,False
,,,toluene,C7H8 (Toluene),transparent dielectric,organic/C7H8 - toluene/nk/Myers.yml,Cyclic compounds,,,,True,,,,25.0194,,1.28246,,,,1.516827876970138,1.47459,nan,"Myers et al. 2018: n,k 1.28–25.0 µm",Myers,False,False,False,,organic,False
,,,toluene,C7H8 (Toluene),transparent dielectric,organic/C7H8 - toluene/nk/Moutzouris.yml,Cyclic compounds,,,,False,,,,1.551,,0.45,,,,nan,1.4818103576104087,1.509747205595952,Moutzouris et al. 2013: n 0.450–1.55 µm,Moutzouris,False,False,False,,organic,False
,,,toluene,C7H8 (Toluene),transparent dielectric,organic/C7H8 - toluene/nk/Kozma.yml,Cyclic compounds,,,,False,,,,0.6407,,0.3001,,,,nan,nan,1.5223536268250941,Kozma et al. 2005: n 0.300–0.641 µm,Kozma,False,False,False,,organic,False
,,,styrene,C8H8 (Styrene),transparent dielectric,organic/C8H8 - styrene/nk/Sultanova.yml,Cyclic compounds,,,,False,,,,1.052,,0.4368,,,,nan,1.5106053322744077,1.5337737858582157,Sultanova et al. 2009: n 0.437–1.05 µm,Sultanova,False,False,False,,organic,False
,,,styrene,C8H8 (Styrene),transparent dielectric,organic/C8H8 - styrene/nk/Myers.yml,Cyclic compounds,,,,True,,,,25.0203,,1.28244,,,,1.5191177941062943,1.51627,nan,"Myers et al. 2018: n,k 1.28–25.0 µm",Myers,False,False,False,,organic,False
,,,xylene,C8H10 (Xylene),transparent dielectric,organic/C8H10 - xylene/nk/Li.yml,Cyclic compounds,,,,False,,,,1.7,,0.226,,,,nan,1.4850006031790035,1.5308759818982192,Li et al. 2022: para-Xylene (PX); n 0.226–1.7 µm,Li,False,False,False,,organic,False
,,,xylene,C8H10 (Xylene),transparent dielectric,organic/C8H10 - xylene/nk/Chang.yml,Cyclic compounds,,,,False,,,,2.0,,0.4,,,,1.4748549132031876,1.484322323628724,1.5216533391761493,Chang et al. 2024: n 0.4–2.0 µm,Chang,False,False,False,,organic,False
,,,trichlorobenzene,"C6H3Cl3 (Trichlorobenzene, TCB)",transparent dielectric,organic/C6H3Cl3 - trichlorobenzene/nk/Myers.yml,Cyclic compounds,,,,True,,,,25.0203,,1.28244,,,,1.5938394536882978,1.54749,nan,"Myers et al. 2018: 1,2,4-TCB; n,k 1.28–25.0 µm",Myers,False,False,False,,organic,False
,,,nitrobenzene,C6H5NO2 (Nitrobenzene),transparent dielectric,organic/C6H5NO2 - nitrobenzene/nk/Kedenburg.yml,Cyclic compounds,,,,False,,,,1.6,,0.5,,,,nan,1.5365853584123024,1.5671242258637803,Kedenburg et al. 2012: n 0.5–1.6 µm,Kedenburg,False,False,False,,organic,False
,,,nitrobenzene,C6H5NO2 (Nitrobenzene),transparent dielectric,organic/C6H5NO2 - nitrobenzene/nk/Chang.yml,Cyclic compounds,,,,False,,,,2.0,,0.4,,,,1.5199609552289772,1.5347554398818335,1.5957223342070612,Chang et al. 2024: n 0.4–2.0 µm,Chang,False,False,False,,organic,False
,,,nitrobenzene,C6H5NO2 (Nitrobenzene),transparent dielectric,organic/C6H5NO2 - nitrobenzene/nk/Myers.yml,Cyclic compounds,,,,True,,,,25.0203,,1.28244,,,,1.59749851164435,1.52154,nan,"Myers et al. 2018: n,k 1.28–25.0 µm",Myers,False,False,False,,organic,False
,,,pentafluorobenzonitrile,C7F5N (Pentafluorobenzonitrile),transparent dielectric,organic/C7F5N - pentafluorobenzonitrile/nk/Chang.yml,Cyclic compounds,,,,False,,,,2.0,,0.4,,,,1.421973220003879,1.431463176806474,1.4693448740763206,Chang et al. 2024: n 0.4–2.0 µm,Chang,False,False,False,,organic,False
,,,dimethylaniline,"C8H11N (Dimethylaniline, DMA)",transparent dielectric,organic/C8H11N - dimethylaniline/nk/Li.yml,Cyclic compounds,,,,False,,,,1.7,,0.321,,,,nan,1.5368170181077099,1.5929562279562661,Li et al. 2022: n 0.321–1.7 µm,Li,False,False,False,,organic,False
,,,methanol,CH3OH (Methanol),transparent dielectric,organic/CH4O - methanol/nk/El-Kashef.yml,Alcohols,,,,False,,,,0.8,,0.4,,,,nan,1.3144647546875,1.37402601875,El-Kashef 2000: n 0.4–0.8 µm,El-Kashef,False,False,False,,organic,False
,,,methanol,CH3OH (Methanol),transparent dielectric,organic/CH4O - methanol/nk/Chang.yml,Alcohols,,,,False,,,,2.0,,0.4,,,,1.316889991187907,1.3221695179924928,1.3426237470139746,Chang et al. 2024: n 0.4–2.0 µm,Chang,False,False,False,,organic,False
,,,methanol,CH3OH (Methanol),transparent dielectric,organic/CH4O - methanol/nk/Myers.yml,Alcohols,,,,True,,,,25.0203,,1.28244,,,,1.3817706326342838,1.31299,nan,"Myers et al. 2018: n,k 1.28–25.0 µm",Myers,False,False,False,,organic,False
,,,methanol,CH3OH (Methanol),transparent dielectric,organic/CH4O - methanol/nk/Moutzouris.yml,Alcohols,,,,False,,,,1.551,,0.45,,,,nan,1.323172957482213,1.3330198977960488,Moutzouris et al. 2013: n 0.450–1.55 µm,Moutzouris,False,False,False,,organic,False
,,,methanol,CH3OH (Methanol),transparent dielectric,organic/CH4O - methanol/nk/Kozma.yml,Alcohols,,,,False,,,,0.6407,,0.23,,,,nan,nan,1.337845980419217,Kozma et al. 2005: n 0.230–0.641 µm,Kozma,False,False,False,,organic,False
,,,ethanol,C2H5OH (Ethanol),transparent dielectric,organic/C2H6O - ethanol/nk/Rheims.yml,Alcohols,,,,False,,,,0.83,,0.4765,,,,nan,1.3574737271024637,1.3665150264496242,Rheims et al. 1997: n 0.477–0.83 µm,Rheims,False,False,False,,organic,False
,,,ethanol,C2H5OH (Ethanol),transparent dielectric,organic/C2H6O - ethanol/nk/Chang.yml,Alcohols,,,,False,,,,2.0,,0.4,,,,1.3480374395884347,1.3571760749488024,1.371896170108042,Chang et al. 2024: n 0.4–2.0 µm,Chang,False,False,False,,organic,False
,,,ethanol,C2H5OH (Ethanol),transparent dielectric,organic/C2H6O - ethanol/nk/Myers.yml,Alcohols,,,,True,,,,25.0224,,1.28221,,,,1.3923156630119362,1.34841,nan,"Myers et al. 2018: n,k 1.28–25.0 µm",Myers,False,False,False,,organic,False
,,,ethanol,C2H5OH (Ethanol),transparent dielectric,organic/C2H6O - ethanol/nk/Sani.yml,Alcohols,,,,True,8.360781382228491e-08,,,30.0,,0.2,,1.3607480888575458,,1.3608809364006942,1.356375637255713,1.3724277871254946,"Sani and Dell'Oro 2016: n,k 0.185–61 µm",Sani,False,False,False,,organic,False
,,,ethanol,C2H5OH (Ethanol),transparent dielectric,organic/C2H6O - ethanol/nk/Sani-formula.yml,Alcohols,,,,True,8.360781382228491e-08,,,2.7991,,0.2,,1.360400799622601,,1.3474714412739852,1.3561403167715305,1.372504314266551,"Sani and Dell'Oro 2016: Dispersion formula; n,k 0.185–2.8 µm",Sani-formula,False,False,False,,organic,False
,,,ethanol,C2H5OH (Ethanol),transparent dielectric,organic/C2H6O - ethanol/nk/Kedenburg.yml,Alcohols,,,,True,6.78e-09,,,1.6,,0.5,,1.3611848686583554,,nan,1.3572402077900014,1.365008505010966,"Kedenburg et al. 2012: n 0.5–1.6 µm, k 0.5–1.75 µm",Kedenburg,False,False,False,,organic,False
,,,ethanol,C2H5OH (Ethanol),transparent dielectric,organic/C2H6O - ethanol/nk/Kozma.yml,Alcohols,,,,False,,,,0.6407,,0.23,,,,nan,nan,1.3730504211842978,Kozma et al. 2005: n 0.230–0.641 µm,Kozma,False,False,False,,organic,False
,,,propanol,C3H7OH (Propanol),transparent dielectric,organic/C3H8O - propanol/nk/Kozma.yml,Alcohols,,,,False,,,,0.6407,,0.23,,,,nan,nan,1.3899309049170463,Kozma et al. 2005: iso-propanol; n 0.230–0.641 µm,Kozma,False,False,False,,organic,False
,,,propanol,C3H7OH (Propanol),transparent dielectric,organic/C3H8O - propanol/nk/Chang.yml,Alcohols,,,,False,,,,2.0,,0.4,,,,1.3721831330710061,1.3803512375725517,1.39514771008084,Chang et al. 2024: n 0.4–2.0 µm,Chang,False,False,False,,organic,False
,,,propanol,C3H7OH (Propanol),transparent dielectric,organic/C3H8O - propanol/nk/Wang-20C.yml,Alcohols,,,,True,,,,19.06,,1.66,,,,1.3674068935141845,1.376,nan,"Wang et al. 2018: iso-propanol, 20 °C; n,k 1.66–19.1 µm",Wang-20C,True,False,False,,organic,False
,,,propanol,C3H7OH (Propanol),transparent dielectric,organic/C3H8O - propanol/nk/Wang-50C.yml,Alcohols,,,,True,,,,19.06,,1.66,,,,1.357,1.358,nan,"Wang et al. 2018: iso-propanol, 50 °C; n,k 1.66–19.1 µm",Wang-50C,True,False,False,,organic,False
,,,propanol,C3H7OH (Propanol),transparent dielectric,organic/C3H8O - propanol/nk/Wang-70C.yml,Alcohols,,,,True,,,,19.06,,1.66,,,,1.351,1.387,nan,"Wang et al. 2018: iso-propanol, 70 °C; n,k 1.66–19.1 µm",Wang-70C,True,False,False,,organic,False
,,,propanol,C3H7OH (Propanol),transparent dielectric,organic/C3H8O - propanol/nk/Myers.yml,Alcohols,,,,True,,,,25.0194,,1.28246,,,,1.3718640342035189,1.36228,nan,"Myers et al. 2018: iso-propanol; n,k 1.28–25.0 µm",Myers,False,False,False,,organic,False
,,,propanol,C3H7OH (Propanol),transparent dielectric,organic/C3H8O - propanol/nk/Sani.yml,Alcohols,,,,True,6.512575313822285e-08,,,30.0,,0.2,,1.377284093794076,,1.3738082794509145,1.3727692279417847,1.3895176290630302,"Sani and Dell'Oro 2016: iso-propanol; n,k 0.185–61 µm",Sani,False,False,False,,organic,False
,,,propanol,C3H7OH (Propanol),transparent dielectric,organic/C3H8O - propanol/nk/Sani-formula.yml,Alcohols,,,,True,6.512575313822285e-08,,,2.7991,,0.2,,1.376783326621659,,1.3650959401059766,1.3724465626241158,1.3892760195395646,"Sani and Dell'Oro 2016: iso-propanol; Dispersion formula; n,k 0.185–2.8 µm",Sani-formula,False,False,False,,organic,False
,,,propanol,C3H7OH (Propanol),transparent dielectric,organic/C3H8O - propanol/nk/Moutzouris.yml,Alcohols,,,,False,,,,1.551,,0.45,,,,nan,1.3785867083777823,1.3902432654181887,Moutzouris et al. 2013: 1-Propanol; n 0.450–1.55 µm,Moutzouris,False,False,False,,organic,False
,,,butanol,C4H9OH (Butanol),transparent dielectric,organic/C4H10O - butanol/nk/El-Kashef.yml,Alcohols,,,,False,,,,0.8,,0.4,,,,nan,1.3924661453125,1.4157195812499999,El-Kashef 2000: n 0.4–0.8 µm,El-Kashef,False,False,False,,organic,False
,,,butanol,C4H9OH (Butanol),transparent dielectric,organic/C4H10O - butanol/nk/Chang.yml,Alcohols,,,,False,,,,2.0,,0.4,,,,1.3864267885972579,1.3942339591039068,1.4099463876048157,Chang et al. 2024: n 0.4–2.0 µm,Chang,False,False,False,,organic,False
,,,butanol,C4H9OH (Butanol),transparent dielectric,organic/C4H10O - butanol/nk/Wang-20C.yml,Alcohols,,,,True,,,,19.06,,1.66,,,,1.3910138514803363,1.3886339190523858,nan,"Wang et al. 2018: n-Butanol, 20 °C; n,k 1.66–19.1 µm",Wang-20C,True,False,False,,organic,False
,,,butanol,C4H9OH (Butanol),transparent dielectric,organic/C4H10O - butanol/nk/Wang-60C.yml,Alcohols,,,,True,,,,19.06,,1.66,,,,1.3783463195437482,1.41096,nan,"Wang et al. 2018: n-Butanol, 60 °C; n,k 1.66–19.1 µm",Wang-60C,True,False,False,,organic,False
,,,butanol,C4H9OH (Butanol),transparent dielectric,organic/C4H10O - butanol/nk/Wang-90C.yml,Alcohols,,,,True,,,,19.06,,1.66,,,,1.376411600470177,1.408213544591727,nan,"Wang et al. 2018: n-Butanol, 90 °C; n,k 1.66–19.1 µm",Wang-90C,True,False,False,,organic,False
,,,butanol,C4H9OH (Butanol),transparent dielectric,organic/C4H10O - butanol/nk/Moutzouris-n.yml,Alcohols,,,,False,,,,1.551,,0.45,,,,nan,1.390945527323283,1.4031000124641235,Moutzouris et al. 2013: n-Butanol; n 0.450–1.55 µm,Moutzouris-n,False,False,False,,organic,False
,,,butanol,C4H9OH (Butanol),transparent dielectric,organic/C4H10O - butanol/nk/Moutzouris-iso.yml,Alcohols,,,,False,,,,1.551,,0.45,,,,nan,1.3887247134371827,1.4006499837311355,Moutzouris et al. 2013: iso-Butanol; n 0.450–1.55 µm,Moutzouris-iso,False,False,False,,organic,False
,,,pentanol,"C5H11OH (Pentanol, amyl alcohol)",transparent dielectric,organic/C5H12O - pentanol/nk/Moutzouris-normal.yml,Alcohols,,,,False,,,,1.551,,0.45,,,,nan,1.402531291219583,1.4152000109184997,Moutzouris et al. 2013: Normal amyl alcohol; n 0.450–1.55 µm,Moutzouris-normal,False,False,False,,organic,False
,,,pentanol,"C5H11OH (Pentanol, amyl alcohol)",transparent dielectric,organic/C5H12O - pentanol/nk/Moutzouris-iso.yml,Alcohols,,,,False,,,,1.551,,0.45,,,,nan,1.3997281548381442,1.4121800124755823,Moutzouris et al. 2013: Isoamyl alcohol; n 0.450–1.55 µm,Moutzouris-iso,False,False,False,,organic,False
,,,octanol,C8H17OH (Octanol),transparent dielectric,organic/C8H18O - octanol/nk/Chang.yml,Alcohols,,,,False,,,,2.0,,0.4,,,,1.4160526474318722,1.4237323416847247,1.4406194804387886,Chang et al. 2024: n 0.4–2.0 µm,Chang,False,False,False,,organic,False
,,,ethylene_glycol,C2H4(OH)2 (Ethylene glycol),error,organic/C2H6O2 - ethylene glycol/nk/Otanicar.yml,Alcohols,,,ValueError('/home/claude/rii/data/organic/C2H6O2 - ethylene glycol/nk/Otanicar.y,,,,,,,,,,,,,,Otanicar 2009: k 0.2–1.5 µm,Otanicar,,,,,organic,
,,,ethylene_glycol,C2H4(OH)2 (Ethylene glycol),transparent dielectric,organic/C2H6O2 - ethylene glycol/nk/Sani.yml,Alcohols,,,,True,5.402578947368421e-08,,,30.0,,0.2,,1.431219298245614,,1.4287631842989847,1.426163967809361,1.4447907043583947,"Sani and Dell'Oro 2014: n,k 0.185–55.0 µm",Sani,False,False,False,,organic,False
,,,ethylene_glycol,C2H4(OH)2 (Ethylene glycol),transparent dielectric,organic/C2H6O2 - ethylene glycol/nk/Sani-formula.yml,Alcohols,,,,True,5.402578947368421e-08,,,2.799,,0.2,,1.4311116325180324,,1.4166925863590165,1.4262024425027466,1.445101715273267,"Sani and Dell'Oro 2014: Dispersion formula; n,k 0.185–2.8 µm",Sani-formula,False,False,False,,organic,False
,,,ethylene_glycol,C2H4(OH)2 (Ethylene glycol),transparent dielectric,organic/C2H6O2 - ethylene glycol/nk/Kozma.yml,Alcohols,,,,False,,,,0.6407,,0.23,,,,nan,nan,1.4416426462320673,Kozma et al. 2005: n 0.230–0.641 µm,Kozma,False,False,False,,organic,False
,,,ethylene_glycol,C2H4(OH)2 (Ethylene glycol),transparent dielectric,organic/C2H6O2 - ethylene glycol/nk/El-Kashef.yml,Alcohols,,,,False,,,,0.8,,0.4,,,,nan,1.4147200328125,1.4984201312499998,El-Kashef 2000: n 0.4–0.8 µm,El-Kashef,False,False,False,,organic,False
,,,propylene_glycol,C3H6(OH)2 (Propylene glycol),transparent dielectric,organic/C3H8O2 - propylene glycol/nk/Otanicar.yml,Alcohols,,,,True,6.54e-08,,,0.656,,0.434,,1.4394885074626866,,nan,nan,1.449,"Otanicar et al. 2009: n 0.434–0.656 µm, k 0.2–1.5 µm",Otanicar,False,False,False,,organic,False
,,,pentanediol,C5H10(OH)2 (Pentanediol),transparent dielectric,organic/C5H12O2 - pentanediol/nk/Moutzouris.yml,Alcohols,,,,False,,,,1.551,,0.45,,,,nan,1.4378287595780737,1.4532700009391293,Moutzouris et al. 2013: n 0.450–1.55 µm,Moutzouris,False,False,False,,organic,False
,,,glycerol,C3H5(OH)3 (Glycerol),transparent dielectric,organic/C3H8O3 - glycerol/nk/Rheims.yml,Alcohols,,,,False,,,,1.05,,0.5893,,,,nan,1.4664162871554105,1.472204722646222,Rheims et al. 1997: n 0.589–1.05 µm,Rheims,False,False,False,,organic,False
,,,glycerol,C3H5(OH)3 (Glycerol),transparent dielectric,organic/C3H8O3 - glycerol/nk/Nyakuchena.yml,Alcohols,,,,False,,,,1.65,,1.1,,,,nan,1.46289873553719,nan,Nyakuchena et al. 2023: n 1.10–1.65 µm,Nyakuchena,False,False,False,,organic,False
,,,glycerol,C3H5(OH)3 (Glycerol),transparent dielectric,organic/C3H8O3 - glycerol/nk/Gupta.yml,Alcohols,,,,False,,,,0.71,,0.4,,,,nan,nan,1.48403066709375,Gupta et al. 2022: n 0.40–0.71 µm,Gupta,False,False,False,,organic,False
,,,glycerol,C3H5(OH)3 (Glycerol),error,organic/C3H8O3 - glycerol/nk/Wang.yml,Alcohols,,,ValueError('/home/claude/rii/data/organic/C3H8O3 - glycerol/nk/Wang.yml: no refr,,,,,,,,,,,,,,Wang et al. 2017: k 1.2–1.9 µm,Wang,,,,,organic,
,,,glycerol,C3H5(OH)3 (Glycerol),transparent dielectric,organic/C3H8O3 - glycerol/nk/Birkhoff.yml,Alcohols,,,,True,0.0,,,0.61992,,0.2,,1.4709639953542393,,nan,nan,1.4824548745171815,"Birkhoff et al. 1978: n,k 0.0512–0.620 µm",Birkhoff,False,False,False,,organic,False
,,,tetrahydrofuran,"C4H8O (Tetrahydrofuran, THF)",transparent dielectric,organic/C4H8O - tetrahydrofuran/nk/Li.yml,Ethers,,,,False,,,,1.7,,0.2,,,,nan,1.4005156471001603,1.4250240009603807,Li et al. 2022: n 0.2–1.7 µm,Li,False,False,False,,organic,False
,,,tetrahydrofuran,"C4H8O (Tetrahydrofuran, THF)",transparent dielectric,organic/C4H8O - tetrahydrofuran/nk/Chang.yml,Ethers,,,,False,,,,2.0,,0.4,,,,1.3960837318635755,1.4024135113199638,1.41751938098945,Chang et al. 2024: n 0.4–2.0 µm,Chang,False,False,False,,organic,False
,,,dioxane,C4H8O2 (Dioxane),transparent dielectric,organic/C4H8O2 - dioxane/nk/Moutzouris.yml,Ethers,,,,False,,,,1.551,,0.45,,,,nan,1.4162744738244186,1.4280599938179805,Moutzouris et al. 2013: n 0.450–1.55 µm,Moutzouris,False,False,False,,organic,False
,,,dioxane,C4H8O2 (Dioxane),transparent dielectric,organic/C4H8O2 - dioxane/nk/Chang.yml,Ethers,,,,False,,,,2.0,,0.4,,,,1.410665363274817,1.4171073506212373,1.43431753805967,Chang et al. 2024: n 0.4–2.0 µm,Chang,False,False,False,,organic,False
,,,acetone,C3H6O (Acetone),transparent dielectric,organic/C3H6O - acetone/nk/Rheims.yml,Ketones,,,,False,,,,0.83,,0.4765,,,,nan,1.3547111292703378,1.3644309311296854,Rheims et al. 1997: n 0.477–0.83 µm,Rheims,False,False,False,,organic,False
,,,acetone,C3H6O (Acetone),transparent dielectric,organic/C3H6O - acetone/nk/Chang.yml,Ketones,,,,False,,,,2.0,,0.4,,,,1.347880460404719,1.3525894038561037,1.370561250159191,Chang et al. 2024: n 0.4–2.0 µm,Chang,False,False,False,,organic,False
,,,acetic_acid,C2H4O2 (Acetic acid),transparent dielectric,organic/C2H4O2 - acetic acid/nk/El-Kashef.yml,Carboxylic acids,,,,False,,,,0.8,,0.4,,,,nan,1.357695284375,1.4078891375,El-Kashef 2000: n 0.4–0.8 µm,El-Kashef,False,False,False,,organic,False
,,,valeric_acid,C5H10O2 (Valeric acid),transparent dielectric,organic/C5H10O2 - valeric acid/nk/Rubio.yml,Carboxylic acids,,,,False,,,,0.59,,0.4,,,,nan,nan,1.4210038125,Rubio et al. 2015: n 0.400–0.590 µm,Rubio,False,False,False,,organic,False
,,,caproic_acid,C6H12O2 (Caproic acid),transparent dielectric,organic/C6H12O2 - caproic acid/nk/Rubio.yml,Carboxylic acids,,,,False,,,,0.59,,0.4,,,,nan,nan,1.429882375,Rubio et al. 2015: n 0.400–0.590 µm,Rubio,False,False,False,,organic,False
,,,enanthic_acid,C7H14O2 (Enanthic acid),transparent dielectric,organic/C7H14O2 - enanthic acid/nk/Rubio.yml,Carboxylic acids,,,,False,,,,0.59,,0.4,,,,nan,nan,1.436071375,Rubio et al. 2015: n 0.400–0.590 µm,Rubio,False,False,False,,organic,False
,,,caprylic_acid,C8H16O2 (Caprylic acid),transparent dielectric,organic/C8H16O2 - caprylic acid/nk/Rubio.yml,Carboxylic acids,,,,False,,,,0.59,,0.4,,,,nan,nan,1.4414205625,Rubio et al. 2015: n 0.400–0.590 µm,Rubio,False,False,False,,organic,False
,,,pelargonic_acid,C9H18O2 (Pelargonic acid),transparent dielectric,organic/C9H18O2 - pelargonic acid/nk/Rubio.yml,Carboxylic acids,,,,False,,,,0.59,,0.4,,,,nan,nan,1.445907625,Rubio et al. 2015: n 0.400–0.590 µm,Rubio,False,False,False,,organic,False
,,,oleic_acid,C18H34O2 (Oleic acid),transparent dielectric,organic/C18H34O2 - oleic acid/nk/Jones.yml,Carboxylic acids,,,,False,,,,0.67,,0.495,,,,nan,nan,1.4756963845331816,Jones et al. 2015: n 0.595–0.670 µm,Jones,False,False,False,,organic,False
,,,oleic_acid,C18H34O2 (Oleic acid),transparent dielectric,organic/C18H34O2 - oleic acid/nk/McGinty.yml,Carboxylic acids,,,,True,,,,13.328814,,2.0003505,,,,1.4668736403769498,nan,nan,"McGinty et al. 2009: n,k 2.00–13.3 µm",McGinty,False,False,False,,organic,False
,,,trifluoroacetic_anhydride,"(CF3CO)2O (Trifluoroacetic anhydride, TFAA)",transparent dielectric,organic/C4F6O3 - trifluoroacetic anhydride/nk/Chang.yml,Acid anhydrides,,,,False,,,,2.0,,0.4,,,,1.2630833430664408,1.2661979842252682,1.277982948677618,Chang et al. 2024: n 0.4–2.0 µm,Chang,False,False,False,,organic,False
,,,ethyl_acetate,"C4H8O2 (Ethyl acetate, EtOAc, EA)",transparent dielectric,organic/C4H8O2 - ethyl acetate/nk/Kozma.yml,Esters,,,,False,,,,0.6407,,0.2484,,,,nan,nan,1.387265110918401,Kozma et al. 2005: n 0.248–0.641 µm,Kozma,False,False,False,,organic,False
,,,ethyl_acetate,"C4H8O2 (Ethyl acetate, EtOAc, EA)",transparent dielectric,organic/C4H8O2 - ethyl acetate/nk/Li.yml,Esters,,,,False,,,,1.7,,0.2,,,,nan,1.3667436283098644,1.389797005894733,Li et al. 2022: n 0.2–1.7 µm,Li,False,False,False,,organic,False
,,,propyl_acetate,"C5H10O2 (Propyl acetate, PAC, IPAC)",transparent dielectric,organic/C5H10O2 - propyl acetate/nk/Li.yml,Esters,,,,False,,,,1.7,,0.2,,,,nan,1.3694696883231385,1.3927055833479631,Li et al. 2022: isopropyl acetate; n 0.2–1.7 µm,Li,False,False,False,,organic,False
,,,methyl_salicylate,C8H8O3 (Methyl salicylate),transparent dielectric,organic/C8H8O3 - methyl salicylate/nk/Rheims.yml,Esters,,,,False,,,,1.05,,0.5893,,,,nan,1.5206291943201187,1.5343343765734394,Rheims et al. 1997: n 0.589–1.05 µm,Rheims,False,False,False,,organic,False
,,,ethyl_salicylate,C9H10O3 (Ethyl salicylate),transparent dielectric,organic/C9H10O3 - ethyl salicylate/nk/Rheims.yml,Esters,,,,False,,,,1.05,,0.5893,,,,nan,1.5078045733768675,1.520391158471706,Rheims et al. 1997: n 0.589–1.05 µm,Rheims,False,False,False,,organic,False
,,,ethyl_cinnamate,C11H12O2 (Ethyl cinnamate),transparent dielectric,organic/C11H12O2 - ethyl cinnamate/nk/Krauter.yml,Esters,,,,False,,,,0.7,,0.45,,,,nan,nan,1.5918797286998931,Krauter et al. 2015: n 0.45–0.70 µm,Krauter,False,False,False,,organic,False
,,,diethyl_phthalate,"C12H14O4 (Diethyl phthalate, DEP)",transparent dielectric,organic/C12H14O4 - diethyl phthalate/nk/Querry-NIR.yml,Esters,,,,True,,,,2.4995,,0.8095,,,,1.494,1.499,nan,"Querry 1987: Near-infrared; n,k 0.81–2.5 µm",Querry-NIR,False,False,False,,organic,False
,,,diethyl_phthalate,"C12H14O4 (Diethyl phthalate, DEP)",transparent dielectric,organic/C12H14O4 - diethyl phthalate/nk/Querry-IR.yml,Esters,,,,True,,,,30.0,,2.5,,,,1.5500055137429607,nan,nan,"Querry 1987: Infrared; n,k 2.5–56 µm",Querry-IR,False,False,False,,organic,False
,,,diisopropylaminoethanol,"C8H19NO (Diisopropylaminoethanol, DIPA)",transparent dielectric,organic/C8H19NO - diisopropylaminoethanol/nk/Myers.yml,Amines,,,,True,,,,25.0203,,1.28244,,,,1.4359129683028284,1.4287,nan,"Myers et al. 2018: n,k 1.28–25.0 µm",Myers,False,False,False,,organic,False
,,,tyrosine,C9H11NO3 (Tyrosine),other,organic/C9H11NO3 - tyrosine/nk/Leite.yml,Amino acids,,,,True,,,,0.32,,0.21,,,,nan,nan,nan,"Leite et al. 2022: L-Tyrosine; n,k 0.210–0.320 µm",Leite,False,False,False,,organic,False
,,,acetonitrile,C2H3N (Acetonitrile),transparent dielectric,organic/C2H3N - acetonitrile/nk/Kozma.yml,Nitriles,,,,False,,,,0.6407,,0.23,,,,nan,nan,1.3533833302993117,Kozma et al. 2005: n 0.230–0.641 µm,Kozma,False,False,False,,organic,False
,,,acetonitrile,C2H3N (Acetonitrile),transparent dielectric,organic/C2H3N - acetonitrile/nk/Chang.yml,Nitriles,,,,False,,,,2.0,,0.4,,,,1.3344026452767905,1.3384503716279303,1.3537908031737107,Chang et al. 2024: n 0.4–2.0 µm,Chang,False,False,False,,organic,False
,,,acetonitrile,C2H3N (Acetonitrile),transparent dielectric,organic/C2H3N - acetonitrile/nk/Myers.yml,Nitriles,,,,True,,,,25.0194,,1.28246,,,,1.3445750418962081,1.3338,nan,"Myers et al. 2018: n,k 1.28–25.0 µm",Myers,False,False,False,,organic,False
,,,acetonitrile,C2H3N (Acetonitrile),transparent dielectric,organic/C2H3N - acetonitrile/nk/Moutzouris.yml,Nitriles,,,,False,,,,1.551,,0.45,,,,nan,1.337162136465347,1.3468624158587532,Moutzouris et al. 2013: n 0.450–1.55 µm,Moutzouris,False,False,False,,organic,False
,,,trichloroacetonitrile,C2Cl3N (Trichloroacetonitrile),transparent dielectric,organic/C2Cl3N - trichloroacetonitrile/nk/Chang.yml,Nitriles,,,,False,,,,2.0,,0.4,,,,1.42574159027183,1.43085249966121,1.4502225474531354,Chang et al. 2024: n 0.4–2.0 µm,Chang,False,False,False,,organic,False
,,,urea,CH4N2O (Urea),transparent dielectric,organic/CH4N2O - urea/nk/Rosker-o.yml,Other non-polymer compounds,,,,False,,,,1.06,,0.3,,,,nan,1.4841368649983138,1.509439328545053,Rosker et al. 1985: n(o) 0.3–1.06 µm,Rosker-o,False,False,False,,organic,False
,,,urea,CH4N2O (Urea),transparent dielectric,organic/CH4N2O - urea/nk/Rosker-e.yml,Other non-polymer compounds,,,,False,,,,1.06,,0.3,,,,nan,1.5950095913444446,1.639904400784218,Rosker et al. 1985: n(e) 0.3–1.06 µm,Rosker-e,False,False,False,,organic,False
,,,dimethyl_sulfoxide,"C2H6OS (Dimethyl sulfoxide, DMSO)",transparent dielectric,organic/C2H6OS - dimethyl sulfoxide/nk/Kozma.yml,Other non-polymer compounds,,,,False,,,,0.6407,,0.23687,,,,nan,nan,1.497621991164235,Kozma et al. 2005: n 0.237–0.641 µm,Kozma,False,False,False,,organic,False
,,,dimethyl_sulfoxide,"C2H6OS (Dimethyl sulfoxide, DMSO)",transparent dielectric,organic/C2H6OS - dimethyl sulfoxide/nk/Li.yml,Other non-polymer compounds,,,,False,,,,1.7,,0.2,,,,nan,1.4696647502368492,1.5051753632574214,Li et al. 2022: n 0.2–1.7 µm,Li,False,False,False,,organic,False
,,,dimethylformamide,"C3H7NO (Dimethylformamide, DMF)",transparent dielectric,organic/C3H7NO - dimethylformamide/nk/Li.yml,Other non-polymer compounds,,,,False,,,,1.7,,0.215,,,,nan,1.4224041961394094,1.454328422958188,Li et al. 2022: n 0.215–1.7 µm,Li,False,False,False,,organic,False
,,,dimethyl_methylphosphonate,"C3H9O3P (Dimethyl methylphosphonate, DMMP)",transparent dielectric,organic/C3H9O3P - dimethyl methylphosphonate/nk/Querry-NIR.yml,Other non-polymer compounds,,,,True,,,,2.4995,,0.8045,,,,1.406,1.412,nan,"Querry 1987: Near-infrared; n,k 0.80–2.5 µm",Querry-NIR,False,False,False,,organic,False
,,,dimethyl_methylphosphonate,"C3H9O3P (Dimethyl methylphosphonate, DMMP)",transparent dielectric,organic/C3H9O3P - dimethyl methylphosphonate/nk/Querry-IR.yml,Other non-polymer compounds,,,,True,,,,30.0,,2.5,,,,1.4541892746645366,nan,nan,"Querry 1987: Infrared; n,k 2.5–56 µm",Querry-IR,False,False,False,,organic,False
,,,dimethyl_methylphosphonate,"C3H9O3P (Dimethyl methylphosphonate, DMMP)",transparent dielectric,organic/C3H9O3P - dimethyl methylphosphonate/nk/Myers.yml,Other non-polymer compounds,,,,True,,,,25.0224,,1.28221,,,,1.3993534384228454,1.40098,nan,"Myers et al. 2018: n,k 1.28–25.0 µm",Myers,False,False,False,,organic,False
,,,diethyl_sulfite,"C4H10O3S (Diethyl sulfite, DES)",transparent dielectric,organic/C4H10O3S - diethyl sulfite/nk/Querry.yml,Other non-polymer compounds,,,,True,1e-06,,,19.6078,,0.3,,1.442,,1.4514660430456043,1.442,1.442,"Querry 1987: n,k 0.270–19.6 µm",Querry,False,False,False,,organic,False
,,,diisopropyl_methylphosphonate,"C7H17O3P (Diisopropyl methylphosphonate, DIMP)",transparent dielectric,organic/C7H17O3P - diisopropyl methylphosphonate/nk/Querry-NIR.yml,Other non-polymer compounds,,,,True,,,,2.499,,0.814,,,,1.411,1.415,nan,"Querry 1987: Near-infrared; n,k 0.81–2.5 µm",Querry-NIR,False,False,False,,organic,False
,,,diisopropyl_methylphosphonate,"C7H17O3P (Diisopropyl methylphosphonate, DIMP)",transparent dielectric,organic/C7H17O3P - diisopropyl methylphosphonate/nk/Querry-IR.yml,Other non-polymer compounds,,,,True,,,,30.0,,2.5,,,,1.4609474157863291,nan,nan,"Querry 1987: Infrared; n,k 2.5–56 µm",Querry-IR,False,False,False,,organic,False
,,,potassium_hydrogen_phthalate,"C8H5KO4 (Potassium hydrogen phthalate, KHP)",transparent dielectric,organic/C8H5KO4 - potassium hydrogen phthalate/nk/Moutzouris-alpha.yml,Other non-polymer compounds,,,,False,,,,1.551,,0.45,,,,nan,1.648019799543741,1.6964929597759548,Moutzouris et al. 2011: n(α) 0.450–1.55 µm,Moutzouris-α,False,False,False,,organic,False
,,,potassium_hydrogen_phthalate,"C8H5KO4 (Potassium hydrogen phthalate, KHP)",transparent dielectric,organic/C8H5KO4 - potassium hydrogen phthalate/nk/Moutzouris-beta.yml,Other non-polymer compounds,,,,False,,,,1.551,,0.45,,,,nan,1.6494532326304272,1.6936180243833512,Moutzouris et al. 2011: n(β) 0.450–1.55 µm,Moutzouris-β,False,False,False,,organic,False
,,,potassium_hydrogen_phthalate,"C8H5KO4 (Potassium hydrogen phthalate, KHP)",transparent dielectric,organic/C8H5KO4 - potassium hydrogen phthalate/nk/Moutzouris-gamma.yml,Other non-polymer compounds,,,,False,,,,1.551,,0.45,,,,nan,1.4889513480290337,1.511734110170546,Moutzouris et al. 2011: n(γ) 0.450–1.55 µm,Moutzouris-γ,False,False,False,,organic,False
,,,acetaminophen,C8H9NO2 (Acetaminophen),transparent dielectric,organic/C8H9NO2 - acetaminophen/nk/Juntunen.yml,Other non-polymer compounds,,,,False,,,,1.65,,1.1,,,,nan,1.6235609726111606,nan,Juntunen et al. 2024: n 1.10–1.65 µm,Juntunen,False,False,False,,organic,False
,,,cinnamaldehyde,C9H8O (Cinnamaldehyde),transparent dielectric,organic/C9H8O - cinnamaldehyde/nk/Rheims.yml,Other non-polymer compounds,,,,False,,,,1.05,,0.5893,,,,nan,1.5958594431496858,1.6209009972167288,Rheims et al. 1997: n 0.589–1.05 µm,Rheims,False,False,False,,organic,False
,,,lactose_monohydrate,C12H24O12 (Lactose monohydrate),transparent dielectric,organic/C12H24O12 - lactose monohydrate/nk/Juntunen.yml,Other non-polymer compounds,,,,False,,,,1.65,,1.1,,,,nan,1.542247114268151,nan,Juntunen et al. 2024: n 1.10–1.65 µm,Juntunen,False,False,False,,organic,False
,,,rhodamine_6g,C28H31ClN2O3 (Rhodamine 6G),transparent dielectric,organic/C28H31ClN2O3 - Rhodamine 6G/nk/Seckin.yml,Other non-polymer compounds,,,,True,0.034352,,,1.69,,0.2,,2.075739,,nan,1.777240906340744,1.8584335578655296,"Seçkin et al. 2023: n,k 0.193–1.69 µm",Seckin,False,False,False,,organic,False
1.1357828835279136,,5.3502175434171315,SQIB,C32H44N2O6 (SQIB),ENZ,organic/C32H44N2O6 - SQIB/nk/Funke-alpha.yml,Other non-polymer compounds,0.4611571365613769,0.5170938887776425,,True,2.06128,0.5719106070841873,0.6227256395342621,0.9,0.5719106070841873,0.45,,0.83672,2,nan,nan,nan,"Funke et al. 2011: n,k(α) 0.450–0.900 µm",Funke-α,False,False,True,,organic,False
1.6072204253227806,,10.769417189150891,SQIB,C32H44N2O6 (SQIB),metal,organic/C32H44N2O6 - SQIB/nk/Funke-beta.yml,Other non-polymer compounds,0.6073873821804653,0.6067081517838319,,True,0.45927,0.6815986580629386,0.7093839087791252,0.9,0.6606149932355102,0.45,,0.61141,2,nan,nan,nan,"Funke et al. 2021: n,k(β) 0.450–0.900 µm",Funke-β,False,False,True,,organic,True
,,,SQIB,C32H44N2O6 (SQIB),error,organic//C32H44N2O6 - SQIB/nk/Funke-gamma.yml,Other non-polymer compounds,,,"AttributeError(""'str' object has no attribute 'get'"")",,,,,,,,,,,,,,"Funke et al. 2021: n,k(γ) 0.450–0.900 µm",Funke-γ,,,,,organic,
0.5772957265491294,,1.5436276592453904,ProSQ-C16,C50H80N2O4 (ProSQ-C16),metal,organic/C50H80N2O4 - ProSQ-C16/nk/Bernhardt-RR-SS-o.yml,Other non-polymer compounds,1.4511278630735116,0.7103081395670309,,True,0.2535076729559748,0.7449538209213754,0.7546925283441861,1.68847,0.7449538209213754,0.30011,,1.3654988679245283,2,nan,2.376067077764162,nan,"Bernhardt et al. 2024: Enantiomerically pure; n,k(o) 0.300–1.69 µm",Bernhardt-SS-RR-o,False,False,True,,organic,True
,,,ProSQ-C16,C50H80N2O4 (ProSQ-C16),absorber (visible),organic/C50H80N2O4 - ProSQ-C16/nk/Bernhardt-RR-SS-e.yml,Other non-polymer compounds,,,,True,0.6999565408805035,,,1.68847,,0.30011,,2.365089685534591,,nan,2.1205035280156666,nan,"Bernhardt et al. 2024: Enantiomerically pure; n,k(e) 0.300–1.69 µm",Bernhardt-SS-RR-e,False,False,False,,organic,False
,,,ProSQ-C16,C50H80N2O4 (ProSQ-C16),ENZ,organic/C50H80N2O4 - ProSQ-C16/nk/Bernhardt-rac-o.yml,Other non-polymer compounds,1.5916105615686909,0.6920944947213888,,True,0.2720374842767295,,,1.68847,,0.30011,,1.1675778616352201,2,nan,2.2741650047260804,nan,"Bernhardt et al. 2024: Racemic mixture; n,k(o) 0.300–1.69 µm",Bernhardt-rac-o,False,False,False,,organic,False
,,,ProSQ-C16,C50H80N2O4 (ProSQ-C16),absorber (visible),organic/C50H80N2O4 - ProSQ-C16/nk/Bernhardt-rac-e.yml,Other non-polymer compounds,,,,True,0.5928299371069187,,,1.68847,,0.30011,,2.2970448427672956,,nan,2.011396775617246,nan,"Bernhardt et al. 2024: Racemic mixture; n,k(e) 0.300–1.69 µm",Bernhardt-rac-e,False,False,False,,organic,False
,,,polyvinil_chloride,"(C2H3Cl)n (Polyvinyl chloride, PVC)",transparent dielectric,organic/(C2H3Cl)n - polyvinyl chloride/nk/Zhang.yml,Polymers,,,,True,2.15e-06,,,19.942,,0.4,,1.54137,,1.5261022412633987,1.5356564970336404,1.56135,"Zhang et al. 2020: n,k 0.4–20 µm",Zhang,False,False,False,,organic,False
,,,polyethylene,"(C2H4)n (Polyethylene, PE, HDPE, LDPE)",error,organic/(C2H4)n - polyethylene/nk/Smith.yml,Polymers,,,range outside 0.2-30 um,,,,,,,,,,,,,,"Smith and Loewenstein 1975: HDPE; n,k 40.0–200 µm",Smith,,,,,organic,
,,,polyethylene,"(C2H4)n (Polyethylene, PE, HDPE, LDPE)",transparent dielectric,organic/(C2H4)n - polyethylene/nk/David.yml,Polymers,,,,True,,,,12.25747,,1.999965,,,,1.550774481854906,1.333523,nan,"David et al. 2022: LLDPE film; n,k 2.00–12.3 µm",David,False,False,False,,organic,False
,,,polyvinyl_alcohol,"(C2H4O)n (Polyvinyl alcohol, PVA)",transparent dielectric,organic/(C2H4O)n - polyvinyl alcohol/nk/Schnepf.yml,Polymers,,,,False,,,,1.5,,0.3,,,,nan,1.470320447502888,1.5013351277958835,Schnepf et al. 2017: n 0.3–1.5 µm,Schnepf,False,False,False,,organic,False
,,,polyvinyl_alcohol,"(C2H4O)n (Polyvinyl alcohol, PVA)",transparent dielectric,organic/(C2H4O)n - polyvinyl alcohol/nk/Bodurov.yml,Polymers,,,,False,,,,0.635,,0.405,,,,nan,nan,1.5055731031324937,Bodurov et al. 2016: n 0.405–0.635 µm,Bodurov,False,False,False,,organic,False
,,,polydimethylsiloxane,"(C2H6OSi)n (Polydimethylsiloxane, PDMS)",transparent dielectric,organic/(C2H6OSi)n - polydimethylsiloxane/nk/Schneider-RTV615.yml,Polymers,,,,False,,,,0.7,,0.35,,,,nan,nan,1.447829957428813,Schneider et al. 2009: RTV 615; n 0.35–0.70 µm,Schneider-RTV615,False,False,False,,organic,False
,,,polydimethylsiloxane,"(C2H6OSi)n (Polydimethylsiloxane, PDMS)",transparent dielectric,organic/(C2H6OSi)n - polydimethylsiloxane/nk/Schneider-Sylgard184.yml,Polymers,,,,False,,,,0.7,,0.35,,,,nan,nan,1.4491017616730675,Schneider et al. 2009: Sylgard 184; n 0.35–0.70 µm,Schneider-Sylgard184,False,False,False,,organic,False
,,,polydimethylsiloxane,"(C2H6OSi)n (Polydimethylsiloxane, PDMS)",transparent dielectric,organic/(C2H6OSi)n - polydimethylsiloxane/nk/Zhang-5-1.yml,Polymers,,,,True,1.57e-06,,,19.942,,0.4,,1.40202,,1.40090346797779,1.3969401641123358,1.41491,"Zhang et al. 2020: 5:1; n,k 0.4–20 µm",Zhang-5-1,False,False,False,,organic,False
,,,polydimethylsiloxane,"(C2H6OSi)n (Polydimethylsiloxane, PDMS)",transparent dielectric,organic/(C2H6OSi)n - polydimethylsiloxane/nk/Zhang-10-1.yml,Polymers,,,,True,1.45e-06,,,19.942,,0.4,,1.39456,,1.4035669391432937,1.3896321122378874,1.4076,"Zhang et al. 2020: 10:1; n,k 0.4–20 µm",Zhang-10-1,False,False,False,,organic,False
,,,polydimethylsiloxane,"(C2H6OSi)n (Polydimethylsiloxane, PDMS)",transparent dielectric,organic/(C2H6OSi)n - polydimethylsiloxane/nk/Zhang-15-1.yml,Polymers,,,,True,2.26e-06,,,19.942,,0.4,,1.40236,,1.3986101482199496,1.3975807040792958,1.41545,"Zhang et al. 2020: 15:1; n,k 0.4–20 µm",Zhang-15-1,False,False,False,,organic,False
,,,polydimethylsiloxane,"(C2H6OSi)n (Polydimethylsiloxane, PDMS)",transparent dielectric,organic/(C2H6OSi)n - polydimethylsiloxane/nk/Zhang-20-1.yml,Polymers,,,,True,9.32e-07,,,19.942,,0.4,,1.40715,,1.404654707413215,1.4015215715977565,1.42109,"Zhang et al. 2020: 20:1; n,k 0.4–20 µm",Zhang-20-1,False,False,False,,organic,False
,,,polydimethylsiloxane,"(C2H6OSi)n (Polydimethylsiloxane, PDMS)",transparent dielectric,organic/(C2H6OSi)n - polydimethylsiloxane/nk/Gupta.yml,Polymers,,,,False,,,,1.69,,0.3,,,,nan,1.4071193578583996,1.4251229393108131,Gupta et al. 2019: n 0.30–1.69 µm,Gupta,False,False,False,,organic,False
,,,polydimethylsiloxane,"(C2H6OSi)n (Polydimethylsiloxane, PDMS)",transparent dielectric,organic/(C2H6OSi)n - polydimethylsiloxane/nk/Gupta-UV.yml,Polymers,,,,False,,,,0.9,,0.3,,,,nan,1.4080185937398664,1.4349672241476639,Gupta et al. 2019: UV PDMS; n 0.30–0.90 µm,Gupta-UV,False,False,False,,organic,False
,,,polydimethylsiloxane,"(C2H6OSi)n (Polydimethylsiloxane, PDMS)",transparent dielectric,organic/(C2H6OSi)n - polydimethylsiloxane/nk/Querry-NIR.yml,Polymers,,,,True,,,,2.499,,0.819,,,,1.394,1.4,nan,"Querry 1987: SF-96 fluid; n,k 0.82–2.5 µm",Querry-NIR,False,False,False,,organic,False
,,,polydimethylsiloxane,"(C2H6OSi)n (Polydimethylsiloxane, PDMS)",transparent dielectric,organic/(C2H6OSi)n - polydimethylsiloxane/nk/Querry-IR.yml,Polymers,,,,True,,,,30.0,,2.5,,,,1.386,nan,nan,"Querry 1987: SF-96 fluid; n,k 2.5–56 µm",Querry-IR,False,False,False,,organic,False
,,,C2ClF3_n - polychlorotrifluoroethylene,"(C2ClF3)n (Polychlorotrifluoroethylene, PCTFE)",other,organic/(C2ClF3)n - polychlorotrifluoroethylene/nk/Smith.yml,Polymers,,,,True,,,,30.0,,28.5714,,,,nan,nan,nan,"Smith and Loewenstein 1975: n,k 28.6–200 µm",Smith,False,False,False,,organic,False
,,,polylactic_acid,"(C3H4O2)n (Polylactic acid, PLA)",transparent dielectric,organic/(C3H4O2)n - polylactic acid/nk/Bodurov.yml,Polymers,,,,False,,,,0.635,,0.405,,,,nan,nan,1.5339191803945607,Bodurov et al. 2016: PDLA; n 0.405–0.635 µm,Bodurov,False,False,False,,organic,False
,,,poly_methyl_methacrylate,"(C5H8O2)n (Poly(methyl methacrylate), PMMA)",transparent dielectric,organic/(C5H8O2)n - poly(methyl methacrylate)/nk/Sultanova.yml,Polymers,,,,False,,,,1.052,,0.4368,,,,nan,1.484297405564497,1.5021308583766633,Sultanova et al. 2009: n 0.437–1.052 µm,Sultanova,False,False,False,,organic,False
,,,poly_methyl_methacrylate,"(C5H8O2)n (Poly(methyl methacrylate), PMMA)",transparent dielectric,organic/(C5H8O2)n - poly(methyl methacrylate)/nk/Nyakuchena.yml,Polymers,,,,False,,,,1.65,,1.1,,,,nan,1.479004507746281,nan,Nyakuchena et al. 2023: n 1.10–1.65 µm,Nyakuchena,False,False,False,,organic,False
,,,poly_methyl_methacrylate,"(C5H8O2)n (Poly(methyl methacrylate), PMMA)",transparent dielectric,organic/(C5H8O2)n - poly(methyl methacrylate)/nk/Zhang-Tomson.yml,Polymers,,,,True,2.76e-07,,,19.942,,0.4,,1.48432,,1.5011116374484332,1.478647136052864,1.50029,"Zhang et al. 2020: Tomson; n,k 0.4–20 µm",Zhang-Tomson,False,False,False,,organic,False
,,,poly_methyl_methacrylate,"(C5H8O2)n (Poly(methyl methacrylate), PMMA)",transparent dielectric,organic/(C5H8O2)n - poly(methyl methacrylate)/nk/Zhang-Mitsubishi.yml,Polymers,,,,True,2.43e-07,,,19.942,,0.4,,1.49216,,1.4710982688669816,1.485813568026432,1.50818,"Zhang et al. 2020: Mitsubishi; n,k 0.4–20 µm",Zhang-Mitsubishi,False,False,False,,organic,False
,,,poly_methyl_methacrylate,"(C5H8O2)n (Poly(methyl methacrylate), PMMA)",transparent dielectric,organic/(C5H8O2)n - poly(methyl methacrylate)/nk/Tsuda.yml,Polymers,,,,False,,,,1.0,,0.6,,,,nan,1.4810177701607323,1.4867942901234568,Tsuda et al. 2018: n 0.6–1.0 µm,Tsuda,False,False,False,,organic,False
,,,poly_methyl_methacrylate,"(C5H8O2)n (Poly(methyl methacrylate), PMMA)",transparent dielectric,organic/(C5H8O2)n - poly(methyl methacrylate)/nk/Tsuda-LD.yml,Polymers,,,,True,,,,18.18,,2.5,,,,1.5182182566246023,nan,nan,"Tsuda et al. 2018: Lorentz-Drude model; n,k 2.50–18.2 µm",Tsuda-LD,False,False,False,,organic,False
,,,poly_methyl_methacrylate,"(C5H8O2)n (Poly(methyl methacrylate), PMMA)",transparent dielectric,organic/(C5H8O2)n - poly(methyl methacrylate)/nk/Tsuda-BB.yml,Polymers,,,,True,,,,18.18,,2.5,,,,1.5181699021522936,nan,nan,"Tsuda et al. 2018: Brendel-Bormann model; n,k 2.50–18.2 µm",Tsuda-BB,False,False,False,,organic,False
,,,poly_methyl_methacrylate,"(C5H8O2)n (Poly(methyl methacrylate), PMMA)",transparent dielectric,organic/(C5H8O2)n - poly(methyl methacrylate)/nk/Bodurov.yml,Polymers,,,,False,,,,0.635,,0.405,,,,nan,nan,1.504877208867518,Bodurov et al. 2016: n 0.405–0.635 µm,Bodurov,False,False,False,,organic,False
,,,poly_methyl_methacrylate,"(C5H8O2)n (Poly(methyl methacrylate), PMMA)",transparent dielectric,organic/(C5H8O2)n - poly(methyl methacrylate)/nk/Beadie.yml,Polymers,,,,False,,,,1.62,,0.42,,,,nan,1.4866965920666837,1.504952193371697,Beadie et al. 2015: n 0.42–1.62 µm,Beadie,False,False,False,,organic,False
,,,poly_methyl_methacrylate,"(C5H8O2)n (Poly(methyl methacrylate), PMMA)",transparent dielectric,organic/(C5H8O2)n - poly(methyl methacrylate)/nk/Szczurowski.yml,Polymers,,,,False,,,,1.083,,0.4047,,,,nan,1.4847268542477765,1.5051867964396775,Szczurowski 2013: n 0.405–1.08 µm,Szczurowski,False,False,False,,organic,False
,,,polyvinylpyrrolidone,"(C6H9NO)n (Polyvinylpyrrolidone, PVP)",other,organic/(C6H9NO)n - polyvinylpyrrolidone/nk/Konig.yml,Polymers,,,,True,0.00201306476960699,,,1.0,,0.375,,1.52676135802469,,nan,nan,nan,"König et al. 2014: n,k 0.375–1.0 µm",Konig,False,False,False,,organic,False
,,,cellulose,(C6H10O5)n (Cellulose),transparent dielectric,organic/(C6H10O5)n - cellulose/nk/Sultanova.yml,Polymers,,,,False,,,,1.052,,0.4368,,,,nan,1.4641679265547098,1.4809945783999352,Sultanova et al. 2009: n 0.437–1.05 µm,Sultanova,False,False,False,,organic,False
,,,cellulose,(C6H10O5)n (Cellulose),transparent dielectric,organic/(C6H10O5)n - cellulose/nk/Juntunen.yml,Polymers,,,,False,,,,1.65,,1.1,,,,nan,1.5432848371012908,nan,Juntunen et al. 2024: microcrystalline; n 1.10–1.65 µm,Juntunen,True,False,False,,organic,False
,,,poly_N-isopropylacrylamide,"(C6H11NO)n (Poly(N-isopropylacrylamide), PNIPAM)",other,organic/(C6H11NO)n - poly(N-isopropylacrylamide)/nk/Brasse.yml,Polymers,,,,True,0.0023536899810964085,,,1.688431,,0.245581,,1.5025484347826088,,nan,nan,nan,"Brasse et al. 2018: n,k 0.246–1.69 µm",Brasse,False,False,False,,organic,False
,,,C6H12_n - polymethylpentene,"(C6H12)n (Polymethylpentene, PMP)",other,organic/(C6H12)n - polymethylpentene/nk/Smith.yml,Polymers,,,,True,,,,30.0,,29.4118,,,,nan,nan,nan,"Smith and Loewenstein 1975: n,k 29.4–200 µm",Smith,False,False,False,,organic,False
,,,polystyrene,"(C8H8)n (Polystyrene, PS)",transparent dielectric,organic/(C8H8)n - polystyrene/nk/Sultanova.yml,Polymers,,,,False,,,,1.052,,0.4368,,,,nan,1.5781376699507443,1.6169649731974038,Sultanova et al. 2009: n 0.437–1.05 µm,Sultanova,False,False,False,,organic,False
,,,polystyrene,"(C8H8)n (Polystyrene, PS)",transparent dielectric,organic/(C8H8)n - polystyrene/nk/Juntunen.yml,Polymers,,,,False,,,,1.65,,1.1,,,,nan,1.568213523666416,nan,Juntunen et al. 2024: n 1.10–1.65 µm,Juntunen,False,False,False,,organic,False
,,,polystyrene,"(C8H8)n (Polystyrene, PS)",transparent dielectric,organic/(C8H8)n - polystyrene/nk/Nyakuchena.yml,Polymers,,,,False,,,,1.65,,1.1,,,,nan,1.571183974313223,nan,Nyakuchena et al. 2023: n 1.10–1.65 µm,Nyakuchena,False,False,False,,organic,False
,,,polystyrene,"(C8H8)n (Polystyrene, PS)",transparent dielectric,organic/(C8H8)n - polystyrene/nk/Zhang.yml,Polymers,,,,True,6.36e-07,,,19.942,,0.4,,1.5882,,1.5791596825840928,1.5766670817790998,1.62552,"Zhang et al. 2020: n,k 0.4–20 µm",Zhang,False,False,False,,organic,False
,,,polystyrene,"(C8H8)n (Polystyrene, PS)",transparent dielectric,organic/(C8H8)n - polystyrene/nk/Myers.yml,Polymers,,,,True,,,,25.0194,,1.28246,,,,1.5975823151540443,1.55377,nan,"Myers et al. 2018: n,k 1.28–25.0 µm",Myers,False,False,False,,organic,False
,,,polyethylene_terephthalate,"(C10H8O4)n (Polyethylene terephthalate, PET)",transparent dielectric,organic/(C10H8O4)n - polyethylene terephthalate/nk/Zhang.yml,Polymers,,,,True,1.29e-06,,,19.942,,0.4,,1.56811,,1.6512727742964641,1.5553776001682267,1.61027,"Zhang et al. 2020: n,k 0.4–20 µm",Zhang,False,False,False,,organic,False
,,,polycarbonate,"(C16H14O3)n (Polycarbonate, PC)",transparent dielectric,organic/(C16H14O3)n - polycarbonate/nk/Sultanova.yml,Polymers,,,,False,,,,1.052,,0.4368,,,,nan,1.5706578345182562,1.611353473153534,Sultanova et al. 2009: n 0.437–1.05 µm,Sultanova,False,False,False,,organic,False
,,,polycarbonate,"(C16H14O3)n (Polycarbonate, PC)",transparent dielectric,organic/(C16H14O3)n - polycarbonate/nk/Zhang.yml,Polymers,,,,True,4.8e-07,,,19.942,,0.4,,1.58873,,1.6367503957389757,1.576637136052864,1.63389,"Zhang et al. 2020: n,k 0.4–20 µm",Zhang,False,False,False,,organic,False
,,,MDMO-PPV,(C19H28O2)n (MDMO-PPV),transparent dielectric,organic/(C19H28O2)n - MDMO-PPV/nk/Kamptner-o.yml,Polymers,,,,True,0.014076937500000023,,,1.68869,,0.2,,1.9472751875,,nan,1.7102761340165944,1.8578331101289784,"Kamptner et al. 2024: n,k(o) 0.191–1.69 µm",Kamptner-o,False,False,False,,organic,False
,,,MDMO-PPV,(C19H28O2)n (MDMO-PPV),transparent dielectric,organic/(C19H28O2)n - MDMO-PPV/nk/Kamptner-e.yml,Polymers,,,,True,0.001135875000000002,,,1.68869,,0.2,,1.5065813125,,nan,1.4810221044369472,1.5058757663745141,"Kamptner et al. 2024: n,k(e) 0.191–1.69 µm",Kamptner-e,False,False,False,,organic,False
,,,ZZ50,(C31H38N2S3)n (ZZ50),absorber (visible),organic/(C31H38N2S3)n - ZZ50/nk/Kamptner-o.yml,Polymers,,,,True,0.6170879999999999,,,1.68869,,0.2,,1.2273276875,,nan,2.156792557533442,nan,"Kamptner et al. 2024: n,k(o) 0.191–1.69 µm",Kamptner-o,False,False,False,,organic,False
,,,ZZ50,(C31H38N2S3)n (ZZ50),transparent dielectric,organic/(C31H38N2S3)n - ZZ50/nk/Kamptner-e.yml,Polymers,,,,True,0.215657,,,1.68869,,0.2,,1.4949599375,,nan,1.7907192345461898,nan,"Kamptner et al. 2024: n,k(e) 0.191–1.69 µm",Kamptner-e,False,False,False,,organic,False
,,,F8BT,(C35H42N2S)n (F8BT),transparent dielectric,organic/(C35H42N2S)n - F8BT/nk/Kamptner-o.yml,Polymers,,,,True,0.0,,,1.68869,,0.2,,1.8020030516431924,,nan,1.7242761319140345,1.8902854312882793,"Kamptner et al. 2024: n,k(o) 0.191–1.69 µm",Kamptner-o,False,False,False,,organic,False
,,,F8BT,(C35H42N2S)n (F8BT),transparent dielectric,organic/(C35H42N2S)n - F8BT/nk/Kamptner-e.yml,Polymers,,,,True,0.00011208361408450737,,,1.68869,,0.2,,1.6618815023474178,,nan,1.6352286347931886,1.6740794999583977,"Kamptner et al. 2024: n,k(e) 0.191–1.69 µm",Kamptner-e,False,False,False,,organic,False
,,,polyetherimide,"(C37H24O6N2)n (Polyetherimide, PEI)",transparent dielectric,organic/(C37H24O6N2)n - polyetherimide/nk/Zhang.yml,Polymers,,,,True,3.17e-06,,,19.942,,0.4,,1.62439,,1.620201351147522,1.6205431519231772,1.65489,"Zhang et al. 2020: n,k 0.4–20 µm",Zhang,False,False,False,,organic,False
,,,PTB7,(C41H53FO4S4)n (PTB7),absorber (visible),organic/(C41H53FO4S4)n - PTB7/nk/Kamptner-o.yml,Polymers,,,,True,0.6959208124999999,,,1.68869,,0.2,,1.6933006874999998,,nan,2.022318373970052,nan,"Kamptner et al. 2024: n,k(o) 0.191–1.69 µm",Kamptner-o,False,False,False,,organic,False
,,,PTB7,(C41H53FO4S4)n (PTB7),absorber (visible),organic/(C41H53FO4S4)n - PTB7/nk/Kamptner-e.yml,Polymers,,,,True,0.37301806249999997,,,1.68869,,0.2,,1.7524070625000001,,nan,1.839266476907083,1.8599024188024522,"Kamptner et al. 2024: n,k(e) 0.191–1.69 µm",Kamptner-e,False,False,False,,organic,False
,,,PDCBT,(C42H56O4S2)n (PDCBT),absorber (visible),organic/(C42H56O4S2)n - PDCBT/nk/Kamptner-o.yml,Polymers,,,,True,0.7465370625,,,1.68869,,0.2,,2.0931244374999998,,nan,1.8421175291255567,2.0134506873106335,"Kamptner et al. 2024: n,k(o) 0.191–1.69 µm",Kamptner-o,False,False,False,,organic,False
,,,PDCBT,(C42H56O4S2)n (PDCBT),transparent dielectric,organic/(C42H56O4S2)n - PDCBT/nk/Kamptner-e.yml,Polymers,,,,True,0.10421075000000003,,,1.68869,,0.2,,1.6951181874999999,,nan,1.6403287684872796,1.65284073807697,"Kamptner et al. 2024: n,k(e) 0.191–1.69 µm",Kamptner-e,False,False,False,,organic,False
,,,PBDB-T-2F,(C68H76F2O2S8)n (PBDB-T-2F),absorber (visible),organic/(C68H76F2O2S8)n - PBDB-T-2F/nk/Kamptner-o.yml,Polymers,,,,True,0.651691625,,,1.68869,,0.2,,1.8381311249999999,,nan,1.841342088738942,1.9593333607974963,"Kamptner et al. 2024: n,k(o) 0.191–1.69 µm",Kamptner-o,False,False,False,,organic,False
,,,PBDB-T-2F,(C68H76F2O2S8)n (PBDB-T-2F),transparent dielectric,organic/(C68H76F2O2S8)n - PBDB-T-2F/nk/Kamptner-e.yml,Polymers,,,,True,0.02328868750000001,,,1.68869,,0.2,,1.56761,,nan,1.5345735073949118,1.5512722031117863,"Kamptner et al. 2024: n,k(e) 0.191–1.69 µm",Kamptner-e,False,False,False,,organic,False
,1.1058455432060823,,BK7-Schott,BK7 (Schott),phonon polariton,glass/optical/BK7/nk/Lane.yml,Optical glass,0.7897973562059594,8.49375926994559,,True,,,,30.0,,5.0,9.291910612468676,,2,nan,nan,nan,"Lane 1990: n,k 5.00–33.3 µm",Lane,False,True,False,"(8.53198732937596, 9.762427342436691)",glass,False
,1.1157070654486958,,K108-LZOS,K108 (LZOS),phonon polariton,glass/optical/LZOS K108/nk/Bassarab.yml,Optical glass,0.6963056072571392,8.438808107513745,,True,3.348230119521912e-08,,,30.0,,0.2,9.330652468156044,1.5133166533864542,2,1.5044049470083933,1.507380758621792,1.527493153815168,"Bassarab et al. 2023: n,k 0.185–150000 µm",Bassarab,False,True,False,"(8.54545072451052, 9.811320553014827)",glass,False
,,,fused_silica,Fused silica (fused quartz),transparent dielectric,main/SiO2/nk/Malitson.yml,Multiple purpose glass,,,,False,,,,6.7,,0.21,,,,1.4380080457530835,1.4532114493120944,1.4698327653587167,Malitson 1965: n 0.21–3.71 µm,Malitson,False,False,False,,glass,False
,,,soda-lime,Soda lime glass,transparent dielectric,glass/misc/soda-lime/nk/Rubin-clear.yml,Multiple purpose glass,,,,True,4.548e-07,,,4.6,,0.31,,1.5228647155555555,,1.501275383957514,1.517078516219465,1.5371551957629734,"Rubin 1985: Clear; n,k 0.31–4.6 µm",Rubin-clear,False,False,False,,glass,False
,,,soda-lime,Soda lime glass,transparent dielectric,glass/misc/soda-lime/nk/Rubin-bronze.yml,Multiple purpose glass,,,,True,3.953e-06,,,4.6,,0.32,,1.5228647155555555,,1.5011900319532938,1.5170705386126635,1.5370545298374654,"Rubin 1985: Bronze; n,k 0.32–4.6 µm",Rubin-bronze,False,False,False,,glass,False
,,,soda-lime,Soda lime glass,transparent dielectric,glass/misc/soda-lime/nk/Rubin-grey.yml,Multiple purpose glass,,,,True,6.651e-06,,,4.6,,0.32,,1.5228647155555555,,1.5011900319532938,1.5170705386126635,1.5370545298374654,"Rubin 1985: Grey; n,k 0.32–4.6 µm",Rubin-grey,False,False,False,,glass,False
,,,soda-lime,Soda lime glass,transparent dielectric,glass/misc/soda-lime/nk/Rubin-green.yml,Multiple purpose glass,,,,True,2.264e-06,,,4.6,,0.32,,1.5228647155555555,,1.5011900319532938,1.5170705386126635,1.5370545298374654,"Rubin 1985: Green; n,k 0.32–4.6 µm",Rubin-green,False,False,False,,glass,False
,,,soda-lime,Soda lime glass,transparent dielectric,glass/misc/soda-lime/nk/Rubin-lowiron.yml,Multiple purpose glass,,,,True,1.087e-07,,,4.6,,0.31,,1.5228647155555555,,1.501275383957514,1.517078516219465,1.5371551957629734,"Rubin 1985: Low-iron; n,k 0.31–4.6 µm",Rubin-lowiron,False,False,False,,glass,False
,0.04454465690187711,,soda-lime,Soda lime glass,phonon polariton,glass/misc/soda-lime/nk/Rubin-IR.yml,Multiple purpose glass,1.0179645963272361,8.923859816916794,,True,,,,30.0,,5.0,9.375739469537896,,2,nan,nan,nan,"Rubin 1985: Far-infared; n,k 5–300 µm",Rubin-IR,False,True,False,"(8.964023639858713, 9.588635274993921)",glass,False
,,,soda-lime,Soda lime glass,transparent dielectric,glass/misc/soda-lime/nk/Kamptner.yml,Multiple purpose glass,,,,True,0.0,,,1.68869,,0.2,,1.5219593125000002,,nan,1.5188403507394912,1.5319332198114493,"Kamptner et al. 2024: n,k 0.191–1.69 µm",Kamptner,False,False,False,,glass,False
,,,soda-lime,Soda lime glass,transparent dielectric,glass/misc/soda-lime/nk/Kamptner-tin-side.yml,Multiple purpose glass,,,,True,0.0,,,1.68869,,0.2,,1.5243915000000001,,nan,1.5176810522184734,1.5465036958139762,"Kamptner et al. 2024: Tin side; n,k 0.191–1.69 µm",Kamptner-tin-side,False,False,False,,glass,False
,,,soda-lime,Soda lime glass,transparent dielectric,glass/misc/soda-lime/nk/Nyakuchena.yml,Multiple purpose glass,,,,False,,,,1.65,,1.1,,,,nan,1.508732743801653,nan,Nyakuchena et al. 2023: n 1.10–1.65 µm,Nyakuchena,False,False,False,,glass,False
,,,soda-lime,Soda lime glass,transparent dielectric,glass/misc/soda-lime/nk/Vogt-5ppm.yml,Multiple purpose glass,,,,True,2.89e-08,,,1.69,,0.3,,1.513,,nan,1.5077863154866624,1.5298958202143538,"Vogt et al. 2016: 5 ppm Fe2O3; n,k 0.30–1.69 µm",Vogt-5ppm,False,False,False,,glass,False
,,,soda-lime,Soda lime glass,transparent dielectric,glass/misc/soda-lime/nk/Vogt-10ppm.yml,Multiple purpose glass,,,,True,4.38e-08,,,1.7,,0.25,,1.513,,nan,1.508,1.529967207826431,"Vogt et al. 2016: 10 ppm Fe2O3; n,k 0.25–1.7 µm",Vogt-10ppm,False,False,False,,glass,False
,,,soda-lime,Soda lime glass,transparent dielectric,glass/misc/soda-lime/nk/Vogt-703ppm.yml,Multiple purpose glass,,,,True,4.06e-07,,,1.69,,0.3,,1.513,,nan,1.5077863154866624,1.5298958202143538,"Vogt et al. 2016: 703 ppm Fe2O3; n,k 0.30–1.69 µm",Vogt-703ppm,False,False,False,,glass,False
,,,BGG,BGG (barium gallogermanate) glass,transparent dielectric,glass/misc/BGG/nk/Zelmon.yml,Multiple purpose glass,,,,False,,,,5.0,,0.4,,,,1.7199014504525645,1.7375960316117947,1.788785308269541,Zelmon et al. 2002: n 0.4–5.0 µm,Zelmon,False,False,False,,glass,False
,,,ZBLAN,ZBLAN fluoride glass,transparent dielectric,glass/misc/ZBLAN/nk/Gan.yml,Multiple purpose glass,,,,False,,,,3.5,,0.365,,,,1.4879425252252823,1.4961586965906715,1.5128817740803229,Gan 1995: n 0.365–3.50 µm,Gan,False,False,False,,glass,False
,,,Pilkington-Optiwhite,Pilkington-Optiwhite (NSG),transparent dielectric,glass/misc/Pilkington-Optiwhite/nk/Treharne.yml,Multiple purpose glass,,,,True,2.9294020870546207e-07,,,1.4979382,,0.30141754,,1.505077258164896,,nan,1.4988624984308578,1.519512766446872,"Treharne et al. 2011: n,k 0.3–1.5 µm",Treharne,False,False,False,,glass,False
,,,air,Air,transparent dielectric,other/mixed gases/air/nk/Ciddor.yml,Mixed gases,,,,False,,,,1.69,,0.23,,,,nan,1.0002750326127132,1.0002827307000182,Ciddor 1996: n 0.23–1.690 µm,Ciddor,False,False,False,,other,False
,,,air,Air,transparent dielectric,other/mixed gases/air/nk/Borzsonyi.yml,Mixed gases,,,,False,,,,1.0,,0.4,,,,nan,1.0002860861051843,1.0002938215889603,Börzsönyi et al. 2008: n 0.4–1.0 µm,Borzsonyi,False,False,False,,other,False
,,,air,Air,transparent dielectric,other/mixed gases/air/nk/Mathar-1.3.yml,Mixed gases,,,,False,,,,2.5,,1.3,,,,1.0002730430622622,1.000273570659,nan,Mathar 2007: n 1.3–2.5 µm,Mathar-1.3,False,False,False,,other,False
,,,air,Air,transparent dielectric,other/mixed gases/air/nk/Mathar-2.8.yml,Mixed gases,,,,False,,,,4.2,,2.8,,,,1.000272874881,nan,nan,Mathar 2007: n 2.8–4.2 µm,Mathar-2.8,False,False,False,,other,False
,,,air,Air,transparent dielectric,other/mixed gases/air/nk/Mathar-4.35.yml,Mixed gases,,,,False,,,,5.2,,4.35,,,,1.000273011293,nan,nan,Mathar 2007: n 4.35–5.2 µm,Mathar-4.35,False,False,False,,other,False
,,,air,Air,transparent dielectric,other/mixed gases/air/nk/Mathar-7.5.yml,Mixed gases,,,,False,,,,14.1,,7.5,,,,1.000272702046,nan,nan,Mathar 2007: n 7.5–14.1 µm,Mathar-7.5,False,False,False,,other,False
,,,air,Air,transparent dielectric,other/mixed gases/air/nk/Birch.yml,Mixed gases,,,,False,,,,0.65,,0.35,,,,nan,nan,1.000282729266526,Birch and Downs 1994: n 0.350–0.650 µm,Birch,False,False,False,,other,False
,,,air,Air,transparent dielectric,other/mixed gases/air/nk/Peck.yml,Mixed gases,,,,False,,,,1.7,,0.2,,,,nan,1.0002750195088705,1.0002826602501913,Peck and Reeder 1972: n 0.185–1.7 µm,Peck,False,False,False,,other,False
0.6637501664176432,,6.53844803842003,stainless_steel,Stainless steel,metal,other/alloys/stainless steel/nk/Karlsson-austenitic.yml,Alloys,,,,True,3.9594,0.4384543019265415,0.7183860194683761,2.5,0.3513210394029632,0.2,,2.2325,,nan,nan,nan,"Karlsson and Ribbing 1982: Austenitic steel; n,k 0.20–2.50 µm",Karlsson-austenitic,False,False,True,,other,True
0.7276019710018137,,5.437670273104316,stainless_steel,Stainless steel,metal,other/alloys/stainless steel/nk/Karlsson-ferritic.yml,Alloys,,,,True,3.3248,0.360330272873556,0.9984206684914757,2.5,0.3513210394029632,0.2,,2.0565,,nan,nan,nan,"Karlsson and Ribbing 1982: Ferritic steel; n,k 0.20–2.50 µm",Karlsson-ferritic,False,False,True,,other,True
22.692140077758392,,1003.6973420682285,Au-Ag,Au-Ag (Gold-silver alloy),metal,other/alloys/Au-Ag/nk/Rioux-Au100Ag0.yml,Alloys,,,,True,3.15723,0.9481876081310426,0.9991362434247886,1.2,0.4910663755461488,0.27,,0.17916,,nan,nan,nan,"Rioux et al. 2014: n,k 0.27–1.2 µm; 100% Au",Rioux-Au100Ag0,False,False,True,,other,True
11.779194797415714,,516.5277772597693,Au-Ag,Au-Ag (Gold-silver alloy),metal,other/alloys/Au-Ag/nk/Rioux-Au90Ag10.yml,Alloys,,,,True,3.29108,0.8668177784888093,0.9991362434247886,1.2,0.464286608405445,0.27,,0.23829,,nan,nan,nan,"Rioux et al. 2014: n,k 0.27–1.2 µm; 90% Au 10% Ag",Rioux-Au90Ag10,False,False,True,,other,True
8.739494339556018,,380.29041809905675,Au-Ag,Au-Ag (Gold-silver alloy),metal,other/alloys/Au-Ag/nk/Rioux-Au80Ag20.yml,Alloys,,,,True,3.39867,0.8287901436596812,0.9991362434247886,1.2,0.4422616909524627,0.27,,0.27864,,nan,nan,nan,"Rioux et al. 2014: n,k 0.27–1.2 µm; 80% Au 20% Ag",Rioux-Au80Ag20,False,False,True,,other,True
7.481430155052761,,322.7993697831129,Au-Ag,Au-Ag (Gold-silver alloy),metal,other/alloys/Au-Ag/nk/Rioux-Au70Ag30.yml,Alloys,,,,True,3.48082,0.8043697985886549,0.9991362434247886,1.2,0.4308381011076815,0.27,,0.30241,,nan,nan,nan,"Rioux et al. 2014: n,k 0.27–1.2 µm; 70% Au 30% Ag",Rioux-Au70Ag30,False,False,True,,other,True
6.999614217620387,,298.6952695724115,Au-Ag,Au-Ag (Gold-silver alloy),metal,other/alloys/Au-Ag/nk/Rioux-Au60Ag40.yml,Alloys,,,,True,3.54151,0.7835929805856827,0.9991362434247886,1.2,0.42444330956125653,0.27,,0.30875,,nan,nan,nan,"Rioux et al. 2014: n,k 0.27–1.2 µm; 60% Au 40% Ag",Rioux-Au60Ag40,False,False,True,,other,True
7.036480792104159,,295.74451491333497,Au-Ag,Au-Ag (Gold-silver alloy),metal,other/alloys/Au-Ag/nk/Rioux-Au50Ag50.yml,Alloys,,,,True,3.5864,0.7633528263996341,0.9991362434247886,1.2,0.4181434338517018,0.27,,0.29642,,nan,nan,nan,"Rioux et al. 2014: n,k 0.27–1.2 µm; 50% Au 50% Ag",Rioux-Au50Ag50,False,False,True,,other,True
7.591584839894142,,312.4271648576817,Au-Ag,Au-Ag (Gold-silver alloy),metal,other/alloys/Au-Ag/nk/Rioux-Au40Ag60.yml,Alloys,,,,True,3.62126,0.7408605953152875,0.9991362434247886,1.2,0.41193706517373824,0.27,,0.26589,,nan,nan,nan,"Rioux et al. 2014: n,k 0.27–1.2 µm; 40% Au 60% Ag",Rioux-Au40Ag60,False,False,True,,other,True
8.8957859811301,,355.60918799492885,Au-Ag,Au-Ag (Gold-silver alloy),metal,other/alloys/Au-Ag/nk/Rioux-Au30Ag70.yml,Alloys,,,,True,3.65027,0.7136749760734978,0.9991362434247886,1.2,0.402799807462301,0.27,,0.21988,,nan,nan,nan,"Rioux et al. 2014: n,k 0.27–1.2 µm; 30% Au 70% Ag",Rioux-Au30Ag70,False,False,True,,other,True
11.70536124948094,,449.8816731069067,Au-Ag,Au-Ag (Gold-silver alloy),metal,other/alloys/Au-Ag/nk/Rioux-Au20Ag80.yml,Alloys,3.75400295830665,0.3077441875650682,,True,3.6748,0.6823657758582878,0.9991362434247886,1.2,0.39239551542403633,0.27,,0.16258,2,nan,nan,nan,"Rioux et al. 2014: n,k 0.27–1.2 µm; 20% Au 80% Ag",Rioux-Au20Ag80,False,False,True,,other,True
19.04581144045575,,696.0775106729213,Au-Ag,Au-Ag (Gold-silver alloy),metal,other/alloys/Au-Ag/nk/Rioux-Au10Ag90.yml,Alloys,3.560427423203406,0.2845078161867417,,True,3.69347,0.6475701158270091,0.9991362434247886,1.2,0.3779966998547403,0.27,,0.09808,2,nan,nan,nan,"Rioux et al. 2014: n,k 0.27–1.2 µm; 10% Au 90% Ag",Rioux-Au10Ag90,False,False,True,,other,True
63.67106890571895,,2241.5855151655765,Au-Ag,Au-Ag (Gold-silver alloy),metal,other/alloys/Au-Ag/nk/Rioux-Au0Ag100.yml,Alloys,0.38394642938589746,0.325494683773007,,True,3.7032,0.6308434231238413,0.9991362434247886,1.2,0.3627675052389376,0.27,,0.02925,1,nan,nan,nan,"Rioux et al. 2014: n,k 0.27–1.2 µm; 100% Ag",Rioux-Au0Ag100,False,False,True,,other,True
9.193002117677622,,322.69604906976224,Cu-Zn,"Cu-Zn (Copper-zinc alloy, Brass)",metal,other/alloys/Cu-Zn/nk/Querry-Cu90Zn10.yml,Alloys,4.190993516831302,0.2937918392713298,,True,2.95,0.993834099404766,0.993834099404766,30.0,0.41616055907723865,0.21,,0.346,2,nan,nan,nan,"Querry 1985: n,k 0.21–55.6 µm; 90% Cu 10% Zn",Querry-Cu90Zn10,False,False,True,,other,True
5.863586523624028,,174.82572361166166,Cu-Zn,"Cu-Zn (Copper-zinc alloy, Brass)",metal,other/alloys/Cu-Zn/nk/Querry-Cu85Zn15.yml,Alloys,2.3827320000000003,0.21,,True,2.792,0.9223788858458253,0.993834099404766,30.0,0.4483998504140123,0.21,,0.405,1,nan,nan,nan,"Querry 1985: n,k 0.21–55.6 µm; 85% Cu 15% Zn",Querry-Cu85Zn15,False,False,True,,other,True
5.377719688877331,,207.50255818650407,Cu-Zn,"Cu-Zn (Copper-zinc alloy, Brass)",metal,other/alloys/Cu-Zn/nk/Querry-Cu70Zn30.yml,Alloys,,,,True,3.253,0.8776196241965121,0.993834099404766,30.0,0.4483998504140123,0.21,,0.45,,nan,nan,nan,"Querry 1985: n,k 0.21–55.6 µm; 70% Cu 30% Zn",Querry-Cu70Zn30,False,False,True,,other,True
0.6974637681159419,,10.740942028985504,Nb-Sn,Nb-Sn (Niobium-tin alloy),metal,other/alloys/Nb-Sn/nk/Golovashkin-06.yml,Alloys,,,,True,,1.0,1.0,9.0,1.0,1.0,,,,nan,nan,nan,"Golovashkin et al. 1971: n,k 1–9 µm; 6 wt% Sn",Golovashkin-06,False,False,True,,other,True
0.3813620071684587,,4.0576917562724,Nb-Sn,Nb-Sn (Niobium-tin alloy),metal,other/alloys/Nb-Sn/nk/Golovashkin-22.yml,Alloys,,,,True,,1.0,1.0,10.0,1.0,1.0,,,,nan,nan,nan,"Golovashkin et al. 1971: n,k 1–10 µm; 22 wt% Sn",Golovashkin-22,False,False,True,,other,True
0.4422757475083056,,4.710236710963454,Nb-Sn,Nb-Sn (Niobium-tin alloy),metal,other/alloys/Nb-Sn/nk/Golovashkin-28.yml,Alloys,,,,True,,1.0,1.0,10.0,1.0,1.0,,,,nan,nan,nan,"Golovashkin et al. 1971: n,k 1–10 µm; 28 wt% Sn",Golovashkin-28,False,False,True,,other,True
0.617279046673287,,9.592516385302881,Nb-Sn,Nb-Sn (Niobium-tin alloy),metal,other/alloys/Nb-Sn/nk/Golovashkin-30.yml,Alloys,,,,True,,1.0,1.0,9.0,1.0,1.0,,,,nan,nan,nan,"Golovashkin et al. 1971: n,k 1–9 µm; 30 wt% Sn",Golovashkin-30,False,False,True,,other,True
0.17453773113443286,,0.6095730259870071,Nb-Sn,Nb-Sn (Niobium-tin alloy),metal,other/alloys/Nb-Sn/nk/Golovashkin-34.yml,Alloys,,,,True,,1.0,1.0,8.0,1.0,1.0,,,,nan,nan,nan,"Golovashkin et al. 1971: n,k 1–8 µm; 34 wt% Sn",Golovashkin-34,False,False,True,,other,True
,,,Nb-Sn,Nb-Sn (Niobium-tin alloy),metal,other/alloys/Nb-Sn/nk/Golovashkin-40.yml,Alloys,12.66327404859478,1.2063735408545038,,True,,,,8.0,,1.0,,,1,nan,nan,nan,"Golovashkin et al. 1971: n,k 1–8 µm; 40 wt% Sn",Golovashkin-40,False,False,False,,other,True
,,,Nb-Sn,Nb-Sn (Niobium-tin alloy),metal,other/alloys/Nb-Sn/nk/Golovashkin-55.yml,Alloys,,,,True,,,,8.0,,1.0,,,,nan,nan,nan,"Golovashkin et al. 1971: n,k 1–8 µm; 55 wt% Sn",Golovashkin-55,False,False,False,,other,True
0.5967267073242433,,5.887917923688062,Ni-Fe,"Ni-Fe (Nickel-iron alloy, Permalloy)",metal,other/alloys/Ni-Fe/nk/Tikuisis_gold150nm.yml,Alloys,,,,True,3.8077,0.42974588164419186,0.9952100183756676,1.69,0.3507031412797735,0.2,,2.2714,,nan,nan,nan,"Tikuišis et al. 2017: n,k 0.193–1.69 µm; gold-coated, 150 nm",Tikuisis_gold150nm,False,False,True,,other,True
0.5289356936280234,,4.265737934483012,Ni-Fe,"Ni-Fe (Nickel-iron alloy, Permalloy)",metal,other/alloys/Ni-Fe/nk/Tikuisis_gold10nm.yml,Alloys,,,,True,3.8556,0.398740579221558,0.9952100183756676,1.69,0.3507031412797735,0.2,,2.4746,,nan,nan,nan,"Tikuišis et al. 2017: n,k 0.193–1.69 µm; gold-coated, 10 nm",Tikuisis_gold10nm,False,False,True,,other,True
0.5321940596384075,,7.992425824940844,Ni-Fe,"Ni-Fe (Nickel-iron alloy, Permalloy)",metal,other/alloys/Ni-Fe/nk/Tikuisis_bare150nm.yml,Alloys,,,,True,3.8987,0.523794388939694,0.9952100183756676,1.69,0.3507031412797735,0.2,,2.3563,,nan,nan,nan,"Tikuišis et al. 2017: n,k 0.193–1.69 µm; bare, 150 nm",Tikuisis_bare150nm,False,False,True,,other,True
0.6289312861394006,,6.165964681011995,Ni-Fe,"Ni-Fe (Nickel-iron alloy, Permalloy)",metal,other/alloys/Ni-Fe/nk/Tikuisis_bare10nm.yml,Alloys,,,,True,4.4696,0.3507031412797735,0.9952100183756676,1.69,0.3507031412797735,0.2,,2.8463,,nan,nan,nan,"Tikuišis et al. 2017: n,k 0.193–1.69 µm; bare, 10 nm",Tikuisis_bare10nm,False,False,True,,other,True
0.6753266930025645,,12.152919171449707,Pd-H,"Pd-H (Palladium-hydrogen alloy, Palladium hydride)",metal,other/alloys/Pd-H/nk/Palm.yml,Alloys,3.683189004397326,0.25242178923259573,,True,3.275560390856653,0.9955627902752504,0.9955627902752504,1.684528687,0.35107673500498215,0.250019531,,2.0743709657945093,1,nan,nan,nan,"Palm et al. 2018: n,k 0.250–1.68 µm",Palm,False,False,True,,other,True
0.4010467474953935,,2.2306268280208785,V-Ga,V-Ga (Vanadium-gallium alloy),metal,other/alloys/V-Ga/nk/Golovashkin-293K.yml,Alloys,,,,True,3.6,0.45,0.4978434617076782,10.0,0.45,0.45,,2.6,,nan,nan,nan,"Golovashkin et al. 1970: n,k 0.45–10 µm; 293 K",Golovashkin-293K,False,False,True,,other,True
0.47111320256257844,,2.7998041934082525,V-Ga,V-Ga (Vanadium-gallium alloy),metal,other/alloys/V-Ga/nk/Golovashkin-78K.yml,Alloys,,,,True,3.6,0.45,0.6984414673602393,2.6,0.45,0.45,,2.45,,nan,nan,nan,"Golovashkin et al. 1970: n,k 0.45–2.6 µm; 78 K",Golovashkin-78K,False,False,True,,other,True
,,,V-H,"V-H (Vanadium-hydrogen alloy, Vanadium hydride)",ENZ,other/alloys/V-H/nk/Palm.yml,Alloys,14.340477452285153,0.48612072218859376,,True,2.7682974549180615,,,1.684528687,,0.301107483,,3.099150128468041,1,nan,nan,nan,"Palm et al. 2018: n,k 0.301–1.68 µm",Palm,False,False,False,,other,False
,,,Zr-H,"Zr-H (Zirconium-hydrogen alloy, Zirconium hydride)",absorber (visible),other/alloys/Zr-H/nk/Palm.yml,Alloys,,,,True,1.945128403209893,,,1.684528687,,0.226076263,,2.6142620895627227,,nan,nan,nan,"Palm et al. 2018: n,k 0.226–1.68 µm",Palm,False,False,False,,other,False
,,,AlAs-GaAs,"AlAs-GaAs (Aluminium gallium arsenide, AlGaAs)",other,other/semiconductor alloys/AlAs-GaAs/nk/Aspnes-0.yml,Experimental data,25.01786111954914,0.26167060768987493,,True,0.23056271186440683,,,0.8266,,0.2066,,3.9198237288135593,1,nan,nan,nan,"Aspnes et al. 1986: n,k 0.207–0.827 µm; 0% Al",Aspnes-0,False,False,False,,other,False
,,,AlAs-GaAs,"AlAs-GaAs (Aluminium gallium arsenide, AlGaAs)",transparent dielectric,other/semiconductor alloys/AlAs-GaAs/nk/Aspnes-9.9.yml,Experimental data,25.48355552930912,0.2625815022677171,,True,0.1898881355932204,,,0.8266,,0.2066,,3.8577762711864407,1,nan,3.572,nan,"Aspnes et al. 1986: n,k 0.207–0.827 µm; 9.9% Al",Aspnes-9.9,False,False,False,,other,False
,,,AlAs-GaAs,"AlAs-GaAs (Aluminium gallium arsenide, AlGaAs)",transparent dielectric,other/semiconductor alloys/AlAs-GaAs/nk/Aspnes-19.8.yml,Experimental data,25.8373084003209,0.2625815022677171,,True,0.1497050847457628,,,0.8266,,0.2066,,3.796776271186441,1,nan,3.495891902250639,nan,"Aspnes et al. 1986: n,k 0.207–0.827 µm; 19.8% Al",Aspnes-19.8,False,False,False,,other,False
,,,AlAs-GaAs,"AlAs-GaAs (Aluminium gallium arsenide, AlGaAs)",transparent dielectric,other/semiconductor alloys/AlAs-GaAs/nk/Aspnes-31.5.yml,Experimental data,26.200415475666986,0.2625815022677171,,True,0.15984067796610174,,,0.8266,,0.2066,,3.7304745762711864,1,nan,3.4295997331270027,3.5191516877864735,"Aspnes et al. 1986: n,k 0.207–0.827 µm; 31.5% Al",Aspnes-31.5,False,False,False,,other,False
,,,AlAs-GaAs,"AlAs-GaAs (Aluminium gallium arsenide, AlGaAs)",transparent dielectric,other/semiconductor alloys/AlAs-GaAs/nk/Aspnes-41.9.yml,Experimental data,26.78122701423583,0.2625815022677171,,True,0.08665762711864414,,,0.8266,,0.2066,,3.6788406779661016,1,nan,3.359215194724983,3.502656716932008,"Aspnes et al. 1986: n,k 0.207–0.827 µm; 41.9% Al",Aspnes-41.9,False,False,False,,other,False
,,,AlAs-GaAs,"AlAs-GaAs (Aluminium gallium arsenide, AlGaAs)",transparent dielectric,other/semiconductor alloys/AlAs-GaAs/nk/Aspnes-49.1.yml,Experimental data,26.726736520299625,0.2625815022677171,,True,0.06001355932203404,,,0.8266,,0.2066,,3.630179661016949,1,nan,3.305645917766195,3.5156323725727137,"Aspnes et al. 1986: n,k 0.207–0.827 µm; 49.1% Al",Aspnes-49.1,False,False,False,,other,False
,,,AlAs-GaAs,"AlAs-GaAs (Aluminium gallium arsenide, AlGaAs)",transparent dielectric,other/semiconductor alloys/AlAs-GaAs/nk/Aspnes-59.0.yml,Experimental data,26.749106341823627,0.2625815022677171,,True,0.003372881355932212,,,0.8266,,0.2066,,3.520291525423729,1,nan,3.255215194724983,3.479592920308345,"Aspnes et al. 1986: n,k 0.207–0.827 µm; 59.0% Al",Aspnes-59.0,False,False,False,,other,False
,,,AlAs-GaAs,"AlAs-GaAs (Aluminium gallium arsenide, AlGaAs)",transparent dielectric,other/semiconductor alloys/AlAs-GaAs/nk/Aspnes-70.0.yml,Experimental data,26.80715977843838,0.2625815022677171,,True,0.0,,,0.8266,,0.2066,,3.404172881355932,1,nan,3.1702305896047136,3.543545985844495,"Aspnes et al. 1986: n,k 0.207–0.827 µm; 70.0% Al",Aspnes-70.0,False,False,False,,other,False
,,,AlAs-GaAs,"AlAs-GaAs (Aluminium gallium arsenide, AlGaAs)",transparent dielectric,other/semiconductor alloys/AlAs-GaAs/nk/Aspnes-80.4.yml,Experimental data,25.938527173948533,0.26167060768987493,,True,0.0,,,0.8266,,0.2066,,3.30735593220339,1,nan,3.1353229588830973,3.3966706243256604,"Aspnes et al. 1986: n,k 0.207–0.827 µm; 80.4% Al",Aspnes-80.4,False,False,False,,other,False
,,,AlAs-GaAs,"AlAs-GaAs (Aluminium gallium arsenide, AlGaAs)",absorber (visible),other/semiconductor alloys/AlAs-GaAs/nk/Gadras-0.yml,Experimental data,,,,True,0.37112047763552714,,,1.399642,,0.4502291,,4.199151638927786,,nan,3.6679040460144474,nan,"Gadras et al. 2025: n,k 0.450–1.40 µm; 0% Al, 600°C",Gadras-0,False,False,False,,other,False
,,,AlAs-GaAs,"AlAs-GaAs (Aluminium gallium arsenide, AlGaAs)",transparent dielectric,other/semiconductor alloys/AlAs-GaAs/nk/Gadras-32.yml,Experimental data,,,,True,0.2310362170034007,,,1.399642,,0.4502291,,3.8888162848569716,,nan,3.5764682357227127,nan,"Gadras et al. 2025: n,k 0.450–1.40 µm; 32% Al, 600 °C",Gadras-32,False,False,False,,other,False
,,,AlAs-GaAs,"AlAs-GaAs (Aluminium gallium arsenide, AlGaAs)",transparent dielectric,other/semiconductor alloys/AlAs-GaAs/nk/Gadras-53.yml,Experimental data,,,,True,0.15191788905781162,,,1.399642,,0.4502291,,3.755272193638728,,nan,3.437677475423394,3.5463725296877513,"Gadras et al. 2025: n,k 0.450–1.40 µm; 53% Al, 600 °C",Gadras-53,False,False,False,,other,False
,,,AlAs-GaAs,"AlAs-GaAs (Aluminium gallium arsenide, AlGaAs)",transparent dielectric,other/semiconductor alloys/AlAs-GaAs/nk/Gadras-90.yml,Experimental data,,,,True,0.004393762514902988,,,1.300151,,0.4502291,,3.3658481814362875,,nan,3.1641570410592195,3.2442305310268647,"Gadras et al. 2025: n,k 0.450–1.40 µm; 90% Al, 600 °C",Gadras-90,False,False,False,,other,False
,,,AlAs-GaAs,"AlAs-GaAs (Aluminium gallium arsenide, AlGaAs)",transparent dielectric,other/semiconductor alloys/AlAs-GaAs/nk/Gadras-100.yml,Experimental data,,,,True,0.0029669545101020226,,,1.399642,,0.4502291,,3.2474095045009004,,nan,3.06544312028622,3.174465703018433,"Gadras et al. 2025: n,k 0.450–1.40 µm; 100% Al, 600 °C",Gadras-100,False,False,False,,other,False
,,,AlAs-GaAs,"AlAs-GaAs (Aluminium gallium arsenide, AlGaAs)",transparent dielectric,other/semiconductor alloys/AlAs-GaAs/nk/Perner-0.yml,Experimental data,,,,False,,,,7.1,,2.0,,,,3.328723191454776,3.328723191454776,nan,Perner et al. 2023: n 2.0–7.1 µm; 0% Al,Perner-0,False,False,False,,other,False
,,,AlAs-GaAs,"AlAs-GaAs (Aluminium gallium arsenide, AlGaAs)",transparent dielectric,other/semiconductor alloys/AlAs-GaAs/nk/Perner-92.9.yml,Experimental data,,,,False,,,,7.1,,2.0,,,,2.8888155682594077,2.8888155682594077,nan,Perner et al. 2023: n 2.0–7.1 µm; 92.9% Al,Perner-92.9,False,False,False,,other,False
,,,AlAs-GaAs,"AlAs-GaAs (Aluminium gallium arsenide, AlGaAs)",transparent dielectric,other/semiconductor alloys/AlAs-GaAs/nk/Papatryfonos-0.yml,Experimental data,25.45494913113818,0.2617830880664714,,True,0.23003345423143348,,,1.87868,,0.26049,,3.872012884283247,1,nan,3.533601936933021,nan,"Papatryfonos et al. 2021: n,k 0.260–1.88 µm; 0% Al",Papatryfonos-0,False,False,False,,other,False
,,,AlAs-GaAs,"AlAs-GaAs (Aluminium gallium arsenide, AlGaAs)",transparent dielectric,other/semiconductor alloys/AlAs-GaAs/nk/Papatryfonos-9.7.yml,Experimental data,26.060437461718145,0.2617830880664714,,True,0.18964309153713296,,,1.87868,,0.26049,,3.8209540069084627,1,nan,3.546328855870008,nan,"Papatryfonos et al. 2021: n,k 0.260–1.88 µm; 9.7% Al",Papatryfonos-9.7,False,False,False,,other,False
,,,AlAs-GaAs,"AlAs-GaAs (Aluminium gallium arsenide, AlGaAs)",transparent dielectric,other/semiconductor alloys/AlAs-GaAs/nk/Papatryfonos-21.9.yml,Experimental data,25.969726408345725,0.26308259510007254,,True,0.14409744386873916,,,1.87868,,0.26049,,3.763866373056995,1,nan,3.4757443118857223,3.487012964492765,"Papatryfonos et al. 2021: n,k 0.260–1.88 µm; 21.9% Al",Papatryfonos-21.9,False,False,False,,other,False
,,,AlAs-GaAs,"AlAs-GaAs (Aluminium gallium arsenide, AlGaAs)",transparent dielectric,other/semiconductor alloys/AlAs-GaAs/nk/Papatryfonos-34.2.yml,Experimental data,26.342091128683716,0.2617830880664714,,True,0.15575518134715025,,,1.87868,,0.26049,,3.717211433506045,1,nan,3.419135922178097,3.525546299839875,"Papatryfonos et al. 2021: n,k 0.260–1.88 µm; 34.2% Al",Papatryfonos-34.2,False,False,False,,other,False
,,,AlAs-GaAs,"AlAs-GaAs (Aluminium gallium arsenide, AlGaAs)",transparent dielectric,other/semiconductor alloys/AlAs-GaAs/nk/Papatryfonos-41.1.yml,Experimental data,26.75266732914535,0.2617830880664714,,True,0.11033452504317787,,,1.87868,,0.26049,,3.6805602417962002,1,nan,3.3629335276577357,3.532018061771484,"Papatryfonos et al. 2021: n,k 0.260–1.88 µm; 41.1% Al",Papatryfonos-41.1,False,False,False,,other,False
,,,AlAs-GaAs,"AlAs-GaAs (Aluminium gallium arsenide, AlGaAs)",transparent dielectric,other/semiconductor alloys/AlAs-GaAs/nk/Papatryfonos-45.2.yml,Experimental data,26.999754080744584,0.2617830880664714,,True,0.08184008635578581,,,1.87868,,0.26049,,3.660673834196891,1,nan,3.3311000142181793,3.533147857072752,"Papatryfonos et al. 2021: n,k 0.260–1.88 µm; 45.2% Al",Papatryfonos-45.2,False,False,False,,other,False
,,,AlAs-GaAs,"AlAs-GaAs (Aluminium gallium arsenide, AlGaAs)",other,other/semiconductor alloys/AlAs-GaAs/nk/Adachi-0.315.yml,Models and simulations,25.901964116028783,0.26164565812784724,,True,0.1757106651108518,,,12.398,,0.20664,,3.675213302217036,1,nan,nan,nan,"Adachi 1989: n,k 0.207–12.4 µm; 31.5% Al",Adachi-0.315,False,False,False,,other,False
,,,AlAs-GaAs,"AlAs-GaAs (Aluminium gallium arsenide, AlGaAs)",transparent dielectric,other/semiconductor alloys/AlAs-GaAs/nk/Adachi-0.700.yml,Models and simulations,27.69694985155003,0.26164565812784724,,True,0.01837608634772462,,,12.398,,0.20664,,3.400346207701283,1,3.0100076656105887,nan,nan,"Adachi 1989: n,k 0.207–12.4 µm; 70.0% Al",Adachi-0.700,False,False,False,,other,False
,,,AlSb-GaSb,"AlSb-GaSb (Aluminium gallium antimonide, AlGaSb)",ENZ,other/semiconductor alloys/AlSb-GaSb/nk/Ferrini-0.yml,Semiconductor alloys,24.25086710806677,0.31606155741938924,,True,1.717,,,2.48,,0.207,,4.819,1,3.8803039593942503,nan,nan,"Ferrini et al. 1998: n,k 0.207–2.480 µm; 0% Al",Ferrini-0,False,False,False,,other,False
,,,AlSb-GaSb,"AlSb-GaSb (Aluminium gallium antimonide, AlGaSb)",ENZ,other/semiconductor alloys/AlSb-GaSb/nk/Ferrini-10.yml,Semiconductor alloys,24.212757955519518,0.31410056315776447,,True,1.4943333333333333,,,2.48,,0.207,,5.109333333333333,1,3.78619851613093,3.8094142256694483,nan,"Ferrini et al. 1998: n,k 0.207–2.480 µm; 10% Al",Ferrini-10,False,False,False,,other,False
,,,AlSb-GaSb,"AlSb-GaSb (Aluminium gallium antimonide, AlGaSb)",ENZ,other/semiconductor alloys/AlSb-GaSb/nk/Ferrini-30.yml,Semiconductor alloys,23.892720872414802,0.31606155741938924,,True,0.874,,,2.48,,0.207,,4.9863333333333335,1,3.6473993151373523,3.749983651717073,nan,"Ferrini et al. 1998: n,k 0.207–2.480 µm; 30% Al",Ferrini-30,False,False,False,,other,False
,,,AlSb-GaSb,"AlSb-GaSb (Aluminium gallium antimonide, AlGaSb)",ENZ,other/semiconductor alloys/AlSb-GaSb/nk/Ferrini-50.yml,Semiconductor alloys,25.445777344769258,0.31606155741938924,,True,0.43833333333333335,,,2.48,,0.207,,4.899333333333333,1,3.515799486353014,3.8033466685255983,nan,"Ferrini et al. 1998: n,k 0.207–2.480 µm; 50% Al",Ferrini-50,False,False,False,,other,False
,,,AlN-Al2O3,"AlN-Al2O3 (Aluminium oxynitride, ALON)",transparent dielectric,other/semiconductor alloys/AlN-Al2O3/nk/Hartnett-6.69.yml,Semiconductor alloys,,,,False,,,,5.6,,0.24,,,,1.7580330873313808,1.778938159671995,1.8124836090674643,Hartnett et al. 1998: 6.69 at.% N; n 0.24–5.6 µm,Hartnett-6.69,False,False,False,,other,False
,,,AlN-Al2O3,"AlN-Al2O3 (Aluminium oxynitride, ALON)",transparent dielectric,other/semiconductor alloys/AlN-Al2O3/nk/Hartnett-5.88.yml,Semiconductor alloys,,,,True,5.491e-07,,,5.6,,0.24,,1.779,,1.7338995794066125,1.7637669254724702,1.8068703106782982,"Hartnett et al. 1998: 5.88 at.% N; n,k 0.24–5.6 µm",Hartnett-5.88,False,False,False,,other,False
,,,AlN-Al2O3,"AlN-Al2O3 (Aluminium oxynitride, ALON)",transparent dielectric,other/semiconductor alloys/AlN-Al2O3/nk/Hartnett-6.53.yml,Semiconductor alloys,,,,True,6.112e-07,,,5.6,,0.24,,1.77,,1.7334588542434046,1.7588290786798115,1.8038425201093622,"Hartnett et al. 1998: 6.53 at.% N; n,k 0.24–5.6 µm",Hartnett-6.53,False,False,False,,other,False
,,,AlN-Al2O3,"AlN-Al2O3 (Aluminium oxynitride, ALON)",transparent dielectric,other/semiconductor alloys/AlN-Al2O3/nk/Hartnett-7.17.yml,Semiconductor alloys,,,,True,5.491e-07,,,5.6,,0.24,,1.782,,1.7527294271217024,1.7708290786798115,1.8208193613019152,"Hartnett et al. 1998: 7.17 at.% N; n,k 0.24–5.6 µm",Hartnett-7.17,False,False,False,,other,False
,,,GaAs-InAs,"GaAs-InAs (Gallium indium arsenide, GaInAs, InGaAs)",absorber (visible),other/semiconductor alloys/GaAs-InAs/nk/Adachi.yml,Semiconductor alloys,18.15002647653243,0.2754203042993932,,True,0.5931509568261377,,,12.398,,0.20664,,3.8750988331388565,1,nan,nan,nan,"Adachi 1989: n,k 0.207–12.4 µm",Adachi,False,False,False,,other,False
,,,GaAs-InAs,"GaAs-InAs (Gallium indium arsenide, GaInAs, InGaAs)",transparent dielectric,other/semiconductor alloys/GaAs-InAs/nk/Le.yml,Semiconductor alloys,,,,True,,,,30.0,,16.66817,,,,3.29855,nan,nan,"Le et al. 2022: n,k 16.7–48.4 µm",Le,False,False,False,,other,False
,,,GaP-InP,"GaP-InP (Gallium indium phosphide, GaInP)",transparent dielectric,other/semiconductor alloys/GaP-InP/nk/Schubert.yml,Semiconductor alloys,24.605578207218688,0.2555507334317727,,True,0.17343267254038178,,,0.95395,,0.24961,,3.60363,1,nan,3.3238681066815303,3.558428256312369,"Schubert et al. 1995: n,k 0.250–0.954 µm",Schubert,False,False,False,,other,False
,,,GaP-InP,"GaP-InP (Gallium indium phosphide, GaInP)",other,other/semiconductor alloys/GaP-InP/nk/Ferrini-UV-VIS.yml,Semiconductor alloys,25.793228870125304,0.25614621292493445,,True,0.15065762711864414,,,0.6525,,0.2254,,3.6329118644067795,1,nan,nan,nan,"Ferrini et al. 2002: n,k 0.225–0.653 µm",Ferrini-UV-VIS,False,False,False,,other,False
,,,GaP-InP,"GaP-InP (Gallium indium phosphide, GaInP)",transparent dielectric,other/semiconductor alloys/GaP-InP/nk/Ferrini-IR.yml,Semiconductor alloys,,,,False,,,,24.8,,0.689,,,,3.083607823715325,3.3040872591870456,3.455021873672206,Ferrini et al. 2002: n 0.689–24.8 µm,Ferrini-IR,False,False,False,,other,False
,33.15389639638581,,GaP-InP,"GaP-InP (Gallium indium phosphide, GaInP)",phonon polariton,other/semiconductor alloys/GaP-InP/nk/Ferrini-far-IR.yml,Semiconductor alloys,1.4777208019126111,26.278979329216664,,True,,,,30.0,,15.498025,29.6053349222953,,3,nan,nan,nan,"Ferrini et al. 2002: n,k 15.5–124 µm",Ferrini-far-IR,False,True,False,"(26.322516271058635, 30.0)",other,False
,,,GaP-InP,"GaP-InP (Gallium indium phosphide, GaInP)",transparent dielectric,other/semiconductor alloys/GaP-InP/nk/Kaneko.yml,Semiconductor alloys,,,,False,,,,1.35,,0.65,,,,nan,3.3340510995057375,3.5738871504526912,Kaneko and Kishino 1994: n 0.650–1.35 µm,Kaneko,False,False,False,,other,False
,,,GaAs-InAs-GaP-InP,"GaAs-InAs-GaP-InP (Gallium indium arsenide phosphide, GaInAsP)",absorber (visible),other/semiconductor alloys/GaAs-InAs-GaP-InP/nk/Adachi.yml,Semiconductor alloys,20.020778899009763,0.264344340362682,,True,0.30742519253208866,,,12.398,,0.20664,,3.4392428238039674,1,3.1815621872183883,nan,nan,"Adachi 1989: n,k 0.207–12.4 µm",Adachi,False,False,False,,other,False
,,,Si-Ge,"Si-Ge (Silicon-germanium, SiGe)",absorber (visible),other/semiconductor alloys/Si-Ge/nk/Jellison-11.yml,Semiconductor alloys,33.67793959296631,0.294336336805106,,True,0.495,,,0.84,,0.24,,5.287,1,nan,nan,nan,"Jellison et al. 1993: 11% Si, Ge substrate; n,k 0.24–0.84 µm",Jellison-11,False,False,False,,other,False
,,,Si-Ge,"Si-Ge (Silicon-germanium, SiGe)",absorber (visible),other/semiconductor alloys/Si-Ge/nk/Jellison-20.yml,Semiconductor alloys,33.76626879742431,0.2934136415635641,,True,0.327,,,0.84,,0.24,,5.027,1,nan,nan,nan,"Jellison et al. 1993: 20% Si, Ge substrate; n,k 0.24–0.84 µm",Jellison-20,False,False,False,,other,False
,,,Si-Ge,"Si-Ge (Silicon-germanium, SiGe)",other,other/semiconductor alloys/Si-Ge/nk/Jellison-28.yml,Semiconductor alloys,34.03059517863198,0.294336336805106,,True,0.253,,,0.84,,0.24,,4.844,1,nan,nan,nan,"Jellison et al. 1993: 28% Si, Ge substrate; n,k 0.24–0.84 µm",Jellison-28,False,False,False,,other,False
,,,Si-Ge,"Si-Ge (Silicon-germanium, SiGe)",other,other/semiconductor alloys/Si-Ge/nk/Jellison-48.yml,Semiconductor alloys,36.48061383149518,0.2915769194992767,,True,0.08,,,0.84,,0.24,,4.346,1,nan,nan,nan,"Jellison et al. 1993: 48% Si, Ge substrate; n,k 0.24–0.84 µm",Jellison-48,False,False,False,,other,False
,,,Si-Ge,"Si-Ge (Silicon-germanium, SiGe)",other,other/semiconductor alloys/Si-Ge/nk/Jellison-47.yml,Semiconductor alloys,35.899264743568864,0.294336336805106,,True,0.084,,,0.84,,0.24,,4.401,1,nan,nan,nan,"Jellison et al. 1993: 47% Si, Si substrate; n,k 0.24–0.84 µm",Jellison-47,False,False,False,,other,False
,,,Si-Ge,"Si-Ge (Silicon-germanium, SiGe)",other,other/semiconductor alloys/Si-Ge/nk/Jellison-65.yml,Semiconductor alloys,37.01242070699456,0.294336336805106,,True,0.059,,,0.84,,0.24,,4.246,1,nan,nan,nan,"Jellison et al. 1993: 65% Si, Si substrate; n,k 0.24–0.84 µm",Jellison-65,False,False,False,,other,False
,,,Si-Ge,"Si-Ge (Silicon-germanium, SiGe)",transparent dielectric,other/semiconductor alloys/Si-Ge/nk/Jellison-85.yml,Semiconductor alloys,44.16179593408366,0.29249383881745095,,True,0.018,,,0.84,,0.24,,4.045,1,nan,nan,3.8771320688921187,"Jellison et al. 1993: 85% Si, Si substrate; n,k 0.24–0.84 µm",Jellison-85,False,False,False,,other,False
,,,Si-Ge,"Si-Ge (Silicon-germanium, SiGe)",other,other/semiconductor alloys/Si-Ge/nk/Jellison-98.yml,Semiconductor alloys,44.728355670478805,0.2934136415635641,,True,0.021,,,0.84,,0.24,,3.957,1,nan,nan,nan,"Jellison et al. 1993: 98% Si, Si substrate; n,k 0.24–0.84 µm",Jellison-98,False,False,False,,other,False
1.5180156212837013,,14.938547252637099,AuAl2,"AuAl2 (Gold-aluminium intermetallic, Purple plague)",metal,other/intermetallics/AuAl2/nk/Chen.yml,Bulk,9.247350520332612,0.4996248800034345,,True,2.11558,0.79,0.79,0.79,0.35009724616201976,0.22,,1.42092,2,nan,nan,nan,"Chen and Lynch 1988: n,k 0.22–0.79 µm",Chen,False,False,True,,other,True
1.8467875587826716,,22.25886559579817,AuAl2,"AuAl2 (Gold-aluminium intermetallic, Purple plague)",metal,other/intermetallics/AuAl2/nk/Supansomboon.yml,Thin film,7.021763823643784,0.38474208938494864,,True,1.566,0.9991350167534666,0.9991350167534666,1.32,0.6446587841178292,0.3,,1.187,1,nan,nan,nan,"Supansomboon et al. 2008: n,k 0.300–1.32 µm",Supansomboon,False,False,True,,other,True
0.5819950236673752,,6.054592870951867,PtAl2,PtAl2 (Platinum-aluminium intermetallic),metal,other/intermetallics/PtAl2/nk/Chen.yml,Bulk,,,,True,3.16977,0.7602023613566407,0.79,0.79,0.4311570863764057,0.22,,1.94462,,nan,nan,nan,"Chen and Lynch 1988: n,k 0.22–0.79 µm",Chen,False,False,True,,other,True
,,,AgGaS2-AgInS2,AgGaS2-AgInS2,transparent dielectric,other/mixed crystals/AgGaS2-AgInS2/nk/Kato-o.yml,Mixed crystals,,,,False,,,,10.6,,0.565,,,,2.417002697336592,2.4888731176565546,2.594224716242045,Kato et al. 2021: n(o) 0.565–10.6 µm,Kato-o,False,False,False,,other,False
,,,AgGaS2-AgInS2,AgGaS2-AgInS2,transparent dielectric,other/mixed crystals/AgGaS2-AgInS2/nk/Kato-e.yml,Mixed crystals,,,,False,,,,10.6,,0.565,,,,2.3635071291368512,2.437872502929284,2.55688747311672,Kato et al. 2021: n(e) 0.565–10.6 µm,Kato-e,False,False,False,,other,False
,,,HfO2-Y2O3,HfO2-Y2O3 (Hafnium dioxide - Yttrium oxide),transparent dielectric,other/mixed crystals/HfO2-Y2O3/nk/Wood.yml,Mixed crystals,,,,False,,,,5.0,,0.365,,,,2.0631046985913746,2.091885195897618,2.16291629837464,Wood et al. 1990: n 0.36–5.0 µm,Wood,False,False,False,,other,False
,,,In2O3-SnO2,"In2O3-SnO2 (Indium tin oxide, ITO)",other,other/mixed crystals/In2O3-SnO2/nk/Konig.yml,Thin film,,,,True,0.003113193018867925,,,1.0,,0.25157,,1.8148804598113208,,nan,nan,nan,"König et al. 2014: n,k 0.25–1.0 µm",Konig,False,False,False,,other,False
,,,In2O3-SnO2,"In2O3-SnO2 (Indium tin oxide, ITO)",other,other/mixed crystals/In2O3-SnO2/nk/Konig-EMA.yml,Thin film,,,,True,0.0014363099999999999,,,1.0,,0.25157,,1.3884371664150943,,nan,nan,nan,"König et al. 2014: with EMA layer; n,k 0.25–1.0 µm",Konig-EMA,False,False,False,,other,False
,,,In2O3-SnO2,"In2O3-SnO2 (Indium tin oxide, ITO)",metal,other/mixed crystals/In2O3-SnO2/nk/Minenkov-glass.yml,Thin film,0.3445178688275384,1.258444743222541,,True,0.010898499999999998,,,1.68869,,0.2,,1.7953994375,1,nan,nan,nan,"Minenkov et al. 2024: on glass; n,k 0.191–1.69 µm",Minenkov-glass,False,False,False,,other,True
,,,In2O3-SnO2,"In2O3-SnO2 (Indium tin oxide, ITO)",ENZ,other/mixed crystals/In2O3-SnO2/nk/Minenkov-wafer-top.yml,Thin film,0.6410513230428545,1.550230402913804,,True,0.0102020625,,,1.68869,,0.2,,1.8640025,1,nan,nan,nan,"Minenkov et al. 2024: on Si wafer, top; n,k 0.191–1.69 µm",Minenkov-wafer-top,False,False,False,,other,False
,,,In2O3-SnO2,"In2O3-SnO2 (Indium tin oxide, ITO)",metal,other/mixed crystals/In2O3-SnO2/nk/Minenkov-wafer-bottom.yml,Thin film,0.45955894291612026,1.0951142200096746,,True,0.022471249999999998,,,1.68869,,0.2,,1.698022,1,nan,nan,nan,"Minenkov et al. 2024: on Si wafer, bottom; n,k 0.191–1.69 µm",Minenkov-wafer-bottom,False,False,False,,other,True
,,,In2O3-SnO2,"In2O3-SnO2 (Indium tin oxide, ITO)",other,other/mixed crystals/In2O3-SnO2/nk/Moerland.yml,Thin film,,,,True,0.0023091668134913824,,,0.99996106,,0.401047791,,1.8940555193556206,,nan,nan,nan,"Moerland and Hoogenboom 2016: n,k 0.4–1.0 µm",Moerland,False,False,False,,other,False
,,,TlBr-TlCl,"TlBr-TlCl (Thallium bromo-chloride, KRS-6)",transparent dielectric,other/mixed crystals/TlBr-TlCl/nk/Hettner.yml,Mixed crystals,,,,False,,,,24.0,,0.6,,,,2.194974123057128,2.1962156278940115,2.1968133208553327,Hettner and Leisegang 1948: n 0.6–24 µm,Hettner,False,False,False,,other,False
,,,TlBr-TlI,"TlBr-TlI (Thallium bromo-iodide, KRS-5)",transparent dielectric,other/mixed crystals/TlBr-TlI/nk/Rodney.yml,Mixed crystals,,,,False,,,,30.0,,0.577,,,,2.3948316585583633,2.4892185203729094,2.62748022115047,Rodney and Malitson 1956: n 0.577–39.38 µm,Rodney,False,False,False,,other,False
,0.009270840338516877,,ZnO-CdO,"ZnO-CdO (Zinc cadmium oxide, ZnCdO)",IR metal / TCO,other/mixed crystals/ZnO-CdO/nk/Aguilar-10.yml,Mixed crystals,1.1890732258352459,3.1622554674917307,,True,0.098328,,,3.2,,0.3,3.2,2.305,1,nan,nan,nan,"Aguilar et al. 2019: n,k 0.3–3.2 µm; 10% ZnO",Aguilar-10,False,True,False,"(3.1810717527232137, 3.2)",other,False
,,,ZnO-CdO,"ZnO-CdO (Zinc cadmium oxide, ZnCdO)",other,other/mixed crystals/ZnO-CdO/nk/Aguilar-25.yml,Mixed crystals,,,,True,0.1424,,,3.2,,0.3,,2.0776,,nan,nan,nan,"Aguilar et al. 2019: n,k 0.3–3.2 µm; 25% ZnO",Aguilar-25,False,False,False,,other,False
,,,ZnO-CdO,"ZnO-CdO (Zinc cadmium oxide, ZnCdO)",other,other/mixed crystals/ZnO-CdO/nk/Aguilar-40.yml,Mixed crystals,,,,True,0.045057,,,3.2,,0.3,,1.9862,,nan,nan,nan,"Aguilar et al. 2019: n,k 0.3–3.2 µm; 40% ZnO",Aguilar-40,False,False,False,,other,False
,,,ZnO-CdO,"ZnO-CdO (Zinc cadmium oxide, ZnCdO)",other,other/mixed crystals/ZnO-CdO/nk/Aguilar-50.yml,Mixed crystals,,,,True,0.028423,,,3.2,,0.3,,1.8757,,nan,nan,nan,"Aguilar et al. 2019: n,k 0.3–3.2 µm; 50% ZnO",Aguilar-50,False,False,False,,other,False
,,,ZnO-CdO,"ZnO-CdO (Zinc cadmium oxide, ZnCdO)",other,other/mixed crystals/ZnO-CdO/nk/Aguilar-63.yml,Mixed crystals,,,,True,0.03055,,,3.2,,0.3,,1.8904,,nan,nan,nan,"Aguilar et al. 2019: n,k 0.3–3.2 µm; 63% ZnO",Aguilar-63,False,False,False,,other,False
,,,ZnO-CdO,"ZnO-CdO (Zinc cadmium oxide, ZnCdO)",other,other/mixed crystals/ZnO-CdO/nk/Aguilar-75.yml,Mixed crystals,,,,True,0.047926,,,3.2,,0.3,,1.8842,,nan,nan,nan,"Aguilar et al. 2019: n,k 0.3–3.2 µm; 75% ZnO",Aguilar-75,False,False,False,,other,False
,,,ZnO-CdO,"ZnO-CdO (Zinc cadmium oxide, ZnCdO)",other,other/mixed crystals/ZnO-CdO/nk/Aguilar-90.yml,Mixed crystals,,,,True,0.089633,,,3.2,,0.3,,1.8718,,nan,nan,nan,"Aguilar et al. 2019: n,k 0.3–3.2 µm; 90% ZnO",Aguilar-90,False,False,False,,other,False
,,,ZnO-CdO,"ZnO-CdO (Zinc cadmium oxide, ZnCdO)",other,main/ZnO/nk/Aguilar.yml,Mixed crystals,,,,True,0.044705,,,3.2,,0.3,,1.7818,,nan,nan,nan,"Aguilar et al. 2019: n,k 0.3–3.2 µm; 100% ZnO",Aguilar-100,False,False,False,,other,False
,,,ZrO2-Y2O3,"ZrO2-Y2O3 (Yttria-stabilized zirconia, YSZ)",transparent dielectric,other/mixed crystals/ZrO2-Y2O3/nk/Wood.yml,Mixed crystals,,,,False,,,,5.135,,0.361,,,,2.1014024624301957,2.135051701201696,2.2219396423566864,Wood and Nassau 1982: 12 mol % Y2O3; n 0.361–5.135 µm,Wood,False,False,False,,other,False
,561.848535098408,,Si-InP,Si:InP (Silicon-doped indium phosphide),phonon polariton,other/doped crystals/Si-InP/nk/Panah.yml,Doped crystals,0.6470263414851501,7.557764415019045,,True,,,,30.0,,5.0,30.0,,1,nan,nan,nan,"Panah et al. 2016: n,k 5.0–30 µm",Panah,False,True,False,"(7.591779820687578, 30.0)",other,False
,,,MgO-LiNbO3,MgO:LiNbO3 (Magnesium oxide doped lithium niobate),transparent dielectric,other/doped crystals/MgO-LiNbO3/nk/Zelmon-o.yml,Doped crystals,,,,False,,,,5.0,,0.4,,,,2.193683493701066,2.2513659715351477,2.433400195610465,"Zelmon et al. 1997: CLN, 5 mol % MgO; n(o) 0.4–5.0 µm",Zelmon-o,False,False,False,,other,False
,,,MgO-LiNbO3,MgO:LiNbO3 (Magnesium oxide doped lithium niobate),transparent dielectric,other/doped crystals/MgO-LiNbO3/nk/Zelmon-e.yml,Doped crystals,,,,False,,,,5.0,,0.4,,,,2.117797755766325,2.166458485326485,2.31906747981619,"Zelmon et al. 1997: CLN, 5 mol % MgO; n(e) 0.4–5.0 µm",Zelmon-e,False,False,False,,other,False
,,,MgO-LiNbO3,MgO:LiNbO3 (Magnesium oxide doped lithium niobate),transparent dielectric,other/doped crystals/MgO-LiNbO3/nk/Gayer-5-o.yml,Doped crystals,,,,False,,,,1.7,,0.5,,,,nan,2.252331500388877,2.3366702575582186,"Gayer et al. 2008: CLN, 5 mol % MgO; n(o) 0.5–1.7 µm",Gayer-5-o,False,False,False,,other,False
,,,MgO-LiNbO3,MgO:LiNbO3 (Magnesium oxide doped lithium niobate),transparent dielectric,other/doped crystals/MgO-LiNbO3/nk/Gayer-5-e.yml,Doped crystals,,,,False,,,,4.0,,0.5,,,,2.118636523058051,2.1673197739058776,2.2389472735385265,"Gayer et al. 2008: CLN, 5 mol % MgO; n(e) 0.5–4.0 µm",Gayer-5-e,False,False,False,,other,False
,,,MgO-LiNbO3,MgO:LiNbO3 (Magnesium oxide doped lithium niobate),transparent dielectric,other/doped crystals/MgO-LiNbO3/nk/Gayer-1-e.yml,Doped crystals,,,,False,,,,4.0,,0.5,,,,2.1139494524789355,2.1621635972456246,2.233425957899645,"Gayer et al. 2008: SLN, 1 mol % MgO; n(e) 0.5–4.0 µm",Gayer-1-e,False,False,False,,other,False
,,,Mg-LiTaO3,Mg:LiTaO3 (Magnesium-doped lithium tantalate),transparent dielectric,other/doped crystals/Mg-LiTaO3/nk/Moutzouris-o.yml,Doped crystals,,,,False,,,,1.551,,0.45,,,,nan,2.1483631179119764,2.2373000025056826,Moutzouris et al. 2011: n(o) 0.450–1.551 µm; 8 mol.% Mg,Moutzouris-o,False,False,False,,other,False
,,,Mg-LiTaO3,Mg:LiTaO3 (Magnesium-doped lithium tantalate),transparent dielectric,other/doped crystals/Mg-LiTaO3/nk/Moutzouris-e.yml,Doped crystals,,,,False,,,,1.551,,0.45,,,,nan,2.1515491247254057,2.2396999999542593,Moutzouris et al. 2011: n(e) 0.450–1.551 µm; 8 mol.% Mg,Moutzouris-e,False,False,False,,other,False
,,,Nb-RbTiOPO4,"Nb:RbTiOPO4 (Niobium-doped rubidium titanyl phosphate, Nb:RTP)",transparent dielectric,other/doped crystals/Nb-RbTiOPO4/nk/Carvajal-alpha.yml,Doped crystals,,,,False,,,,1.5,,0.4,,,,nan,1.787712686869269,1.8750220455324988,Carvajal et al. 2007: n(α) 0.4–1.5 µm,Carvajal-α,False,False,False,,other,False
,,,Nb-RbTiOPO4,"Nb:RbTiOPO4 (Niobium-doped rubidium titanyl phosphate, Nb:RTP)",transparent dielectric,other/doped crystals/Nb-RbTiOPO4/nk/Carvajal-beta.yml,Doped crystals,,,,False,,,,1.5,,0.4,,,,nan,1.8189740828460061,1.9126289042218174,Carvajal et al. 2007: n(β) 0.4–1.5 µm,Carvajal-β,False,False,False,,other,False
,,,Nb-RbTiOPO4,"Nb:RbTiOPO4 (Niobium-doped rubidium titanyl phosphate, Nb:RTP)",transparent dielectric,other/doped crystals/Nb-RbTiOPO4/nk/Carvajal-gamma.yml,Doped crystals,,,,False,,,,1.5,,0.4,,,,nan,1.8922967671849706,2.044195407201342,Carvajal et al. 2007: n(γ) 0.4–1.5 µm,Carvajal-γ,False,False,False,,other,False
,,,Al-ZnO,"Al:ZnO (Aluminium-doped zinc oxide, AZO)",transparent dielectric,other/doped crystals/Al-ZnO/nk/Treharne.yml,Doped crystals,,,,True,0.00239,,,0.9,,0.3,,1.81984,,nan,nan,1.9990916720022056,"Treharne et al. 2011: n,k 0.3–0.9 µm",Treharne,False,False,False,,other,False
,,,Al-ZnO,"Al:ZnO (Aluminium-doped zinc oxide, AZO)",other,other/doped crystals/Al-ZnO/nk/Shkondin.yml,Doped crystals,,,,True,,,,20.0,,2.0,,,,nan,nan,nan,"Shkondin et al. 2017: n,k 2–20 µm",Shkondin,False,False,False,,other,False
,,,Si-O,Si-O (Non-stoichiometric silicon oxide),transparent dielectric,other/non-stoichiometric compounds/Si-O/nk/Herguedas-SiO0.31.yml,Non-stoichiometric compounds,,,,True,,,,25.0,,5.0,,,,3.051,nan,nan,"Herguedas and Carretero 2023: SiO0.31; n,k 5.0–25 µm",Herguedas-SiO0.31,False,False,False,,other,False
,,,Si-O,Si-O (Non-stoichiometric silicon oxide),transparent dielectric,other/non-stoichiometric compounds/Si-O/nk/Herguedas-SiO0.61.yml,Non-stoichiometric compounds,,,,True,,,,25.0,,5.0,,,,2.594,nan,nan,"Herguedas and Carretero 2023: SiO0.61; n,k 5.0–25 µm",Herguedas-SiO0.61,False,False,False,,other,False
,,,Si-O,Si-O (Non-stoichiometric silicon oxide),transparent dielectric,other/non-stoichiometric compounds/Si-O/nk/Herguedas-SiO1.10.yml,Non-stoichiometric compounds,,,,True,,,,25.0,,5.0,,,,1.71,nan,nan,"Herguedas and Carretero 2023: SiO1.10; n,k 5.0–25 µm",Herguedas-SiO1.10,False,False,False,,other,False
,0.79435997152832,,Si-O,Si-O (Non-stoichiometric silicon oxide),phonon polariton,other/non-stoichiometric compounds/Si-O/nk/Herguedas-SiO1.71.yml,Non-stoichiometric compounds,0.5788776095180546,8.245058949985683,,True,,,,25.0,,5.0,9.04659751909278,,2,nan,nan,nan,"Herguedas and Carretero 2023: SiO1.71; n,k 5.0–25 µm",Herguedas-SiO1.71,False,True,False,"(8.278384037115877, 9.381051276134658)",other,False
,1.8396892639954097,,Si-O,Si-O (Non-stoichiometric silicon oxide),phonon polariton,other/non-stoichiometric compounds/Si-O/nk/Herguedas-SiO1.89.yml,Non-stoichiometric compounds,0.43944448202900155,8.145886442376217,,True,,,,25.0,,5.0,9.01017994662889,,4,nan,nan,nan,"Herguedas and Carretero 2023: SiO1.89; n,k 5.0–25 µm",Herguedas-SiO1.89,False,True,False,"(8.178810691564918, 21.44724124217081)",other,False
,2.5093799247051134,,Si-O,Si-O (Non-stoichiometric silicon oxide),phonon polariton,other/non-stoichiometric compounds/Si-O/nk/Herguedas-SiO1.92.yml,Non-stoichiometric compounds,0.4946541589434173,8.311843818423393,,True,,,,25.0,,5.0,9.01017994662889,,4,nan,nan,nan,"Herguedas and Carretero 2023: SiO1.92; n,k 5.0–25 µm",Herguedas-SiO1.92,False,True,False,"(8.345438838318552, 21.97264119790356)",other,False
,,,franckeite,Franckeite,absorber (visible),other/crystalline minerals/franckeite/nk/Gant.yml,Miscellaneous crystalline minerals,,,,True,0.5661995590828924,,,0.7776007,,0.4439741,,3.4766496031746033,,nan,nan,nan,"Gant et al. 2017: n,k 0.444–0.778 µm",Gant,False,False,False,,other,False
,,,HAC,Hydrogenated amorphous carbon,other,other/amorphous/HAC/nk/Smith-Td250C.yml,Miscellaneous amorphous materials,,,,True,0.008094202898550727,,,0.827,,0.261,,1.74,,nan,nan,nan,"Smith 1984: As-deposited; n,k 0.261–0.827 µm",Smith-Td250C,True,False,False,,other,False
,,,HAC,Hydrogenated amorphous carbon,other,other/amorphous/HAC/nk/Smith-Ta350C.yml,Miscellaneous amorphous materials,,,,True,0.018833333333333337,,,0.827,,0.261,,1.7628985507246377,,nan,nan,nan,"Smith 1984: Annealed at 350 °; n,k 0.261–0.827 µm",Smith-Ta350C,True,False,False,,other,False
,,,HAC,Hydrogenated amorphous carbon,other,other/amorphous/HAC/nk/Smith-Ta450C.yml,Miscellaneous amorphous materials,,,,True,0.126304347826087,,,0.827,,0.261,,1.8128985507246378,,nan,nan,nan,"Smith 1984: Annealed at 450 °; n,k 0.261–0.827 µm",Smith-Ta450C,True,False,False,,other,False
,,,HAC,Hydrogenated amorphous carbon,absorber (visible),other/amorphous/HAC/nk/Smith-Ta550C.yml,Miscellaneous amorphous materials,,,,True,0.3745217391304348,,,0.827,,0.261,,2.0271014492753623,,nan,nan,nan,"Smith 1984: Annealed at 550 °; n,k 0.261–0.827 µm",Smith-Ta550C,True,False,False,,other,False
,,,HAC,Hydrogenated amorphous carbon,absorber (visible),other/amorphous/HAC/nk/Smith-Ta650C.yml,Miscellaneous amorphous materials,,,,True,0.6689565217391304,,,0.827,,0.261,,2.0281159420289856,,nan,nan,nan,"Smith 1984: Annealed at 650 °; n,k 0.261–0.827 µm",Smith-Ta650C,True,False,False,,other,False
,,,HAC,Hydrogenated amorphous carbon,absorber (visible),other/amorphous/HAC/nk/Smith-Ta750C.yml,Miscellaneous amorphous materials,,,,True,0.7868695652173914,,,0.827,,0.261,,2.0068115942028983,,nan,nan,nan,"Smith 1984: Annealed at 750 °; n,k 0.261–0.827 µm",Smith-Ta750C,True,False,False,,other,False
,,,C8H8_n-C3H3N_m,"(C8H8)n-(C3H3N)m (Styrene-acrylonitrile, SAN)",transparent dielectric,other/mixed organic/(C8H8)n-(C3H3N)m/nk/Sultanova.yml,Mixed organic compounds,,,,False,,,,1.052,,0.4368,,,,nan,1.5550508596835086,1.5877432602129198,Sultanova et al. 2009: n 0.4368–1.052 µm,Sultanova,False,False,False,,other,False
,,,C6H4S4-C12H4N4,"C6H4S4:C12H4N4 (Tetrathiafulvalene:tetracyanoquinodimethane, TTF:TCNQ)",other,other/mixed organic/C6H4S4-C12H4N4/nk/Querry.yml,Mixed organic compounds,,,,True,0.117,,,30.0,,0.21,,1.727,,nan,nan,nan,"Querry 1985: n,k 0.21–55.6 µm",Querry,False,False,False,,other,False
,,,PTB7-PC71BM,PTB7:PC71BM,absorber (visible),other/mixed organic/PTB7-PC71BM/nk/Stelling.yml,Mixed organic compounds,,,,True,0.3328164088050314,,,1.68492,,0.30158,,1.9277312955974841,,nan,2.0153939226502007,nan,"Stelling et al. 2017: n,k 0.302–1.685 µm",Stelling,False,False,False,,other,False
,,,P3HT-PC61BM,P3HT:PC61BM,transparent dielectric,other/mixed organic/P3HT-PC61BM/nk/Stelling.yml,Mixed organic compounds,,,,True,0.19163800000000025,,,1.68492,,0.24718,,2.17816693081761,,nan,1.8054009372172495,1.9833384364980826,"Stelling et al. 2017: n,k 0.247–1.685 µm",Stelling,False,False,False,,other,False
,,,PEDOT-PSS,PEDOT:PSS,other,other/mixed organic/PEDOT-PSS/nk/Chen.yml,Mixed organic compounds,,,,True,0.010739101123595505,,,1.0968,,0.3053,,1.5079620087336245,,nan,nan,nan,"Chen et al. 2015: n,k 0.3–1.1 µm",Chen,False,False,False,,other,False
,,,PBDBT-ITIC,PBDB-T:ITIC,absorber (visible),other/mixed organic/PBDBT-ITIC/nk/Kerremans.yml,Mixed organic compounds,,,,True,0.9616046341463413,,,1.6,,0.3771,,1.582753734939759,,nan,2.481711102185186,2.7130058458964394,"Kerremans et al. 2020: n,k 0.37–1.6 µm",Kerremans,False,False,False,,other,False
,,,H2O-C3H5_OH_3,H2O:C3H5(OH)3 (Water:Glycerol),transparent dielectric,other/mixed organic-inorganic/H2O-C3H5(OH)3/nk/Gupta-0.yml,Mixed organic/inorganic compounds,,,,False,,,,0.71,,0.4,,,,nan,nan,1.3431053016613679,Gupta et al. 2022: n 0.40–0.71 µm; 0 wt% glycerol,Gupta-0,False,False,False,,other,False
,,,H2O-C3H5_OH_3,H2O:C3H5(OH)3 (Water:Glycerol),transparent dielectric,other/mixed organic-inorganic/H2O-C3H5(OH)3/nk/Gupta-20.yml,Mixed organic/inorganic compounds,,,,False,,,,0.71,,0.4,,,,nan,nan,1.3665228563125,Gupta et al. 2022: n 0.40–0.71 µm; 20 wt% glycerol,Gupta-20,False,False,False,,other,False
,,,H2O-C3H5_OH_3,H2O:C3H5(OH)3 (Water:Glycerol),transparent dielectric,other/mixed organic-inorganic/H2O-C3H5(OH)3/nk/Gupta-50.yml,Mixed organic/inorganic compounds,,,,False,,,,0.71,,0.4,,,,nan,nan,1.40644175990625,Gupta et al. 2022: n 0.40–0.71 µm; 50 wt% glycerol,Gupta-50,False,False,False,,other,False
,,,H2O-C3H5_OH_3,H2O:C3H5(OH)3 (Water:Glycerol),transparent dielectric,organic/C3H8O3 - glycerol/nk/Gupta.yml,Mixed organic/inorganic compounds,,,,False,,,,0.71,,0.4,,,,nan,nan,1.48403066709375,Gupta et al. 2022: n 0.40–0.71 µm; 100 wt% glycerol,Gupta-100,False,False,False,,other,False
,,,D2O-C3H5_OH_3,D2O:C3H5(OH)3 (Heavy water:Glycerol),transparent dielectric,main/D2O/nk/Sarkar.yml,Mixed organic/inorganic compounds,,,,False,,,,0.71,,0.48,,,,nan,nan,1.332115905652609,Sarkar et al. 2022: n 0.48–0.71 µm; 0 wt% glycerol,Sarkar-0,False,False,False,,other,False
,,,D2O-C3H5_OH_3,D2O:C3H5(OH)3 (Heavy water:Glycerol),transparent dielectric,other/mixed organic-inorganic/D2O-C3H5(OH)3/nk/Sarkar-25.yml,Mixed organic/inorganic compounds,,,,False,,,,0.71,,0.4,,,,nan,nan,1.37268466690625,Sarkar et al. 2022: n 0.40–0.71 µm; 25 wt% glycerol,Sarkar-25,False,False,False,,other,False
,,,D2O-C3H5_OH_3,D2O:C3H5(OH)3 (Heavy water:Glycerol),transparent dielectric,other/mixed organic-inorganic/D2O-C3H5(OH)3/nk/Sarkar-50.yml,Mixed organic/inorganic compounds,,,,False,,,,0.71,,0.4,,,,nan,nan,1.4106004092187499,Sarkar et al. 2022: n 0.40–0.71 µm; 50 wt% glycerol,Sarkar-50,False,False,False,,other,False
,,,D2O-C3H5_OH_3,D2O:C3H5(OH)3 (Heavy water:Glycerol),transparent dielectric,other/mixed organic-inorganic/D2O-C3H5(OH)3/nk/Sarkar-75.yml,Mixed organic/inorganic compounds,,,,False,,,,0.71,,0.4,,,,nan,nan,1.4483584826562501,Sarkar et al. 2022: n 0.40–0.71 µm; 75 wt% glycerol,Sarkar-75,False,False,False,,other,False
,,,D2O-C3H5_OH_3,D2O:C3H5(OH)3 (Heavy water:Glycerol),transparent dielectric,organic/C3H8O3 - glycerol/nk/Gupta.yml,Mixed organic/inorganic compounds,,,,False,,,,0.71,,0.4,,,,nan,nan,1.48403066709375,Gupta et al. 2022: n 0.40–0.71 µm; 100 wt% glycerol,Gupta-100,False,False,False,,other,False
,,,Cu-C12H4N4,"Cu:C12H4N4 (Copper:tetracyanoquinodimethane, Cu:TCNQ )",other,other/mixed organic-inorganic/Cu-C12H4N4/nk/Querry.yml,Mixed organic/inorganic compounds,,,,True,0.121,,,30.0,,0.21,,1.551,,nan,nan,nan,"Querry 1985: n,k 0.21–55.6 µm",Querry,False,False,False,,other,False
,,,Li-C12H4N4,"Li:C12H4N4 (Lithium:tetracyanoquinodimethane, Li:TCNQ )",absorber (visible),other/mixed organic-inorganic/Li-C12H4N4/nk/Querry.yml,Mixed organic/inorganic compounds,,,,True,0.455,,,30.0,,0.21,,1.23,,nan,nan,nan,"Querry 1985: n,k 0.21–55.6 µm",Querry,False,False,False,,other,False
,,,CR-39,CR-39,error,other/commercial polymers/CR-39/nk/poly.yml,Commercial polymers,,,range outside 0.2-30 um,,,,,,,,,,,,,,Polymer: n 0.58929 µm,poly,,,,,other,
,,,CR-39,CR-39,error,other/commercial polymers/CR-39/nk/mono.yml,Commercial polymers,,,range outside 0.2-30 um,,,,,,,,,,,,,,Monomer: n 0.58929 µm,mono,,,,,other,
,,,EVASKY_S87,EVASKY S87,transparent dielectric,other/commercial polymers/EVASKY S87/nk/Vogt.yml,Commercial polymers,,,,True,3.34e-07,,,2.5,,0.25,,1.493,,1.483,1.488,1.507871419890881,"Vogt et al. 2016: n,k 0.25–2.5 µm",Vogt,False,False,False,,other,False
,,,EVASKY_S88,EVASKY S88,transparent dielectric,other/commercial polymers/EVASKY S88/nk/Vogt.yml,Commercial polymers,,,,True,5.52e-07,,,2.5,,0.25,,1.491,,1.48,1.486,1.5067428397817617,"Vogt et al. 2016: n,k 0.25–2.5 µm",Vogt,False,False,False,,other,False
,,,Kapton,Kapton,error,other/commercial polymers/Kapton/nk/Cunningham.yml,Commercial polymers,,,range outside 0.2-30 um,,,,,,,,,,,,,,"Cunningham et al. 2011: n 30–490 µm, k 30–470 µm",Cunningham,,,,,other,
,,,Kapton,Kapton,error,other/commercial polymers/Kapton/nk/Sahin.yml,Commercial polymers,,,range outside 0.2-30 um,,,,,,,,,,,,,,"Sahin et al. 2019: n,k 160–3000 µm",Sahin,,,,,other,
,,,Kapton,Kapton,transparent dielectric,other/commercial polymers/Kapton/nk/Kumar.yml,Commercial polymers,,,,True,0.000494128,,,0.65,,0.49,,1.74768,,nan,nan,1.7574489000862894,"Kumar et al. 2011: n 0.41–0.65 µm, k 0.49–0.78 µm",Kumar,False,False,False,,other,False
,,,Kapton,Kapton,transparent dielectric,other/commercial polymers/Kapton/nk/French.yml,Commercial polymers,,,,True,0.000113835,,,1.59,,0.48,,1.81497,,nan,1.7834202205942058,1.8662,"French et al. 2009: n 0.19–1.59 µm, k 0.48–2.49 µm",French,False,False,False,,other,False
,,,Kapton,Kapton,transparent dielectric,other/commercial polymers/Kapton/nk/Kawka.yml,Commercial polymers,,,,True,,,,4.97,,1.82,,,,1.6738436217422483,1.67458,nan,"Kawka and Buckius 2001: n 1.44–4.97 µm, k 1.82–4.98 µm",Kawka,False,False,False,,other,False
,,,Kapton,Kapton,transparent dielectric,other/commercial polymers/Kapton/nk/Zhang.yml,Commercial polymers,,,,True,,,,20.0,,1.667,,,,1.749332323770378,1.75077,nan,"Zhang et al. 1998: n,k 1.67–20.0 µm",Zhang,False,False,False,,other,False
,,,Kapton,Kapton,error,other/commercial polymers/Kapton/nk/Philipp.yml,Commercial polymers,,,ValueError('/home/claude/rii/data/other/commercial polymers/Kapton/nk/Philipp.ym,,,,,,,,,,,,,,Philipp et al. 1986: k 0.18–0.33 µm,Philipp,,,,,other,
,,,Kapton,Kapton,error,other/commercial polymers/Kapton/nk/Brannon.yml,Commercial polymers,,,ValueError('/home/claude/rii/data/other/commercial polymers/Kapton/nk/Brannon.ym,,,,,,,,,,,,,,Brannon et al. 1985: k 0.19–0.39 µm,Brannon,,,,,other,
,,,Kapton,Kapton,other,other/commercial polymers/Kapton/nk/Arakawa.yml,Commercial polymers,,,,True,nan,,,0.43,,0.2,,nan,,nan,nan,nan,"Arakawa et al. 1981: n 0.02–1.49 µm, k 0.02–0.43 µm",Arakawa,False,False,False,,other,False
,,,Kapton,Kapton,other,other/commercial polymers/Kapton/nk/Smith.yml,Commercial polymers,,,,True,,,,30.0,,28.5714,,,,nan,nan,nan,"Smith and Loewenstein 1975: n,k 28.6–182 µm",Smith,False,False,False,,other,False
,,,NAS-21,NAS-21,transparent dielectric,other/commercial polymers/NAS-21/nk/Sultanova.yml,Commercial polymers,,,,False,,,,1.052,,0.4368,,,,nan,1.5595039344779607,1.593308678165309,Sultanova et al. 2009: n 0.4368–1.052 µm,Sultanova,False,False,False,,other,False
,,,Optorez1330,Optorez 1330,transparent dielectric,other/commercial polymers/Optorez1330/nk/Sultanova.yml,Commercial polymers,,,,False,,,,1.052,,0.4368,,,,nan,1.5026797015108049,1.5218327452737934,Sultanova et al. 2009: n 0.4368–1.052 µm,Sultanova,False,False,False,,other,False
,,,Pharmacoat606,"Pharmacoat 606 (Hydroxypropyl methylcellulose, HPMC)",transparent dielectric,other/commercial polymers/Pharmacoat 606/nk/Juntunen.yml,Commercial polymers,,,,False,,,,1.65,,1.1,,,,nan,1.481329075882795,nan,Juntunen et al. 2024: n 1.10–1.65 µm,Juntunen,False,False,False,,other,False
,,,SurlynA1601,Surlyn A-1601,other,other/commercial polymers/Surlyn A-1601/nk/Smith.yml,Commercial polymers,,,,True,,,,30.0,,29.4118,,,,nan,nan,nan,"Smith and Loewenstein 1975: n,k 28.6–200 µm",Smith,False,False,False,,other,False
,,,ZeonexE48R,Zeonex E48R,transparent dielectric,other/commercial polymers/ZeonexE48R/nk/Sultanova.yml,Commercial polymers,,,,False,,,,1.052,,0.4368,,,,nan,1.5235030362733262,1.5433038777707075,Sultanova et al. 2009: n 0.4368–1.052 µm,Sultanova,False,False,False,,other,False
,,,5CB,5CB (4-pentyl-4'-cyanobiphenyl),transparent dielectric,other/liquid crystals/5CB/nk/Li-o.yml,Liquid crystals,,,,False,,,,0.656,,0.45,,,,nan,nan,1.5590882335009908,Li et al. 2005: n(o) 0.450–0.656 µm,Li-o,False,False,False,,other,False
,,,5CB,5CB (4-pentyl-4'-cyanobiphenyl),transparent dielectric,other/liquid crystals/5CB/nk/Li-e.yml,Liquid crystals,,,,False,,,,0.656,,0.45,,,,nan,nan,1.7693276634659352,Li et al. 2005: n(e) 0.450–0.656 µm,Li-e,False,False,False,,other,False
,,,5CB,5CB (4-pentyl-4'-cyanobiphenyl),transparent dielectric,other/liquid crystals/5CB/nk/Tkachenko-o.yml,Liquid crystals,,,,False,,,,1.7,,0.532,,,,nan,1.5214882812646608,1.5408311007736222,Tkachenko et al. 2006: n(o) 0.532–1.7 µm,Tkachenko-o,False,False,False,,other,False
,,,5CB,5CB (4-pentyl-4'-cyanobiphenyl),transparent dielectric,other/liquid crystals/5CB/nk/Tkachenko-e.yml,Liquid crystals,,,,False,,,,1.7,,0.532,,,,nan,1.6801103956397654,1.7223263058008422,Tkachenko et al. 2006: n(e) 0.532–1.7 µm,Tkachenko-e,False,False,False,,other,False
,,,5CB,5CB (4-pentyl-4'-cyanobiphenyl),transparent dielectric,other/liquid crystals/5CB/nk/Wu-25.1C-o.yml,Liquid crystals,,,,False,,,,0.8,,0.4,,,,nan,1.520282555701212,1.5701744377966707,Wu et al. 1993: n(o) 0.4–0.8 µm; 25.1 °C,Wu-25.1C-o,True,False,False,,other,False
,,,5CB,5CB (4-pentyl-4'-cyanobiphenyl),transparent dielectric,other/liquid crystals/5CB/nk/Wu-25.1C-e.yml,Liquid crystals,,,,False,,,,0.8,,0.4,,,,nan,1.6921788323193114,1.8176230284493942,Wu et al. 1993: n(e) 0.4–0.8 µm; 25.1 °C,Wu-25.1C-e,True,False,False,,other,False
,,,5CB,5CB (4-pentyl-4'-cyanobiphenyl),transparent dielectric,other/liquid crystals/5CB/nk/Wu-27.2C-o.yml,Liquid crystals,,,,False,,,,0.8,,0.4,,,,nan,1.5217492429858304,1.5724036180827679,Wu et al. 1993: n(o) 0.4–0.8 µm; 27.2 °C,Wu-27.2C-o,True,False,False,,other,False
,,,5CB,5CB (4-pentyl-4'-cyanobiphenyl),transparent dielectric,other/liquid crystals/5CB/nk/Wu-27.2C-e.yml,Liquid crystals,,,,False,,,,0.8,,0.4,,,,nan,1.6821568072973343,1.8015225006569726,Wu et al. 1993: n(e) 0.4–0.8 µm; 27.2 °C,Wu-27.2C-e,True,False,False,,other,False
,,,5CB,5CB (4-pentyl-4'-cyanobiphenyl),transparent dielectric,other/liquid crystals/5CB/nk/Wu-29.9C-o.yml,Liquid crystals,,,,False,,,,0.8,,0.4,,,,nan,1.524601203529565,1.5768396703184528,Wu et al. 1993: n(o) 0.4–0.8 µm; 29.9 °C,Wu-29.9C-o,True,False,False,,other,False
,,,5CB,5CB (4-pentyl-4'-cyanobiphenyl),transparent dielectric,other/liquid crystals/5CB/nk/Wu-29.9C-e.yml,Liquid crystals,,,,False,,,,0.8,,0.4,,,,nan,1.6821568072973343,1.8015225006569726,Wu et al. 1993: n(e) 0.4–0.8 µm; 29.9 °C,Wu-29.9C-e,True,False,False,,other,False
,,,5CB,5CB (4-pentyl-4'-cyanobiphenyl),transparent dielectric,other/liquid crystals/5CB/nk/Wu-32.6C-o.yml,Liquid crystals,,,,False,,,,0.8,,0.4,,,,nan,1.540522379946586,1.595108585576149,Wu et al. 1993: n(o) 0.4–0.8 µm; 32.6 °C,Wu-32.6C-o,True,False,False,,other,False
,,,5CB,5CB (4-pentyl-4'-cyanobiphenyl),transparent dielectric,other/liquid crystals/5CB/nk/Wu-32.6C-e.yml,Liquid crystals,,,,False,,,,0.8,,0.4,,,,nan,1.6700686328507157,1.7851876924119643,Wu et al. 1993: n(e) 0.4–0.8 µm; 32.6 °C,Wu-32.6C-e,True,False,False,,other,False
,,,5CB,5CB (4-pentyl-4'-cyanobiphenyl),transparent dielectric,other/liquid crystals/5CB/nk/Wu-34.8C-o.yml,Liquid crystals,,,,False,,,,0.8,,0.4,,,,nan,1.5384142247385957,1.5973087753175585,Wu et al. 1993: n(o) 0.4–0.8 µm; 34.8 °C,Wu-34.8C-o,True,False,False,,other,False
,,,5CB,5CB (4-pentyl-4'-cyanobiphenyl),transparent dielectric,other/liquid crystals/5CB/nk/Wu-34.8C-e.yml,Liquid crystals,,,,False,,,,0.8,,0.4,,,,nan,1.653064398573501,1.7530821126437481,Wu et al. 1993: n(e) 0.4–0.8 µm; 34.8 °C,Wu-34.8C-e,True,False,False,,other,False
,,,5PCH,5PCH (4-trans-pentylcyclohexylcyanobenzene),transparent dielectric,other/liquid crystals/5PCH/nk/Li-o.yml,Liquid crystals,,,,False,,,,0.656,,0.45,,,,nan,nan,1.5008748361530255,Li et al. 2005: n(o) 0.450–0.656 µm,Li-o,False,False,False,,other,False
,,,5PCH,5PCH (4-trans-pentylcyclohexylcyanobenzene),transparent dielectric,other/liquid crystals/5PCH/nk/Li-e.yml,Liquid crystals,,,,False,,,,0.656,,0.45,,,,nan,nan,1.6234653406492914,Li et al. 2005: n(e) 0.450–0.656 µm,Li-e,False,False,False,,other,False
,,,5PCH,5PCH (4-trans-pentylcyclohexylcyanobenzene),transparent dielectric,other/liquid crystals/5PCH/nk/Wu-25.0C-o.yml,Liquid crystals,,,,False,,,,0.8,,0.4,,,,nan,1.4824139920025143,1.510949994990597,Wu et al. 1993: n(o) 0.4–0.8 µm; 25.0 °C,Wu-25.0C-o,True,False,False,,other,False
,,,5PCH,5PCH (4-trans-pentylcyclohexylcyanobenzene),transparent dielectric,other/liquid crystals/5PCH/nk/Wu-25.0C-e.yml,Liquid crystals,,,,False,,,,0.8,,0.4,,,,nan,1.5997121053953212,1.645672694344884,Wu et al. 1993: n(e) 0.4–0.8 µm; 25.0 °C,Wu-25.0C-e,True,False,False,,other,False
,,,5PCH,5PCH (4-trans-pentylcyclohexylcyanobenzene),transparent dielectric,other/liquid crystals/5PCH/nk/Wu-30.4C-o.yml,Liquid crystals,,,,False,,,,0.8,,0.4,,,,nan,1.4823194181788877,1.5108229949371856,Wu et al. 1993: n(o) 0.4–0.8 µm; 30.4 °C,Wu-30.4-o,False,False,False,,other,False
,,,5PCH,5PCH (4-trans-pentylcyclohexylcyanobenzene),transparent dielectric,other/liquid crystals/5PCH/nk/Wu-30.4C-e.yml,Liquid crystals,,,,False,,,,0.8,,0.4,,,,nan,1.5986495956289437,1.6440434934262125,Wu et al. 1993: n(e) 0.4–0.8 µm; 30.4 °C,Wu-30.4C-e,True,False,False,,other,False
,,,5PCH,5PCH (4-trans-pentylcyclohexylcyanobenzene),transparent dielectric,other/liquid crystals/5PCH/nk/Wu-34.8C-o.yml,Liquid crystals,,,,False,,,,0.8,,0.4,,,,nan,1.4822067931887597,1.5107633616412401,Wu et al. 1993: n(o) 0.4–0.8 µm; 34.8 °C,Wu-34.8C-o,True,False,False,,other,False
,,,5PCH,5PCH (4-trans-pentylcyclohexylcyanobenzene),transparent dielectric,other/liquid crystals/5PCH/nk/Wu-34.8C-e.yml,Liquid crystals,,,,False,,,,0.8,,0.4,,,,nan,1.5956769406667797,1.640577959334441,Wu et al. 1993: n(e) 0.4–0.8 µm; 34.8 °C,Wu-34.8C-e,True,False,False,,other,False
,,,5PCH,5PCH (4-trans-pentylcyclohexylcyanobenzene),transparent dielectric,other/liquid crystals/5PCH/nk/Wu-40.1C-o.yml,Liquid crystals,,,,False,,,,0.8,,0.4,,,,nan,1.4821278491792182,1.5107883951187837,Wu et al. 1993: n(o) 0.4–0.8 µm; 40.1 °C,Wu-40.1C-o,True,False,False,,other,False
,,,5PCH,5PCH (4-trans-pentylcyclohexylcyanobenzene),transparent dielectric,other/liquid crystals/5PCH/nk/Wu-40.1C-e.yml,Liquid crystals,,,,False,,,,0.8,,0.4,,,,nan,1.5912354509875977,1.63528105784427,Wu et al. 1993: n(e) 0.4–0.8 µm; 40.1 °C,Wu-40.1C-e,True,False,False,,other,False
,,,5PCH,5PCH (4-trans-pentylcyclohexylcyanobenzene),transparent dielectric,other/liquid crystals/5PCH/nk/Wu-45.4C-o.yml,Liquid crystals,,,,False,,,,0.8,,0.4,,,,nan,1.482298740993964,1.511419229012934,Wu et al. 1993: n(o) 0.4–0.8 µm; 45.4 °C,Wu-45.4C-o,True,False,False,,other,False
,,,5PCH,5PCH (4-trans-pentylcyclohexylcyanobenzene),transparent dielectric,other/liquid crystals/5PCH/nk/Wu-45.4C-e.yml,Liquid crystals,,,,False,,,,0.8,,0.4,,,,nan,1.585545962494661,1.6287215230047423,Wu et al. 1993: n(e) 0.4–0.8 µm; 45.4 °C,Wu-45.4C-e,True,False,False,,other,False
,,,5PCH,5PCH (4-trans-pentylcyclohexylcyanobenzene),transparent dielectric,other/liquid crystals/5PCH/nk/Wu-50.8C-o.yml,Liquid crystals,,,,False,,,,0.8,,0.4,,,,nan,1.4831578007011097,1.5128822297072788,Wu et al. 1993: n(o) 0.4–0.8 µm; 50.8 °C,Wu-50.8C-o,True,False,False,,other,False
,,,5PCH,5PCH (4-trans-pentylcyclohexylcyanobenzene),transparent dielectric,other/liquid crystals/5PCH/nk/Wu-50.8C-e.yml,Liquid crystals,,,,False,,,,0.8,,0.4,,,,nan,1.5771115357654586,1.6189679876311032,Wu et al. 1993: n(e) 0.4–0.8 µm; 50.8 °C,Wu-50.8C-e,True,False,False,,other,False
,,,5PCH,5PCH (4-trans-pentylcyclohexylcyanobenzene),transparent dielectric,other/liquid crystals/5PCH/nk/Wu-53.4C-o.yml,Liquid crystals,,,,False,,,,0.8,,0.4,,,,nan,1.4848315626622828,1.5148595632542567,Wu et al. 1993: n(o) 0.4–0.8 µm; 53.4 °C,Wu-53.4C-o,True,False,False,,other,False
,,,5PCH,5PCH (4-trans-pentylcyclohexylcyanobenzene),transparent dielectric,other/liquid crystals/5PCH/nk/Wu-53.4C-e.yml,Liquid crystals,,,,False,,,,0.8,,0.4,,,,nan,1.569656734975703,1.609782651306746,Wu et al. 1993: n(e) 0.4–0.8 µm; 53.4 °C,Wu-53.4C-e,True,False,False,,other,False
,,,E7,E7,transparent dielectric,other/liquid crystals/E7/nk/Li-o.yml,Liquid crystals,,,,False,,,,0.656,,0.45,,,,nan,nan,1.5418715134887975,Li et al. 2005: n(o) 0.450–0.656 µm,Li-o,False,False,False,,other,False
,,,E7,E7,transparent dielectric,other/liquid crystals/E7/nk/Li-e.yml,Liquid crystals,,,,False,,,,0.656,,0.45,,,,nan,nan,1.8001007925621095,Li et al. 2005: n(e) 0.450–0.656 µm,Li-e,False,False,False,,other,False
,,,E7,E7,transparent dielectric,other/liquid crystals/E7/nk/Tkachenko-o.yml,Liquid crystals,,,,False,,,,1.7,,0.532,,,,nan,1.5095209753838887,1.5276720015563339,Tkachenko et al. 2006: n(o) 0.532–1.7 µm,Tkachenko-o,False,False,False,,other,False
,,,E7,E7,transparent dielectric,other/liquid crystals/E7/nk/Tkachenko-e.yml,Liquid crystals,,,,False,,,,1.7,,0.532,,,,nan,1.70741291874702,1.7537589161502125,Tkachenko et al. 2006: n(e) 0.532–1.7 µm,Tkachenko-e,False,False,False,,other,False
,,,E44,E44,transparent dielectric,other/liquid crystals/E44/nk/Li-o.yml,Liquid crystals,,,,False,,,,0.656,,0.45,,,,nan,nan,1.5479769242493522,Li et al. 2005: n(o) 0.450–0.656 µm,Li-o,False,False,False,,other,False
,,,E44,E44,transparent dielectric,other/liquid crystals/E44/nk/Li-e.yml,Liquid crystals,,,,False,,,,0.656,,0.45,,,,nan,nan,1.85379670781893,Li et al. 2005: n(e) 0.450–0.656 µm,Li-e,False,False,False,,other,False
,,,MLC-6241-000,MLC-6241-000,transparent dielectric,other/liquid crystals/MLC-6241-000/nk/Li-o.yml,Liquid crystals,,,,False,,,,0.656,,0.45,,,,nan,nan,1.4867666666666675,Li et al. 2005: n(o) 0.450–0.656 µm,Li-o,False,False,False,,other,False
,,,MLC-6241-000,MLC-6241-000,transparent dielectric,other/liquid crystals/MLC-6241-000/nk/Li-e.yml,Liquid crystals,,,,False,,,,0.656,,0.45,,,,nan,nan,1.5769882182594117,Li et al. 2005: n(e) 0.450–0.656 µm,Li-e,False,False,False,,other,False
,,,MLC-6608,MLC-6608,transparent dielectric,other/liquid crystals/MLC-6608/nk/Li-o.yml,Liquid crystals,,,,False,,,,0.656,,0.45,,,,nan,nan,1.4855913580246922,Li et al. 2005: n(o) 0.450–0.656 µm,Li-o,False,False,False,,other,False
,,,MLC-6608,MLC-6608,transparent dielectric,other/liquid crystals/MLC-6608/nk/Li-e.yml,Liquid crystals,,,,False,,,,0.656,,0.45,,,,nan,nan,1.570467901234569,Li et al. 2005: n(e) 0.450–0.656 µm,Li-e,False,False,False,,other,False
,,,MLC-9200-000,MLC-9200-000,transparent dielectric,other/liquid crystals/MLC-9200-000/nk/Li-o.yml,Liquid crystals,,,,False,,,,0.656,,0.45,,,,nan,nan,1.4886419753086428,Li et al. 2005: n(o) 0.450–0.656 µm,Li-o,False,False,False,,other,False
,,,MLC-9200-000,MLC-9200-000,transparent dielectric,other/liquid crystals/MLC-9200-000/nk/Li-e.yml,Liquid crystals,,,,False,,,,0.656,,0.45,,,,nan,nan,1.575224843773815,Li et al. 2005: n(e) 0.450–0.656 µm,Li-e,False,False,False,,other,False
,,,MLC-9200-100,MLC-9200-100,transparent dielectric,other/liquid crystals/MLC-9200-100/nk/Li-o.yml,Liquid crystals,,,,False,,,,0.656,,0.45,,,,nan,nan,1.5051111111111113,Li et al. 2005: n(o) 0.450–0.656 µm,Li-o,False,False,False,,other,False
,,,MLC-9200-100,MLC-9200-100,transparent dielectric,other/liquid crystals/MLC-9200-100/nk/Li-e.yml,Liquid crystals,,,,False,,,,0.656,,0.45,,,,nan,nan,1.6277902758725804,Li et al. 2005: n(e) 0.450–0.656 µm,Li-e,False,False,False,,other,False
,,,TL-216,TL-216,transparent dielectric,other/liquid crystals/TL-216/nk/Li-o.yml,Liquid crystals,,,,False,,,,0.656,,0.45,,,,nan,nan,1.5403509983234263,Li et al. 2005: n(o) 0.450–0.656 µm,Li-o,False,False,False,,other,False
,,,TL-216,TL-216,transparent dielectric,other/liquid crystals/TL-216/nk/Li-e.yml,Liquid crystals,,,,False,,,,0.656,,0.45,,,,nan,nan,1.7805683889650967,Li et al. 2005: n(e) 0.450–0.656 µm,Li-e,False,False,False,,other,False
,,,biodisel,Biodisel,transparent dielectric,other/fuel/biodisel/nk/Wang-20C.yml,Fuel,,,,True,7.993e-08,,,2.5,,0.3,,1.456,,1.431,1.447954942693238,1.5072647428074577,"Wang et al. 2015: 20 °C; n,k 0.300–2.50 µm",Wang-20C,True,False,False,,other,False
,,,biodisel,Biodisel,transparent dielectric,other/fuel/biodisel/nk/Wang-40C.yml,Fuel,,,,True,8.345e-08,,,2.5,,0.3,,1.448,,1.424,1.439954942693238,1.4964117942459663,"Wang et al. 2015: 40 °C; n,k 0.300–2.50 µm",Wang-40C,True,False,False,,other,False
,,,biodisel,Biodisel,transparent dielectric,other/fuel/biodisel/nk/Wang-60C.yml,Fuel,,,,True,2.265e-07,,,2.5,,0.3,,1.442,,1.4207885687868664,1.4349549426932382,1.4685956085441019,"Wang et al. 2015: 60 °C; n,k 0.300–2.50 µm",Wang-60C,True,False,False,,other,False
,,,Leica_Type_F,Leica Type F,error,other/immersion oils/Leica Type F/nk/Wang.yml,Immersion oils,,,ValueError('/home/claude/rii/data/other/immersion oils/Leica Type F/nk/Wang.yml:,,,,,,,,,,,,,,Wang et al. 2017: k 1.2–1.9 µm,Wang,,,,,other,
,,,Olympus_IMMOIL-F30CC,Olympus IMMOIL-F30CC,error,other/immersion oils/Olympus IMMOIL-F30CC/nk/Wang.yml,Immersion oils,,,ValueError('/home/claude/rii/data/other/immersion oils/Olympus IMMOIL-F30CC/nk/W,,,,,,,,,,,,,,Wang et al. 2017: k 1.2–1.9 µm,Wang,,,,,other,
,,,Sigma_Aldrich_M5904,Sigma Aldrich M5904,error,other/immersion oils/Sigma Aldrich M5904/nk/Wang.yml,Immersion oils,,,ValueError('/home/claude/rii/data/other/immersion oils/Sigma Aldrich M5904/nk/Wa,,,,,,,,,,,,,,Wang et al. 2017: k 1.2–1.9 µm,Wang,,,,,other,
,,,Loctite-3526,Loctite 3526,transparent dielectric,other/optical adhesives/Loctite-3526/nk/Iezzi.yml,Optical adhesives,,,,False,,,,1.0,,0.3,,,,nan,1.4962900325258128,1.5371316399663268,Iezzi et al. 2020: n 0.300–1.00 µm,Iezzi,False,False,False,,other,False
,,,Norland_NOA-61,Norland NOA 61,transparent dielectric,other/optical adhesives/NOA-61/nk/Norland.yml,Optical adhesives,,,,False,,,,1.55,,0.45,,,,nan,1.5499106650848864,1.5732938149672306,Norland spec sheet: Cured; n 0.450–1.55 µm,Norland,False,False,False,,other,False
,,,Norland_NOA-61,Norland NOA 61,transparent dielectric,other/optical adhesives/NOA-61/nk/Joseph.yml,Optical adhesives,,,,False,,,,1.688,,0.2458,,,,nan,1.4874021630731025,1.5176799166298192,"Joseph et al. 2020: 1000-nm film, Uncured; n 0.246–1.69 µm",Joseph,False,False,False,,other,False
,,,Norland_NOA-170,Norland NOA 170,transparent dielectric,other/optical adhesives/NOA-170/nk/Iezzi.yml,Optical adhesives,,,,False,,,,1.0,,0.3,,,,nan,1.7251591247927553,1.7867529162653177,Iezzi et al. 2020: n 0.300–1.00 µm,Iezzi,False,False,False,,other,False
,,,Norland_NOA-1348,Norland NOA 1348,transparent dielectric,other/optical adhesives/NOA-1348/nk/Iezzi.yml,Optical adhesives,,,,False,,,,1.0,,0.3,,,,nan,1.359753331809918,1.3750838161228096,Iezzi et al. 2020: n 0.300–1.00 µm,Iezzi,False,False,False,,other,False
,,,Eukitt,Eukitt,transparent dielectric,other/microscopy mounting media/Eukitt/nk/Nyakuchena.yml,Microscopy mounting media,,,,False,,,,1.65,,1.1,,,,nan,1.4793999674107439,nan,Nyakuchena et al. 2023: n 1.10–1.65 µm,Nyakuchena,False,False,False,,other,False
,,,FluorSave,FluorSave,transparent dielectric,other/microscopy mounting media/FluorSave/nk/Nyakuchena.yml,Microscopy mounting media,,,,False,,,,1.65,,1.1,,,,nan,1.3478575537190083,nan,Nyakuchena et al. 2023: n 1.10–1.65 µm,Nyakuchena,False,False,False,,other,False
,,,Microchem85mEL,Microchem 8.5 mEL copolymer resist,transparent dielectric,other/resists/Microchem 8.5 mEL/nk/specs.yml,Resists,,,,False,,,,1.1,,0.2,,,,nan,1.4799618886102481,1.4958819938400545,Spec sheet: n 0.2–1.1 µm,specs,False,False,False,,other,False
,,,Microchem495,Microchem 495 PMMA resist,transparent dielectric,other/resists/Microchem 495/nk/specs.yml,Resists,,,,False,,,,1.1,,0.2,,,,nan,1.496770324793135,1.5192916462845956,Spec sheet: n 0.2–1.1 µm,specs,False,False,False,,other,False
,,,Microchem950,Microchem 950 PMMA resist,transparent dielectric,other/resists/Microchem 950/nk/specs.yml,Resists,,,,False,,,,1.1,,0.2,,,,nan,1.4928894702571844,1.5120817209388595,Spec sheet: n 0.2–1.1 µm,specs,False,False,False,,other,False
,,,Microchem_SU8_2000,Microchem SU-8 2000,transparent dielectric,other/resists/Microchem SU-8 2000/nk/specs.yml,Resists,,,,False,,,,0.8,,0.32,,,,nan,1.578779296875,1.6209874076950714,Spec sheet: n 0.32–0.80 µm,specs,False,False,False,,other,False
,,,Microchem_SU8_3000,Microchem SU-8 3000,transparent dielectric,other/resists/Microchem SU-8 3000/nk/specs.yml,Resists,,,,False,,,,1.7,,0.32,,,,nan,1.5632962054326218,1.6070327507862134,Spec sheet: n 0.32–1.7 µm,specs,False,False,False,,other,False
,,,microresistEpoClad,Micro resist EpoClad,transparent dielectric,other/resists/Micro resist EpoClad/nk/specs.yml,Resists,,,,False,,,,1.55,,0.45,,,,nan,1.5723029452460957,1.6053162627648225,Spec sheet: n 0.45–1.55 µm,specs,False,False,False,,other,False
,,,microresistEpoCore,Micro resist EpoCore,transparent dielectric,other/resists/Micro resist EpoCore/nk/specs.yml,Resists,,,,False,,,,1.55,,0.45,,,,nan,1.5849649971148043,1.6207486663618351,Spec sheet: n 0.45–1.55 µm,specs,False,False,False,,other,False
,,,microresist_ma-N405_ma-T1050,"Micro resist ma-N 405 : ma-T 1050, 1:1",transparent dielectric,"other/resists/Micro resist ma-N 405, ma-T 1050/nk/Sarkar.yml",Resists,,,,True,0.002291,,,1.69,,0.375,,1.644935,,nan,1.6274062447837123,1.6312635847073969,"Sarkar et al. 2019: n,k 0.375–1.69 µm",Sarkar,False,False,False,,other,False
,,,microresist_ma-N1407,Micro resist ma-N 1407,transparent dielectric,other/resists/Micro resist ma-N 1407/nk/Sarkar.yml,Resists,,,,True,-0.007408124999999997,,,1.688,,0.3014,,1.676171875,,nan,1.6581545576769898,1.7135680494188512,"Sarkar et al. 2019: n,k 0.301–1.69 µm",Sarkar,False,False,False,,other,False
,,,Nanoscribe_IP-S,Nanoscribe IP-S,error,other/resists/Nanoscribe IP-S/nk/Mavrona-uncured.yml,Resists,,,range outside 0.2-30 um,,,,,,,,,,,,,,"Mavrona et al. 2023: Uncured; n,k 200–998 µm",Mavrona-uncured,,,,,other,
,,,Nanoscribe_IP-S,Nanoscribe IP-S,error,other/resists/Nanoscribe IP-S/nk/Mavrona-cured.yml,Resists,,,range outside 0.2-30 um,,,,,,,,,,,,,,"Mavrona et al. 2023: Cured; n,k 200–998 µm",Mavrona-cured,,,,,other,
,,,Nanoscribe_IP-Dip,Nanoscribe IP-Dip,error,other/resists/Nanoscribe IP-Dip/nk/Mavrona-uncured.yml,Resists,,,range outside 0.2-30 um,,,,,,,,,,,,,,"Mavrona et al. 2023: Uncured; n,k 200–998 µm",Mavrona-uncured,,,,,other,
,,,Nanoscribe_IP-Dip,Nanoscribe IP-Dip,error,other/resists/Nanoscribe IP-Dip/nk/Mavrona-cured.yml,Resists,,,range outside 0.2-30 um,,,,,,,,,,,,,,"Mavrona et al. 2023: Cured; n,k 200–998 µm",Mavrona-cured,,,,,other,
,,,CH3NH3PbBr3,"CH3NH3PbBr3 (Methylammonium lead tribromide, MAPbBr3)",transparent dielectric,other/perovskite/CH3NH3PbBr3/nk/Ishteev.yml,Perovskite,,,,True,0.0,,,3.3,,0.29,,2.1302,,nan,nan,2.2975344825298225,"Ishteev et al. 2022: n,k 0.290–3.30 µm",Ishteev,False,False,False,,other,False
,,,CH3NH3PbBr3,"CH3NH3PbBr3 (Methylammonium lead tribromide, MAPbBr3)",transparent dielectric,other/perovskite/CH3NH3PbBr3/nk/McCleese.yml,Perovskite,,,,True,1e-06,,,2.5,,0.2,,2.21485,,2.002494619844198,2.087948184103501,2.3186973325848825,"McCleese et al. 2024: n,k 0.200–2.50 µm",McCleese,False,False,False,,other,False
,,,CH3NH3PbCl3,"CH3NH3PbCl3 (Methylammonium lead tribromide, MAPbCl3)",transparent dielectric,other/perovskite/CH3NH3PbCl3/nk/Brennan.yml,Perovskite,,,,True,1e-06,,,2.5,,0.2,,1.91926,,1.8334164132294655,1.874369248594552,2.1239322075053106,"Brennan et al. 2024: n,k 0.200–2.50 µm",Brennan,False,False,False,,other,False
,,,CH3NH3PbI3,"CH3NH3PbI3 (Methylammonium lead iodide, MAPbI3)",other,other/perovskite/CH3NH3PbI3/nk/Leguy.yml,Perovskite,,,,True,0.1288,,,0.789,,0.249,,2.7157,,nan,nan,nan,"Leguy et al. 2015: n,k 0.249–0.789 µm",Leguy,False,False,False,,other,False
,,,CH3NH3PbI3,"CH3NH3PbI3 (Methylammonium lead iodide, MAPbI3)",other,other/perovskite/CH3NH3PbI3/nk/Leguy-hydrated.yml,Perovskite,,,,True,nan,,,0.427,,0.207,,nan,,nan,nan,nan,"Leguy et al. 2015: Hydrated; n,k 0.249–0.427 µm",Leguy-hydrated,False,False,False,,other,False
,,,CH3NH3PbI3,"CH3NH3PbI3 (Methylammonium lead iodide, MAPbI3)",absorber (visible),other/perovskite/CH3NH3PbI3/nk/Ball.yml,Perovskite,,,,True,0.48282,,,0.899,,0.301,,2.51479,,nan,nan,nan,"Ball et al. 2015: n,k 0.3–0.9 µm",Ball,False,False,False,,other,False
,,,CH3NH3PbI3,"CH3NH3PbI3 (Methylammonium lead iodide, MAPbI3)",absorber (visible),other/perovskite/CH3NH3PbI3/nk/Phillips.yml,Perovskite,,,,True,0.3658987535620265,,,1.501320923,,0.300009583,,2.446037351199387,,nan,nan,nan,"Phillips et al. 2015: n,k 0.3–1.5 µm",Phillips,False,False,False,,other,False
,,,Cs2AgBiBr6,"Cs2AgBiBr6 (Cesium silver bismuth bromide, CABB)",transparent dielectric,other/perovskite/Cs2AgBiBr6/nk/Jobsis.yml,Perovskite,,,,True,0.009942,,,1.698,,0.3,,2.099563,,nan,1.9592101011751177,nan,"Jöbsis et al. 2021: n,k 0.300–1.70 µm",Jobsis,False,False,False,,other,False
,,,CsPbBr3,CsPbBr3 (Cesium lead tribromide),transparent dielectric,other/perovskite/CsPbBr3/nk/Ermolaev-o.yml,Perovskite,,,,True,0.0,,,0.949,,0.5,,2.28456,,nan,2.1512012570511008,2.4510053987847384,"Ermolaev et al. 2023: n,k(o) 0.500–0.949 µm",Ermolaev-o,False,False,False,,other,False
,,,CsPbBr3,CsPbBr3 (Cesium lead tribromide),transparent dielectric,other/perovskite/CsPbBr3/nk/Ermolaev-e.yml,Perovskite,,,,True,0.0,,,0.949,,0.5,,2.04469,,nan,1.9771715372620717,2.1125,"Ermolaev et al. 2023: n,k(e) 0.500–0.949 µm",Ermolaev-e,False,False,False,,other,False
,,,CsPbBr3,CsPbBr3 (Cesium lead tribromide),transparent dielectric,other/perovskite/CsPbBr3/nk/Brennan.yml,Perovskite,,,,True,5e-06,,,2.5,,0.2,,2.108721,,1.9854087446303128,2.032074916723812,2.2088122223548576,"Brennan et al. 2024: n,k 0.200–2.50 µm",Brennan,False,False,False,,other,False
,,,CsPbCl3,CsPbCl3 (Cesium lead trichloride),transparent dielectric,other/perovskite/CsPbCl3/nk/Ermolaev-o.yml,Crystal,,,,True,0.0,,,0.8,,0.4,,1.89716,,nan,1.88235,2.1505288175769337,"Ermolaev et al. 2023: n,k(o) 0.400–0.800 µm",Ermolaev-o,False,False,False,,other,False
,,,CsPbCl3,CsPbCl3 (Cesium lead trichloride),transparent dielectric,other/perovskite/CsPbCl3/nk/Ermolaev-e.yml,Crystal,,,,True,0.0,,,0.8,,0.4,,1.86881,,nan,1.85155,1.91815,"Ermolaev et al. 2023: n,k(e) 0.400–0.800 µm",Ermolaev-e,False,False,False,,other,False
,,,CsPbCl3,CsPbCl3 (Cesium lead trichloride),transparent dielectric,other/perovskite/CsPbCl3/nk/Zhang.yml,Thin film,,,,True,8.2e-05,,,1.69,,0.2,,1.78951,,nan,1.7527063839936878,1.8245348724063812,"Zhang et al. 2023: n,k 0.193–1.69 µm",Zhang,False,False,False,,other,False
,,,CsPbI3,CsPbI3 (Cesium lead triiodide),transparent dielectric,other/perovskite/CsPbI3/nk/Aftenieva.yml,Perovskite,,,,True,0.074572,,,1.2,,0.3,,2.064619,,nan,1.9665449826954722,1.9856235003434408,"Aftenieva et al. 2023: n,k 0.300–1.20 µm",Aftenieva,False,False,False,,other,False
,,,CsPb_BrCl_3,"CsPb(Br,Cl)3 (Cesium lead tribromide - Cesium lead trichloride)",transparent dielectric,"other/perovskite/CsPb(Br,Cl)3/nk/Ermolaev-Br1.3Cl1.7-o.yml",Perovskite,,,,True,nan,,,0.5,,0.455,,nan,,nan,nan,2.2593567566745034,"Ermolaev et al. 2023: Br-1.3, Cl-1.7; n,k(o) 0.455–0.500 µm",Ermolaev-Br1.3Cl1.7-o,False,False,False,,other,False
,,,CsPb_BrCl_3,"CsPb(Br,Cl)3 (Cesium lead tribromide - Cesium lead trichloride)",transparent dielectric,"other/perovskite/CsPb(Br,Cl)3/nk/Ermolaev-Br1.3Cl1.7-e.yml",Perovskite,,,,True,nan,,,0.5,,0.455,,nan,,nan,nan,2.25544,"Ermolaev et al. 2023: Br-1.3, Cl-1.7; n,k(e) 0.455–0.500 µm",Ermolaev-Br1.3Cl1.7-e,False,False,False,,other,False
,,,CsPb_BrCl_3,"CsPb(Br,Cl)3 (Cesium lead tribromide - Cesium lead trichloride)",transparent dielectric,"other/perovskite/CsPb(Br,Cl)3/nk/Ermolaev-Br1.8Cl1.2-o.yml",Perovskite,,,,True,0.0,,,0.7,,0.464,,2.14805,,nan,nan,2.349117138977424,"Ermolaev et al. 2023: Br-1.8, Cl-1.2; n,k(o) 0.464–0.700 µm",Ermolaev-Br1.8Cl1.2-o,False,False,False,,other,False
,,,CsPb_BrCl_3,"CsPb(Br,Cl)3 (Cesium lead tribromide - Cesium lead trichloride)",transparent dielectric,"other/perovskite/CsPb(Br,Cl)3/nk/Ermolaev-Br1.8Cl1.2-e.yml",Perovskite,,,,True,0.0,,,0.7,,0.464,,2.05707,,nan,nan,2.24377,"Ermolaev et al. 2023: Br-1.8, Cl-1.2; n,k(e) 0.464–0.700 µm",Ermolaev-Br1.8Cl1.2-e,False,False,False,,other,False
,,,2D_HOIP,2D HOIP (Hybrid organic-inorganic perovskite),transparent dielectric,other/perovskite/2D HOIP/nk/Song-RP1.yml,Perovskite,,,,True,3.250501882057714e-05,,,1.68702,,0.370914,,2.2229672710163113,,nan,2.0606241729123442,2.5552072097981746,"Song et al. 2021: PR1; n,k 0.371–1.69 µm",Song-RP1,False,False,False,,other,False
,,,2D_HOIP,2D HOIP (Hybrid organic-inorganic perovskite),transparent dielectric,other/perovskite/2D HOIP/nk/Song-RP2.yml,Perovskite,,,,True,0.0,,,1.68702,,0.370914,,2.5943367001254702,,nan,2.190293589085764,2.713724084478383,"Song et al. 2021: PR2; n,k 0.371–1.69 µm",Song-RP2,False,False,False,,other,False
,,,2D_HOIP,2D HOIP (Hybrid organic-inorganic perovskite),absorber (visible),other/perovskite/2D HOIP/nk/Song-RP3.yml,Perovskite,,,,True,0.5824567063989966,,,1.68702,,0.370914,,2.3923418193224593,,nan,nan,nan,"Song et al. 2021: PR3; n,k 0.371–1.69 µm",Song-RP3,False,False,False,,other,False
,,,2D_HOIP,2D HOIP (Hybrid organic-inorganic perovskite),other,other/perovskite/2D HOIP/nk/Song-RP4.yml,Perovskite,,,,True,0.26652370138017567,,,1.68702,,0.370914,,2.535781104140527,,nan,nan,nan,"Song et al. 2021: PR4; n,k 0.371–1.69 µm",Song-RP4,False,False,False,,other,False
,,,2D_HOIP,2D HOIP (Hybrid organic-inorganic perovskite),transparent dielectric,other/perovskite/2D HOIP/nk/Song-RP5.yml,Perovskite,,,,True,0.2508865683814303,,,1.68702,,0.370914,,2.5352425784190715,,nan,2.34476902322965,2.4043453819322687,"Song et al. 2021: PR5; n,k 0.371–1.69 µm",Song-RP5,False,False,False,,other,False
,,,2D_HOIP,2D HOIP (Hybrid organic-inorganic perovskite),other,other/perovskite/2D HOIP/nk/Song-DJ1.yml,Perovskite,,,,True,0.025470200752823084,,,1.68702,,0.370914,,2.327396323713927,,nan,nan,nan,"Song et al. 2021: DJ1; n,k 0.371–1.69 µm",Song-DJ1,False,False,False,,other,False
,,,2D_HOIP,2D HOIP (Hybrid organic-inorganic perovskite),other,other/perovskite/2D HOIP/nk/Song-DJ2.yml,Perovskite,,,,True,0.02260659974905897,,,1.68702,,0.370914,,2.4980191279799246,,nan,nan,nan,"Song et al. 2021: DJ2; n,k 0.371–1.69 µm",Song-DJ2,False,False,False,,other,False
,,,2D_HOIP,2D HOIP (Hybrid organic-inorganic perovskite),absorber (visible),other/perovskite/2D HOIP/nk/Song-DJ3.yml,Perovskite,,,,True,0.36772429109159366,,,1.68702,,0.370914,,2.3914003701380175,,nan,2.2231199962739505,2.3392389927971613,"Song et al. 2021: DJ3; n,k 0.371–1.69 µm",Song-DJ3,False,False,False,,other,False
,,,2D_HOIP,2D HOIP (Hybrid organic-inorganic perovskite),transparent dielectric,other/perovskite/2D HOIP/nk/Song-DJ4.yml,Perovskite,,,,True,0.24865220828105394,,,1.68702,,0.370914,,2.4977378230865748,,nan,2.2802731998680437,2.3482762595744773,"Song et al. 2021: DJ4; n,k 0.371–1.69 µm",Song-DJ4,False,False,False,,other,False
,,,CdSe-ZnCdS,CdSe/ZnCdS (Cadmium selenide / zinc cadmium sulfide core/shell),transparent dielectric,other/quantum dots/CdSe-ZnCdS/nk/Aftenieva.yml,Quantum dots,,,,True,0.033086,,,1.2,,0.35,,1.675566,,nan,1.6256287577334028,1.6404812740513317,"Aftenieva et al. 2023: n,k 0.350–1.20 µm",Aftenieva,False,False,False,,other,False
,,,TherminolVP-1,Therminol VP-1,error,other/heat transfer fluids/Therminol VP-1/nk/Otanicar.yml,Heat transfer fluids,,,ValueError('/home/claude/rii/data/other/heat transfer fluids/Therminol VP-1/nk/O,,,,,,,,,,,,,,Otanicar et al. 2009: k 0.2–1.5 µm,Otanicar,,,,,other,
,,,blood,Blood,transparent dielectric,other/human body/blood/nk/Rowe.yml,Whole blood,,,,True,,,,14.987155,,2.0006,,,,1.3002392629379504,nan,nan,"Rowe et al. 2017: n,k 2–15 µm",Rowe,False,False,False,,other,False
,,,blood,Blood,transparent dielectric,other/human body/blood/nk/Liu.yml,Whole blood,,,,False,,,,0.75,,0.4,,,,nan,nan,1.3614180608303637,Liu et al. 2019: n 0.400–0.750 µm,Liu,False,False,False,,other,False
,,,blood,Blood,transparent dielectric,other/human body/blood/nk/Liu-serum.yml,Blood components,,,,False,,,,0.75,,0.4,,,,nan,nan,1.358965546875,Liu et al. 2019: Serum; n 0.400–0.750 µm,Liu-serum,False,False,False,,other,False
,,,blood,Blood,transparent dielectric,other/human body/blood/nk/Liu-plasma.yml,Blood components,,,,False,,,,0.75,,0.4,,,,nan,nan,1.3592391796874999,Liu et al. 2019: Plasma; n 0.400–0.750 µm,Liu-plasma,False,False,False,,other,False
,,,adipose_tissue,Adipose tissue (body fat),transparent dielectric,other/human body/adipose tissue/nk/Yanina.yml,Human body,,,,False,,,,1.55,,0.475,,,,nan,1.460429167949898,1.4749420577120693,"Yanina et al. 2019: n,k 0.475–1.55 µm",Yanina,False,False,False,,other,False
,,,liver,Liver,other,other/human body/liver/nk/Giannios.yml,Human body,,,,True,0.0034846,,,1.551,,0.45,,1.3776277777777777,,nan,nan,nan,"Giannios et al. 2017: n,k 0.45–1.551 µm",Giannios,False,False,False,,other,False
,,,colon,Colon,other,other/human body/colon/nk/Giannios-mucosa.yml,Human body,,,,True,0.0050692,,,1.551,,0.45,,1.3424835650123457,,nan,nan,nan,"Giannios et al. 2017: Mucosa; n,k 0.45–1.551 µm",Giannios-mucosa,False,False,False,,other,False
,,,colon,Colon,other,other/human body/colon/nk/Giannios-submucosa.yml,Human body,,,,True,0.0050692,,,1.551,,0.45,,1.3362960079753086,,nan,nan,nan,"Giannios et al. 2017: Submucosa; n,k 0.45–1.551 µm",Giannios-submucosa,False,False,False,,other,False
,,,colon,Colon,other,other/human body/colon/nk/Giannios-serosa.yml,Human body,,,,True,0.0050692,,,1.551,,0.45,,1.349047512234568,,nan,nan,nan,"Giannios et al. 2017: Serosa; n,k 0.45–1.551 µm",Giannios-serosa,False,False,False,,other,False
,,,DNA,DNA,transparent dielectric,other/human body/DNA/nk/Inagaki.yml,Human body,,,,True,0.0,,,0.6199,,0.2,,1.5816048387096775,,nan,nan,1.6164516841166623,"Inagaki et al. 1974: n,k 0.015–0.62 µm",Inagaki,False,False,False,,other,False
,,,acetylene_soot,Acetylene soot,absorber (visible),other/soots/acetylene soot/nk/Dalzell.yml,Soots,,,,True,0.45,,,10.0,,0.4358,,1.565,,nan,nan,nan,"Dalzell and Sarofim 1969: n,k 0.4358–10 µm",Dlazell,False,False,False,,other,False
,,,propane_soot,Propanee soot,absorber (visible),other/soots/propane soot/nk/Dalzell.yml,Soots,,,,True,0.525,,,10.0,,0.4358,,1.5650000000000002,,nan,nan,nan,"Dalzell and Sarofim 1969: n,k 0.4358–10 µm",Dlazell,False,False,False,,other,False
,,,diesel_soot,Diesel soot,other,other/soots/diesel soot/nk/Querry-NMSU.yml,Soots,,,,True,0.283,,,30.0,,0.26,,1.632,,nan,nan,nan,"Querry 1987: Sample 1; n,k 0.260–55.6 µm",Querry-NMSU,False,False,False,,other,False
,,,diesel_soot,Diesel soot,other,other/soots/diesel soot/nk/Querry-NMSU-heated.yml,Soots,,,,True,0.253,,,30.0,,0.26,,1.522,,nan,nan,nan,"Querry 1987: Sample 1, heated; n,k 0.260–55.6 µm",Querry-NMSU-heated,False,False,False,,other,False
,,,diesel_soot,Diesel soot,other,other/soots/diesel soot/nk/Querry-UMKC.yml,Soots,,,,True,,,,30.0,,2.5,,,,nan,nan,nan,"Querry 1987: Sample 2; n,k 2.50–55.6 µm",Querry-UMKC,False,False,False,,other,False
,1.319070694093777,,montmorillonite,Montmorillonite,phonon polariton,other/clays/montmorillonite/nk/Querry.yml,Clays,0.833486304833619,8.687263390339668,,True,,,,30.0,,2.5,9.36137339027282,,8,1.426,nan,nan,"Querry 1987: n,k 2.5–200 µm",Querry,False,True,False,"(8.741535066030258, 21.035483818225817)",other,False
,3.342400899307783,,kaolinite,Kaolinite,phonon polariton,other/clays/kaolinite/nk/Querry.yml,Clays,0.49559397438067243,8.796145791505564,,True,,,,30.0,,2.5,9.478704794553355,,8,1.362,nan,nan,"Querry 1987: n,k 2.5–200 µm",Querry,False,True,False,"(8.851097684900967, 20.904885365304917)",other,False
,0.0975431358184889,,illite,Illite,phonon polariton,other/clays/illite/nk/Querry.yml,Clays,1.0042225102977431,8.906392877584413,,True,,,,30.0,,2.5,9.478704794553355,,4,1.3690366230523667,nan,nan,"Querry 1987: n,k 2.5–200 µm",Querry,False,True,False,"(8.962033514239076, 18.571979997017767)",other,False
,,,Bombyx_mori,Bombyx mori (silkworm) silk,transparent dielectric,other/silk/Bombyx mori/nk/Bucciarelli-FPP_FA_Ex.yml,Silk,,,,False,,,,1.5,,0.4,,,,nan,1.5438343092793645,1.57596875,"Bucciarelli et al. 2018: Photocrosslinkable fibroin film, crosslinked; n 0.4–1.5 µm",Bucciarelli-FPP_FA_Ex,True,False,False,,other,False
,,,Bombyx_mori,Bombyx mori (silkworm) silk,transparent dielectric,other/silk/Bombyx mori/nk/Bucciarelli-FPP_FA_Unex.yml,Silk,,,,False,,,,1.5,,0.4,,,,nan,1.5405548873990906,1.576125,"Bucciarelli et al. 2018: Photocrosslinkable fibroin film, uncrosslinked; n 0.4–1.5 µm",Bucciarelli-FPP_FA_Unex,True,False,False,,other,False
,,,Bombyx_mori,Bombyx mori (silkworm) silk,transparent dielectric,other/silk/Bombyx mori/nk/Bucciarelli-rSF_FA.yml,Silk,,,,False,,,,1.5,,0.4,,,,nan,1.5362757468640582,1.57309375,"Bucciarelli et al. 2018: Pure fibroin film, formed using formic acid; n 0.4–1.5 µm",Bucciarelli-rSF_FA,False,False,False,,other,False
,,,Bombyx_mori,Bombyx mori (silkworm) silk,transparent dielectric,other/silk/Bombyx mori/nk/Bucciarelli-rSF_H2O.yml,Silk,,,,False,,,,1.5,,0.4,,,,nan,1.5401684518565926,1.5676875,"Bucciarelli et al. 2018: Pure fibroin film, formed using water; n 0.4–1.5 µm",Bucciarelli-rSF_H2O,False,False,False,,other,False
,,,Bombyx_mori,Bombyx mori (silkworm) silk,transparent dielectric,other/silk/Bombyx mori/nk/Bucciarelli-SPP_FA_Ex.yml,Silk,,,,False,,,,1.5,,0.4,,,,nan,1.5342947769824906,1.577125,"Bucciarelli et al. 2018: Photocrosslinkable sericin film, crosslinked; n 0.4–1.5 µm",Bucciarelli-SPP_FA_Ex,True,False,False,,other,False
,,,Bombyx_mori,Bombyx mori (silkworm) silk,transparent dielectric,other/silk/Bombyx mori/nk/Bucciarelli-SPP_FA_Unex.yml,Silk,,,,False,,,,1.5,,0.4,,,,nan,1.5355887129364112,1.5734374999999998,"Bucciarelli et al. 2018: Photocrosslinkable sericin film, uncrosslinked; n 0.4–1.5 µm",Bucciarelli-SPP_FA_Unex,True,False,False,,other,False
,,,Bombyx_mori,Bombyx mori (silkworm) silk,transparent dielectric,other/silk/Bombyx mori/nk/Bucciarelli-SN_FA.yml,Silk,,,,False,,,,1.5,,0.4,,,,nan,1.5469930503379339,1.583421875,Bucciarelli et al. 2018: Sericin film; n 0.4–1.5 µm,Bucciarelli-SN_FA,False,False,False,,other,False
,,,Bombyx_mori,Bombyx mori (silkworm) silk,transparent dielectric,other/silk/Bombyx mori/nk/Perotto.yml,Silk,,,,True,0.000202415,,,1.7,,0.3,,1.560074074074074,,nan,1.5556309214718864,1.5763749560040354,Perotto et al. 2017: Native fibroin film; n 0.3–1.7 µm,Perotto,False,False,False,,other,False
,,,Bombyx_mori,Bombyx mori (silkworm) silk,transparent dielectric,other/silk/Bombyx mori/nk/Perotto-uncrystallized.yml,Silk,,,,True,5.47218e-05,,,1.7,,0.3,,1.5450907407407406,,nan,1.5354169785884506,1.572352613533516,Perotto et al. 2017: Uncrystallized fibroin film; n 0.3–1.7 µm,Perotto-uncrystallized,True,False,False,,other,False
,,,Bombyx_mori,Bombyx mori (silkworm) silk,transparent dielectric,other/silk/Bombyx mori/nk/Perotto-crystallized.yml,Silk,,,,True,0.000176202,,,1.7,,0.3,,1.549482098765432,,nan,1.5408447375433905,1.5754903216742453,Perotto et al. 2017: Crystallized fibroin film; n 0.3–1.7 µm,Perotto-crystallized,True,False,False,,other,False
,,,Antheraea_mylitta,Antheraea mylitta silk,transparent dielectric,other/silk/Antheraea mylitta/nk/Perotto.yml,Silk,,,,True,0.000103929,,,1.695,,0.3,,1.5326376543209876,,nan,1.5267328920073209,1.5539497074940016,Perotto et al. 2017: Fibroin film; n 0.3–1.695 µm,Perotto,False,False,False,,other,False
,,,Samia_ricini,Samia ricini (eri silkworm) silk,transparent dielectric,other/silk/Samia ricini/nk/Perotto.yml,Silk,,,,True,0.000975089,,,1.695,,0.3,,1.4912191358024691,,nan,1.4840281698137365,1.4913220519897215,Perotto et al. 2017: Fibroin film; n 0.3–1.695 µm,Perotto,False,False,False,,other,False
,,,Antheraea_assamensis,Antheraea assamensis silk,transparent dielectric,other/silk/Antheraea assamensis/nk/Perotto.yml,Silk,,,,True,0.000548937,,,1.695,,0.3,,1.5179814814814816,,nan,1.5116365883284968,1.5242736435343105,Perotto et al. 2017: Fibroin film; n 0.3–1.695 µm,Perotto,False,False,False,,other,False
,,,PBS,Phosphate Buffered Saline (PBS),transparent dielectric,other/buffer solutions/PBS/nk/Barroso.yml,Buffer solutions,,,,False,,,,1.1,,0.5,,,,nan,1.3308603590466377,1.3366843307228524,Barroso et al. 2019: DPBS; n 0.5–1.1 µm,Barroso,False,False,False,,other,False
,,,PBS,Phosphate Buffered Saline (PBS),transparent dielectric,other/buffer solutions/PBS/nk/Barroso-EDTA-BSA.yml,Buffer solutions,,,,False,,,,1.1,,0.5,,,,nan,1.3309539950750422,1.3375070093274277,Barroso et al. 2019: DPBS with EDTA and BSA; n 0.5–1.1 µm,Barroso-EDTA-BSA,False,False,False,,other,False
,,,PBS,Phosphate Buffered Saline (PBS),transparent dielectric,other/buffer solutions/PBS/nk/Janeiro.yml,Buffer solutions,,,,True,,,,1.62,,1.5,,,,nan,1.3366059214860009,nan,"Janeiro et al. 2019: 10x solution; n 1.50–1.62 µm, k 1.15–1.80 µm",Janeiro,False,False,False,,other,False
,,,BME,"Basal Medium Eagle (BME, DMEM)",transparent dielectric,other/buffer solutions/BME/nk/Barroso.yml,Buffer solutions,,,,False,,,,1.1,,0.5,,,,nan,1.332411294333531,1.3389174731849607,Barroso et al. 2019: DMEM; n 0.5–1.1 µm,Barroso,False,False,False,,other,False
,,,BME,"Basal Medium Eagle (BME, DMEM)",transparent dielectric,other/buffer solutions/BME/nk/Barroso-FBS.yml,Buffer solutions,,,,False,,,,1.1,,0.5,,,,nan,1.3313882572566855,1.3377312884133346,Barroso et al. 2019: DMEM with 10% FBS; n 0.5–1.1 µm,Barroso-FBS,False,False,False,,other,False
,,,BME,"Basal Medium Eagle (BME, DMEM)",transparent dielectric,other/buffer solutions/BME/nk/Barroso-HEPES-FBS.yml,Buffer solutions,,,,False,,,,1.1,,0.5,,,,nan,1.3329047525487148,1.3393935194706597,Barroso et al. 2019: DMEM with HEPES and FBS; n 0.5–1.1 µm,Barroso-HEPES-FBS,False,False,False,,other,False
,,,metamaterials,Metamaterials,transparent dielectric,other/exotic/metamaterials/nk/Valentine.yml,Exotic stuff,,,,False,,,,1.775,,1.2,,,,nan,0.66,nan,Valentine et al. 2008: Metamaterial; n 1.200–1.775 µm,Valentine,False,False,False,,other,False
